student_id,attendance_pct,study_hours_week,assignment_score,internal_marks,prev_sem_cgpa,activity_score,final_exam_marks
S00001,85.0,13.3,50.5,65.0,7.92,15.4,59.1
S00002,78.6,15.9,58.1,65.7,7.84,33.9,64.37
S00003,86.5,13.8,48.2,65.8,6.38,43.3,60.01
S00004,95.2,18.8,59.5,80.6,8.2,58.0,62.95
S00005,77.7,26.4,52.9,65.2,5.71,75.5,62.11
S00006,77.7,12.6,47.0,63.4,6.71,68.9,60.65
S00007,95.8,25.0,40.9,59.8,5.1,31.4,62.14
S00008,87.7,12.5,64.6,74.3,9.37,47.6,62.61
S00009,75.3,12.1,55.5,69.4,7.22,56.5,61.56
S00010,85.4,23.7,52.0,74.3,10.0,49.8,75.88
S00011,75.4,24.5,49.3,63.5,8.46,49.6,57.83
S00012,75.3,24.0,66.3,70.7,8.04,20.5,54.44
S00013,82.4,8.8,49.2,65.2,6.8,31.9,65.71
S00014,60.9,14.7,41.6,56.3,6.24,46.9,51.91
S00015,62.8,23.8,48.0,55.4,8.13,0.0,53.24
S00016,74.4,18.3,44.1,60.6,7.41,67.8,55.51
S00017,69.9,10.5,40.7,51.3,5.89,27.5,48.14
S00018,83.1,21.2,54.4,62.5,5.68,68.7,67.63
S00019,70.9,13.0,44.3,61.2,6.35,67.0,44.87
S00020,65.9,30.6,62.0,69.5,9.69,44.1,67.39
S00021,94.7,28.8,78.0,83.1,10.0,75.0,92.62
S00022,77.7,22.2,50.0,59.7,7.75,69.9,67.42
S00023,80.7,27.5,57.6,67.9,7.68,48.8,71.86
S00024,65.8,18.5,52.8,55.5,7.1,46.6,58.42
S00025,74.6,23.4,43.2,53.3,6.38,76.9,59.86
S00026,81.1,28.3,61.7,69.1,9.15,59.6,68.88
S00027,68.5,19.7,67.2,67.1,9.75,75.9,64.39
S00028,83.8,16.2,47.4,56.7,6.43,7.2,59.63
S00029,74.0,6.1,52.7,61.4,7.4,57.0,51.03
S00030,77.1,17.4,48.6,50.5,6.96,23.5,56.3
S00031,74.0,23.8,61.4,62.5,7.0,54.5,64.26
S00032,98.5,24.6,54.1,74.0,8.92,69.3,86.27
S00033,79.9,21.5,48.8,65.9,5.93,89.8,60.9
S00034,69.4,14.2,40.6,55.1,8.06,36.2,60.24
S00035,88.2,4.2,48.7,62.8,8.37,44.5,60.83
S00036,67.8,14.5,42.6,54.8,7.33,53.1,52.45
S00037,82.1,15.9,53.7,57.6,8.57,35.5,52.91
S00038,60.4,15.8,38.9,55.9,7.68,74.6,52.99
S00039,66.7,22.3,53.4,67.4,8.96,53.6,68.94
S00040,82.0,31.9,54.3,68.8,5.67,57.4,59.23
S00041,87.4,18.9,44.1,74.8,7.08,67.4,68.65
S00042,81.7,16.5,48.1,55.7,7.41,53.6,66.29
S00043,78.8,16.2,56.8,51.1,4.29,38.6,53.5
S00044,77.0,18.9,49.5,63.0,6.2,53.7,63.76
S00045,65.2,12.2,32.0,46.4,6.52,37.9,46.68
S00046,72.8,18.8,45.2,56.5,8.64,57.2,62.51
S00047,75.4,21.2,50.5,59.4,6.65,74.9,69.15
S00048,90.6,19.5,53.4,62.8,6.52,31.5,52.03
S00049,83.4,21.2,53.5,76.7,8.48,24.4,61.52
S00050,62.4,21.0,55.1,67.8,5.56,56.0,65.05
S00051,83.2,5.6,57.5,51.1,5.01,39.6,58.96
S00052,76.1,22.5,49.4,54.4,7.07,55.6,50.91
S00053,73.2,13.3,48.6,52.1,5.76,61.4,61.8
S00054,86.1,10.3,52.0,57.1,5.81,12.1,37.52
S00055,90.3,10.3,61.2,66.3,8.19,68.8,67.61
S00056,89.3,21.0,55.2,69.7,8.55,31.6,67.89
S00057,71.6,16.4,63.6,65.2,8.45,54.6,58.39
S00058,76.9,6.2,51.1,55.8,8.83,41.8,50.83
S00059,83.3,21.3,61.1,67.0,8.99,44.0,63.66
S00060,89.8,7.9,44.2,64.0,4.95,88.9,53.76
S00061,75.2,19.0,51.8,61.8,8.04,61.4,73.23
S00062,78.1,19.7,51.8,60.2,6.86,73.1,65.67
S00063,68.9,24.2,40.9,48.0,6.6,58.0,63.74
S00064,68.0,30.5,42.6,58.2,8.17,67.4,61.01
S00065,88.1,8.4,44.1,61.6,5.42,63.3,55.19
S00066,93.6,17.6,44.5,63.5,5.4,60.1,52.83
S00067,79.3,16.1,56.8,70.7,8.26,77.1,63.08
S00068,90.0,21.0,60.4,66.0,8.09,58.1,64.36
S00069,83.6,19.5,54.2,60.3,7.66,100.0,67.74
S00070,73.5,15.5,55.1,66.1,6.44,74.2,55.0
S00071,83.6,14.9,54.9,71.3,8.39,32.2,57.75
S00072,95.4,10.2,48.0,65.4,8.32,51.5,63.71
S00073,79.6,24.9,53.1,70.1,7.6,62.9,65.88
S00074,95.6,21.2,60.6,63.8,6.09,55.9,61.16
S00075,53.8,24.4,33.4,42.7,6.99,68.7,45.68
S00076,88.2,15.8,56.3,61.4,8.51,70.9,60.33
S00077,80.9,13.4,59.2,70.9,9.09,27.8,68.06
S00078,77.0,10.5,63.6,66.2,7.11,80.6,63.2
S00079,80.9,20.5,59.5,64.4,7.2,45.1,58.61
S00080,60.1,10.7,44.1,48.8,7.31,43.1,44.18
S00081,77.8,30.9,59.6,81.8,7.83,43.0,64.6
S00082,83.6,8.8,36.8,54.1,6.8,71.2,50.24
S00083,94.8,19.9,40.4,64.0,4.03,49.7,57.95
S00084,74.8,29.0,62.2,70.9,8.93,41.7,64.65
S00085,71.9,22.2,58.4,66.7,9.65,46.5,79.19
S00086,75.0,19.2,50.5,67.6,6.77,19.1,62.01
S00087,89.2,11.2,49.1,65.3,6.22,38.2,56.74
S00088,83.3,8.3,49.6,61.2,7.34,30.2,55.54
S00089,74.7,23.4,52.1,68.7,7.27,49.6,54.54
S00090,85.1,28.5,54.2,83.5,8.69,68.3,66.52
S00091,81.0,14.9,50.3,59.2,7.57,66.1,67.31
S00092,89.7,10.0,42.2,61.5,6.55,80.1,66.77
S00093,73.0,1.0,36.2,46.4,5.92,75.7,30.94
S00094,76.7,11.1,59.3,61.6,8.54,44.4,62.32
S00095,76.1,17.2,51.7,59.0,8.22,55.4,68.4
S00096,65.4,29.2,58.6,75.0,8.77,54.3,66.6
S00097,83.0,22.7,51.7,54.2,6.34,12.0,67.07
S00098,82.6,20.1,57.9,74.4,9.71,30.7,72.61
S00099,80.1,15.2,38.9,49.6,5.41,51.7,53.88
S00100,77.7,13.9,50.3,72.1,8.35,51.5,59.82
S00101,65.8,27.8,45.1,53.0,5.21,65.2,56.81
S00102,75.8,19.4,51.9,59.1,6.55,64.3,56.34
S00103,76.6,3.3,52.8,71.4,9.37,19.6,58.45
S00104,72.0,13.3,55.1,68.0,8.5,65.4,62.45
S00105,78.4,12.0,38.7,58.1,6.84,58.6,50.95
S00106,84.0,14.2,55.5,68.3,6.88,67.5,49.87
S00107,98.9,21.9,52.6,65.4,7.62,76.3,67.2
S00108,81.7,17.2,60.1,72.4,8.12,52.1,59.19
S00109,82.6,17.5,60.2,69.8,9.0,79.9,61.04
S00110,79.3,27.2,41.9,62.3,6.95,37.2,56.92
S00111,60.8,13.1,43.4,52.1,5.57,36.1,52.22
S00112,79.7,31.0,62.6,65.7,7.69,63.6,63.45
S00113,80.6,13.3,56.7,66.7,6.95,47.6,54.2
S00114,100.0,18.6,49.0,64.7,5.94,60.2,67.18
S00115,78.1,16.0,53.1,57.7,7.86,94.9,56.83
S00116,83.0,18.9,56.7,65.5,7.24,62.9,56.67
S00117,79.7,21.1,58.5,67.8,7.87,59.2,70.19
S00118,68.3,21.0,48.8,60.5,6.43,37.6,55.61
S00119,91.4,12.7,53.1,55.7,8.08,21.0,59.27
S00120,87.5,10.1,53.1,63.5,5.92,53.5,55.55
S00121,87.9,35.5,62.9,69.9,6.51,76.3,76.04
S00122,70.9,14.6,46.5,61.6,7.21,48.5,59.65
S00123,94.0,22.9,59.4,76.2,9.59,63.0,72.91
S00124,66.0,6.7,42.9,53.7,8.44,83.5,43.35
S00125,85.9,16.0,65.3,72.2,8.79,83.0,70.92
S00126,100.0,17.1,68.6,81.3,9.2,63.6,72.53
S00127,70.1,21.3,57.5,73.3,10.0,58.4,72.73
S00128,74.3,1.0,44.1,50.8,7.55,24.6,41.47
S00129,81.0,19.2,47.3,64.2,9.2,42.4,61.04
S00130,75.0,10.0,51.2,70.0,8.72,49.4,50.31
S00131,64.5,20.3,44.6,57.3,8.7,38.0,61.92
S00132,80.7,10.7,57.4,70.6,9.63,60.0,71.31
S00133,69.4,12.0,52.7,52.4,7.0,93.2,52.45
S00134,84.7,16.1,45.2,52.3,6.9,85.4,57.07
S00135,70.8,10.6,49.6,54.0,7.88,59.9,49.58
S00136,95.5,14.7,61.0,67.4,7.28,70.6,61.49
S00137,72.2,9.6,49.6,64.6,7.88,40.4,59.57
S00138,76.8,5.2,49.6,68.5,9.38,84.3,56.54
S00139,88.1,25.1,55.1,58.3,6.93,23.8,65.9
S00140,67.7,8.9,50.2,53.9,7.13,73.3,52.61
S00141,82.3,16.7,54.6,69.2,7.71,64.9,67.96
S00142,93.1,23.3,56.8,69.7,7.23,39.9,64.75
S00143,63.9,13.7,46.0,58.5,5.2,50.8,56.64
S00144,81.8,12.2,51.9,65.0,6.8,32.3,68.25
S00145,82.6,19.6,48.6,63.9,8.32,33.2,51.67
S00146,87.8,25.8,65.8,76.0,9.23,23.2,71.85
S00147,67.6,9.8,47.4,53.4,6.11,70.4,50.17
S00148,66.8,16.9,36.2,46.3,6.11,79.1,46.21
S00149,85.2,5.9,36.4,61.2,7.54,11.8,53.51
S00150,83.0,15.2,38.4,57.4,5.01,91.8,61.35
S00151,82.5,18.2,50.7,65.3,6.97,54.8,49.15
S00152,83.5,12.0,51.1,60.2,5.42,60.8,43.16
S00153,73.2,14.8,48.6,57.9,9.14,25.6,67.46
S00154,82.3,8.1,50.3,62.3,6.58,81.4,55.1
S00155,82.9,18.5,41.7,65.3,9.48,59.0,63.95
S00156,72.9,25.4,57.3,78.1,8.84,77.8,63.68
S00157,98.7,10.3,50.5,59.1,6.72,79.4,60.57
S00158,84.7,13.6,60.9,61.6,6.21,81.7,69.13
S00159,68.1,21.5,37.6,46.8,7.27,42.0,56.04
S00160,86.6,26.5,56.2,68.0,7.37,50.8,68.7
S00161,70.3,7.5,35.8,44.2,7.92,42.8,36.79
S00162,87.9,16.8,48.0,68.4,6.57,72.9,66.28
S00163,91.6,20.0,48.7,73.6,8.4,61.7,67.39
S00164,71.8,17.3,64.2,65.9,7.82,76.4,59.95
S00165,89.6,1.0,46.3,54.8,7.09,77.3,56.95
S00166,84.1,21.5,50.6,55.9,6.65,20.5,53.59
S00167,88.2,28.6,57.0,66.6,7.28,82.0,73.47
S00168,99.0,18.8,48.3,69.4,6.52,74.0,72.47
S00169,77.5,10.8,55.7,59.1,7.57,47.6,57.92
S00170,72.5,14.4,52.9,70.8,7.6,62.0,57.6
S00171,71.1,30.4,59.7,75.1,7.81,52.5,65.6
S00172,71.8,24.4,50.7,66.5,9.62,67.3,68.72
S00173,79.2,22.5,59.6,65.0,7.34,47.6,61.55
S00174,83.4,20.5,63.6,69.6,8.71,64.6,82.92
S00175,82.8,13.4,50.9,71.7,7.78,56.3,53.01
S00176,88.3,16.6,58.7,64.8,7.21,46.4,62.08
S00177,80.1,17.5,53.2,68.6,7.36,58.8,63.74
S00178,94.5,21.8,47.9,67.3,7.43,100.0,68.73
S00179,77.4,28.6,54.5,70.6,7.84,41.3,63.64
S00180,100.0,25.8,54.2,66.0,6.35,50.0,74.94
S00181,86.3,8.1,46.1,55.9,5.74,41.6,55.94
S00182,71.4,19.6,58.5,65.6,8.29,43.7,66.86
S00183,69.3,23.2,43.9,57.5,8.58,71.3,56.85
S00184,84.8,22.3,54.9,75.4,8.39,69.3,66.6
S00185,77.8,13.6,45.7,56.2,7.69,54.9,59.17
S00186,87.1,38.4,58.7,72.1,8.42,75.5,70.45
S00187,84.7,9.1,48.4,70.3,8.36,70.9,64.78
S00188,79.3,10.4,52.8,69.9,8.45,51.8,59.67
S00189,71.5,19.6,50.1,66.7,6.47,24.3,63.71
S00190,64.9,32.8,50.3,49.7,6.18,71.6,57.85
S00191,75.5,12.1,48.7,59.9,7.03,58.4,66.57
S00192,88.6,16.1,57.8,68.7,7.48,55.4,66.63
S00193,82.1,25.5,68.5,69.3,7.21,45.7,71.57
S00194,67.5,17.9,42.4,53.3,5.25,69.9,47.8
S00195,81.7,15.7,64.2,71.2,9.57,62.0,69.36
S00196,83.9,22.0,59.3,68.9,7.17,50.3,62.14
S00197,71.2,19.9,61.3,82.7,7.71,30.5,55.74
S00198,81.5,25.2,62.6,74.7,8.99,76.4,71.12
S00199,80.6,27.0,41.6,58.0,4.69,67.1,65.41
S00200,68.6,20.1,49.3,62.7,6.89,60.1,58.02
S00201,83.6,20.0,53.9,66.1,7.04,1.9,58.5
S00202,85.6,19.5,57.9,61.9,7.1,54.2,61.26
S00203,90.8,21.4,50.5,58.6,7.29,50.2,76.41
S00204,90.5,18.4,68.2,76.8,9.24,42.6,74.92
S00205,66.2,18.0,50.4,59.3,8.31,70.1,49.61
S00206,70.6,26.4,60.4,58.7,8.65,69.3,62.84
S00207,85.2,28.6,59.0,78.8,7.56,63.7,69.41
S00208,85.1,7.4,46.1,57.8,5.82,75.8,49.3
S00209,85.2,18.1,47.6,65.8,5.0,34.6,57.36
S00210,100.0,13.2,55.1,55.1,5.66,45.9,55.26
S00211,85.7,15.8,66.2,78.9,7.93,56.5,64.83
S00212,91.4,20.8,44.4,62.4,7.54,42.6,63.25
S00213,89.5,22.7,58.9,76.3,7.25,69.5,60.13
S00214,86.5,17.2,52.7,66.1,7.06,44.6,48.62
S00215,76.8,4.6,53.2,67.4,9.91,81.0,67.91
S00216,87.6,11.2,35.1,58.1,6.51,36.4,57.78
S00217,72.3,24.3,58.6,65.6,8.61,97.6,70.09
S00218,77.6,1.0,45.4,53.4,7.5,95.6,53.59
S00219,75.1,26.3,48.0,60.6,7.43,53.1,61.11
S00220,80.8,21.6,58.0,62.7,8.91,77.9,85.28
S00221,100.0,27.2,64.5,77.9,9.26,47.0,77.97
S00222,61.3,16.6,34.7,46.9,7.21,75.3,66.21
S00223,86.9,3.6,53.1,57.5,8.46,51.5,68.72
S00224,63.9,21.0,53.0,63.2,7.94,29.3,61.49
S00225,75.3,26.9,50.2,63.7,7.51,0.0,59.8
S00226,90.9,24.5,59.7,73.3,7.75,49.6,69.85
S00227,80.6,13.4,49.0,63.6,6.67,60.6,55.23
S00228,69.2,18.6,54.2,59.7,7.13,81.6,62.44
S00229,72.8,14.3,46.1,52.4,6.8,55.7,57.64
S00230,86.8,12.3,60.4,71.6,8.58,75.1,58.49
S00231,72.7,24.7,49.8,47.4,7.39,45.9,74.0
S00232,82.2,9.6,57.3,61.0,5.94,48.3,51.01
S00233,80.5,11.7,45.1,61.9,6.63,76.1,40.33
S00234,73.5,10.3,32.1,49.7,3.66,5.7,40.92
S00235,100.0,7.6,52.5,63.8,6.91,55.3,52.86
S00236,86.3,19.0,50.1,54.0,7.55,47.0,59.9
S00237,59.7,26.1,40.6,41.5,7.34,82.2,55.51
S00238,81.9,16.7,63.8,76.7,9.88,44.4,71.6
S00239,73.4,7.5,30.5,50.5,8.19,65.3,55.78
S00240,88.5,23.9,54.1,79.9,8.14,73.4,64.94
S00241,72.1,29.8,39.4,48.0,5.53,25.1,52.52
S00242,78.9,13.5,49.9,62.4,7.06,52.2,61.5
S00243,85.0,14.7,37.7,66.0,6.92,46.4,53.0
S00244,88.7,21.6,56.3,68.1,6.56,73.9,54.47
S00245,68.0,29.4,53.1,53.3,6.54,68.5,64.87
S00246,76.7,14.4,33.7,64.2,5.33,50.3,48.4
S00247,75.3,8.7,44.3,62.1,5.97,34.1,47.05
S00248,73.5,22.4,57.8,66.1,8.55,75.8,66.76
S00249,97.7,23.6,64.3,79.0,7.33,53.6,72.37
S00250,84.0,18.0,42.7,64.2,6.89,22.6,63.67
S00251,67.4,14.1,37.4,56.5,7.49,24.4,43.49
S00252,89.2,25.0,70.2,71.3,8.9,63.8,87.35
S00253,100.0,21.7,54.3,73.2,7.51,29.5,59.39
S00254,90.3,12.6,52.3,74.4,8.15,92.2,63.53
S00255,64.8,18.3,48.4,58.4,6.48,36.3,48.8
S00256,75.2,8.5,38.5,55.3,6.76,55.0,50.8
S00257,92.7,22.8,57.1,68.9,7.92,58.2,68.76
S00258,72.9,16.2,61.6,65.1,9.77,40.4,64.78
S00259,84.4,15.0,49.1,58.9,9.22,10.2,61.03
S00260,87.7,17.8,53.5,71.8,8.2,58.8,73.58
S00261,70.7,18.3,43.2,56.8,7.68,39.9,56.73
S00262,79.4,24.3,54.3,62.6,9.18,57.3,75.0
S00263,47.6,22.1,53.6,62.4,8.45,52.6,47.38
S00264,69.8,16.9,48.9,50.8,4.75,60.3,38.42
S00265,77.5,23.3,50.8,56.9,6.24,86.2,61.83
S00266,67.5,20.8,53.6,59.7,7.91,44.1,61.44
S00267,96.3,15.0,52.7,63.0,5.36,45.6,56.19
S00268,65.7,17.1,40.3,54.8,6.42,21.7,50.42
S00269,75.6,17.0,49.4,55.1,6.66,51.1,62.56
S00270,81.3,21.5,44.9,66.6,7.19,63.2,66.1
S00271,94.4,15.4,48.8,68.0,7.16,45.3,60.13
S00272,65.6,15.3,45.4,53.0,7.15,63.3,54.67
S00273,91.6,31.8,56.5,73.3,8.49,51.4,78.27
S00274,80.1,24.6,45.6,60.0,7.18,29.0,52.9
S00275,70.2,12.7,41.8,55.0,7.04,61.2,47.83
S00276,84.6,22.0,56.8,72.3,5.88,50.9,69.42
S00277,82.0,18.8,66.0,70.5,8.73,57.5,57.65
S00278,74.0,20.7,48.5,60.6,6.69,43.7,51.52
S00279,80.7,19.0,52.2,58.2,6.2,41.9,50.75
S00280,76.1,26.3,50.9,67.2,7.76,58.1,70.61
S00281,81.1,20.4,38.0,58.6,6.58,50.4,50.52
S00282,86.6,17.6,46.7,69.0,6.87,89.5,67.79
S00283,95.9,25.3,58.2,69.1,7.81,71.0,69.03
S00284,67.6,19.6,48.6,61.7,7.11,65.9,68.94
S00285,100.0,18.9,65.3,86.6,10.0,51.5,77.09
S00286,60.5,20.2,45.0,53.3,7.41,14.5,58.96
S00287,78.5,17.3,50.2,63.3,8.24,38.8,63.18
S00288,85.9,18.1,49.0,60.7,5.17,42.1,54.28
S00289,82.8,13.9,40.4,55.8,6.47,49.5,54.08
S00290,73.8,12.7,49.5,58.0,6.2,54.3,53.99
S00291,77.9,11.0,42.3,58.8,6.35,68.1,50.88
S00292,75.1,8.3,61.5,64.4,8.0,60.5,64.21
S00293,74.1,11.8,50.3,61.8,8.74,78.2,74.59
S00294,88.5,16.8,52.6,68.5,7.91,48.8,64.38
S00295,83.6,18.7,49.2,61.4,7.23,60.1,65.3
S00296,73.1,16.1,44.3,55.0,6.74,61.9,58.01
S00297,89.0,1.5,57.3,63.1,8.84,59.9,43.15
S00298,83.1,29.0,63.7,76.6,9.99,80.6,79.52
S00299,88.1,25.6,63.3,75.0,7.66,71.1,74.37
S00300,86.3,21.1,61.1,70.9,8.63,28.6,59.94
S00301,71.7,31.4,55.2,62.5,7.91,52.7,55.59
S00302,74.4,11.2,53.2,62.4,8.41,54.7,60.88
S00303,87.5,31.2,61.4,71.9,6.1,98.0,81.97
S00304,86.1,11.2,54.0,64.4,6.91,48.4,56.48
S00305,79.8,19.7,55.7,77.7,7.97,35.4,63.11
S00306,81.2,9.1,56.6,63.6,8.95,63.8,74.78
S00307,92.8,18.1,46.1,62.6,6.52,64.9,66.74
S00308,74.1,20.7,59.3,64.6,5.06,53.5,51.76
S00309,85.5,16.9,54.8,61.6,6.9,50.6,56.5
S00310,78.0,23.0,60.5,79.8,8.71,74.0,83.7
S00311,77.8,18.7,45.8,57.0,5.6,37.9,50.76
S00312,91.0,14.3,36.2,60.0,6.09,48.2,52.15
S00313,88.3,14.0,52.3,66.0,7.69,44.6,65.33
S00314,88.1,23.7,56.3,74.1,7.36,76.9,67.53
S00315,93.1,13.4,51.8,62.7,8.21,60.7,65.5
S00316,80.2,24.4,44.7,67.3,6.03,33.7,61.75
S00317,86.8,26.6,53.6,68.8,7.11,35.7,65.22
S00318,76.9,6.3,56.5,68.2,8.93,92.5,68.41
S00319,83.2,25.9,58.8,62.7,6.07,76.7,57.75
S00320,78.7,32.4,62.5,76.1,9.27,71.8,76.08
S00321,81.0,19.8,45.7,54.6,6.22,55.2,53.64
S00322,86.0,22.2,56.1,76.1,8.52,85.2,80.37
S00323,71.8,25.3,51.2,55.3,7.05,32.9,58.06
S00324,100.0,16.1,54.7,68.5,6.13,70.1,76.0
S00325,69.9,19.3,50.3,57.3,6.9,46.1,54.2
S00326,67.9,8.8,44.9,48.8,8.15,50.0,51.61
S00327,91.6,19.0,59.0,65.6,7.49,69.5,72.92
S00328,87.9,21.5,62.3,76.0,8.84,52.1,64.93
S00329,86.2,21.6,57.9,67.8,9.22,46.3,77.2
S00330,86.3,25.5,41.7,57.0,6.08,45.1,59.86
S00331,79.9,12.6,40.5,56.8,5.99,15.3,53.26
S00332,71.0,14.3,53.0,62.1,5.93,70.3,59.25
S00333,80.8,31.3,43.1,64.5,6.42,34.9,62.49
S00334,73.2,16.9,61.6,67.8,8.83,92.2,61.05
S00335,89.8,19.4,47.1,67.5,8.17,49.2,64.78
S00336,78.5,17.5,44.9,59.7,6.85,81.2,46.68
S00337,71.7,12.2,45.5,52.3,7.49,18.8,43.66
S00338,76.8,29.4,70.4,77.5,9.19,69.6,74.41
S00339,84.1,14.3,59.2,66.5,9.79,74.8,76.03
S00340,74.4,10.1,47.6,62.3,7.81,81.1,66.22
S00341,71.8,14.8,33.5,47.5,4.31,24.4,50.71
S00342,82.4,4.0,52.7,51.6,7.86,40.9,43.71
S00343,82.4,13.4,51.7,70.5,8.62,66.5,64.98
S00344,74.9,11.2,47.9,57.1,7.77,58.0,50.36
S00345,75.3,22.3,52.5,62.3,8.37,60.9,63.13
S00346,82.3,13.3,56.9,71.1,7.93,47.8,67.98
S00347,65.5,24.2,49.8,56.2,6.02,86.0,62.34
S00348,65.9,27.8,42.4,58.8,6.44,100.0,68.12
S00349,72.8,23.5,46.7,56.7,7.11,57.1,50.75
S00350,77.9,16.5,50.5,68.8,8.78,64.1,56.99
S00351,83.1,19.0,51.7,64.0,6.58,56.1,69.91
S00352,94.8,7.3,60.3,72.3,8.05,80.7,73.96
S00353,88.6,17.1,56.7,67.9,7.86,71.6,65.48
S00354,78.4,12.0,42.3,70.1,9.4,33.7,59.13
S00355,79.8,22.9,58.0,76.5,7.45,42.7,73.36
S00356,70.0,36.0,40.3,44.9,5.39,34.8,60.06
S00357,79.8,21.5,51.2,70.4,8.28,100.0,70.88
S00358,77.1,4.1,55.6,60.9,10.0,67.7,53.36
S00359,83.2,15.5,54.3,69.4,8.35,43.1,69.85
S00360,71.7,18.9,52.3,50.8,6.55,41.5,54.06
S00361,85.2,18.6,46.3,62.6,6.2,71.1,51.6
S00362,95.3,12.9,45.9,58.3,6.36,73.1,54.14
S00363,78.9,19.7,57.6,68.6,9.9,71.0,64.62
S00364,84.0,9.3,55.3,61.4,7.11,46.5,66.14
S00365,86.9,11.4,53.5,59.7,6.7,61.1,54.02
S00366,76.0,22.5,52.3,59.8,7.31,57.2,63.75
S00367,82.2,10.9,57.4,62.3,7.12,36.3,45.05
S00368,80.1,21.8,65.8,73.2,9.38,36.5,75.02
S00369,81.0,8.4,50.5,60.5,6.28,63.2,49.98
S00370,72.3,30.4,50.8,75.9,8.92,58.9,71.95
S00371,80.2,12.6,55.6,59.7,7.65,66.1,61.82
S00372,85.0,16.4,56.2,70.2,8.95,70.8,70.34
S00373,94.5,20.3,60.5,79.7,9.4,85.0,76.32
S00374,89.6,14.0,50.0,61.6,7.6,39.5,71.34
S00375,100.0,19.0,56.2,59.7,7.12,67.6,66.95
S00376,72.3,22.0,47.5,51.2,7.58,70.0,72.37
S00377,88.7,24.7,57.5,58.8,7.39,48.8,69.33
S00378,81.8,23.5,47.4,67.5,5.51,57.4,62.58
S00379,100.0,16.8,64.6,81.4,9.36,49.3,78.53
S00380,71.9,17.0,53.6,66.1,7.79,97.2,63.6
S00381,71.6,34.4,48.7,65.7,6.1,57.1,67.23
S00382,74.0,24.6,40.5,51.0,5.02,64.0,56.88
S00383,58.8,11.5,23.3,50.4,4.71,49.7,42.67
S00384,74.7,18.7,58.1,68.4,8.42,45.4,76.18
S00385,72.4,15.7,47.3,57.3,6.76,29.0,67.58
S00386,81.5,17.1,49.6,67.5,6.95,77.0,63.54
S00387,83.4,9.4,59.2,70.3,8.09,70.4,69.97
S00388,98.8,15.1,47.2,72.3,6.88,49.0,70.36
S00389,89.5,30.7,61.2,81.4,8.16,37.0,80.7
S00390,74.2,22.1,46.2,59.1,7.61,58.6,63.33
S00391,71.0,1.0,47.7,56.4,7.4,45.0,52.8
S00392,84.9,26.5,37.2,52.9,5.61,50.6,61.17
S00393,66.8,25.6,52.4,51.6,6.52,29.7,52.49
S00394,98.3,15.5,63.6,79.0,8.22,59.3,69.96
S00395,91.8,23.0,49.2,70.5,6.68,59.7,58.36
S00396,75.3,12.0,53.6,54.7,8.95,76.9,62.75
S00397,62.9,14.7,48.0,57.8,10.0,52.0,60.45
S00398,93.5,28.5,64.4,77.0,8.29,48.3,78.68
S00399,78.9,16.1,61.5,71.2,9.29,23.9,59.93
S00400,92.4,4.9,48.3,75.1,8.36,77.0,67.52
S00401,64.1,17.6,37.5,48.7,6.86,72.9,54.61
S00402,74.0,17.4,57.4,63.7,7.74,55.6,74.56
S00403,80.1,26.4,73.6,82.4,9.92,28.4,80.08
S00404,80.5,18.1,53.4,61.5,6.87,30.7,55.37
S00405,75.5,15.0,49.5,55.8,6.25,44.1,46.32
S00406,86.2,25.3,50.2,60.9,6.14,74.3,64.94
S00407,69.3,18.8,49.5,60.4,7.24,60.8,51.94
S00408,78.6,12.7,48.5,57.5,6.3,25.1,48.89
S00409,81.2,26.1,59.9,76.6,9.51,63.1,66.75
S00410,85.1,19.4,62.9,72.3,7.76,38.2,62.75
S00411,87.1,18.0,58.8,56.4,8.67,44.6,72.44
S00412,68.8,19.2,49.9,50.4,7.14,74.4,50.98
S00413,64.7,10.5,40.1,47.5,6.13,70.3,45.29
S00414,92.8,14.3,49.7,67.7,5.93,76.9,52.54
S00415,83.3,18.0,57.1,61.4,6.41,54.5,50.49
S00416,72.5,16.6,51.6,63.8,7.92,72.7,58.8
S00417,95.5,26.9,62.4,78.8,8.12,43.3,74.91
S00418,81.2,19.5,56.2,70.3,8.22,49.8,58.13
S00419,91.8,24.0,50.0,61.5,5.71,48.5,53.19
S00420,80.7,18.1,43.9,55.0,7.5,55.5,46.74
S00421,100.0,25.4,66.1,68.1,6.27,29.3,69.87
S00422,97.6,20.8,66.1,91.1,7.98,50.5,80.3
S00423,77.5,18.1,60.6,69.9,8.07,84.0,57.4
S00424,89.7,17.9,44.3,70.0,6.09,33.1,55.68
S00425,86.5,11.3,64.1,67.3,8.66,28.4,69.5
S00426,93.7,21.5,76.6,89.8,10.0,30.0,76.81
S00427,70.4,17.7,58.4,63.0,8.5,100.0,63.38
S00428,86.9,14.5,62.4,68.7,7.3,64.3,66.47
S00429,90.6,25.7,61.3,70.2,7.12,49.6,66.37
S00430,62.4,9.2,38.3,46.2,7.25,56.4,42.51
S00431,68.2,15.0,47.9,51.8,6.59,59.6,54.97
S00432,59.6,25.2,43.0,56.1,7.8,42.2,48.47
S00433,77.3,20.2,44.3,54.7,6.13,44.7,46.01
S00434,87.2,17.7,49.2,60.9,5.23,51.8,53.6
S00435,95.0,19.8,59.0,67.8,7.76,40.5,71.11
S00436,80.7,19.3,55.6,69.3,7.53,47.1,70.3
S00437,96.3,7.4,40.9,58.2,6.81,62.1,52.83
S00438,66.2,15.6,41.7,60.1,5.96,35.1,56.18
S00439,63.0,29.3,54.8,62.8,7.85,100.0,74.21
S00440,79.4,13.4,51.4,59.5,6.31,70.1,57.22
S00441,83.8,15.8,56.9,74.1,7.33,29.6,66.29
S00442,79.7,14.2,58.7,67.3,9.62,5.4,73.34
S00443,59.3,17.4,45.8,54.5,8.28,41.2,49.91
S00444,79.1,13.9,48.6,54.5,5.86,68.7,53.4
S00445,67.0,21.4,42.9,54.9,5.97,64.8,64.27
S00446,86.7,19.4,60.5,66.2,7.68,52.8,59.81
S00447,83.7,23.4,52.5,66.9,5.85,43.0,62.87
S00448,70.6,10.6,39.4,49.3,5.1,36.9,42.31
S00449,74.9,15.6,47.1,65.2,8.14,46.9,67.13
S00450,69.4,16.4,56.3,66.4,7.89,34.8,52.18
S00451,79.4,21.2,57.9,65.2,8.04,47.0,63.92
S00452,89.6,12.4,66.8,68.3,7.82,81.6,59.99
S00453,70.1,24.4,54.1,61.3,7.42,39.6,52.26
S00454,85.0,26.3,57.5,67.8,6.71,67.2,55.78
S00455,74.7,11.1,41.4,59.3,8.12,70.3,54.72
S00456,72.1,14.6,56.0,68.2,9.34,33.4,64.3
S00457,78.9,14.3,46.9,59.3,6.9,38.1,55.73
S00458,69.6,36.4,56.0,60.5,6.28,76.4,68.07
S00459,74.5,15.0,47.4,54.0,6.14,36.5,50.26
S00460,68.0,29.7,55.0,64.5,6.46,53.9,69.0
S00461,99.6,9.1,68.8,71.7,7.74,95.8,72.85
S00462,80.4,11.1,37.6,54.3,4.93,74.6,51.24
S00463,73.0,13.2,55.8,66.2,8.03,56.7,60.96
S00464,82.1,12.1,57.3,74.5,8.27,71.8,61.36
S00465,78.9,16.1,56.6,58.2,5.34,53.9,68.27
S00466,77.8,13.0,50.6,57.5,6.32,75.4,61.08
S00467,86.1,12.3,56.1,54.6,7.6,14.1,56.29
S00468,87.6,26.1,61.5,66.6,7.33,52.2,67.31
S00469,74.7,26.6,60.6,64.0,8.12,13.3,62.17
S00470,74.2,24.6,60.7,69.2,7.33,58.2,63.89
S00471,77.2,21.7,52.1,75.9,9.02,50.3,68.19
S00472,57.0,18.6,41.9,55.1,7.11,82.2,43.63
S00473,64.8,14.5,53.3,61.6,6.32,69.2,53.86
S00474,93.7,11.3,38.5,54.9,6.22,44.5,53.24
S00475,96.4,20.5,60.0,68.3,8.38,46.9,68.93
S00476,77.5,9.8,49.8,59.2,7.54,62.6,57.13
S00477,85.8,11.0,52.9,62.7,8.26,43.5,59.95
S00478,83.1,26.1,67.2,69.8,8.24,54.4,73.12
S00479,100.0,31.3,57.8,71.3,5.08,81.3,70.61
S00480,91.2,20.8,49.9,58.3,6.13,38.4,66.14
S00481,78.7,25.7,46.6,64.7,6.28,46.0,65.11
S00482,70.4,16.3,47.5,54.8,6.52,48.9,67.47
S00483,63.9,8.6,49.8,54.8,7.0,100.0,57.26
S00484,82.0,22.3,58.5,70.8,8.7,67.2,64.11
S00485,72.4,22.0,54.6,64.0,8.94,77.6,64.32
S00486,65.8,18.5,42.8,61.6,7.15,70.4,53.44
S00487,73.5,16.3,51.0,52.4,7.2,71.7,57.07
S00488,69.2,24.7,50.3,66.1,6.65,64.5,67.91
S00489,96.9,11.1,51.0,65.4,7.61,62.3,60.17
S00490,88.8,12.6,59.9,73.5,7.74,26.0,59.55
S00491,79.9,10.9,63.0,69.6,8.47,62.2,66.27
S00492,94.8,18.6,59.9,77.7,8.46,52.8,65.18
S00493,80.8,10.4,43.5,52.8,4.74,65.9,45.19
S00494,71.4,13.2,40.8,56.5,7.32,53.6,55.57
S00495,95.2,13.1,64.5,81.1,9.16,70.3,60.48
S00496,85.4,16.2,54.4,65.4,6.97,73.8,59.47
S00497,69.6,7.6,47.9,66.1,8.87,0.0,58.54
S00498,78.1,18.6,46.2,62.1,7.13,46.3,47.54
S00499,71.2,26.7,63.9,64.6,7.71,17.9,53.73
S00500,66.2,18.9,46.5,53.1,6.14,59.8,45.16
S00501,89.3,28.8,48.8,69.5,6.18,49.0,49.63
S00502,99.1,27.3,68.5,73.7,8.37,82.1,88.45
S00503,66.0,23.4,54.2,67.8,8.56,59.1,64.52
S00504,85.6,18.5,54.4,64.8,7.53,45.3,58.74
S00505,73.5,18.2,51.6,52.3,6.03,73.8,48.56
S00506,75.1,23.3,36.8,58.6,7.55,48.6,71.44
S00507,74.1,15.3,43.2,57.4,9.01,45.0,61.4
S00508,71.4,4.8,60.0,62.8,9.59,62.9,57.72
S00509,80.5,21.4,51.4,60.6,7.12,87.3,70.39
S00510,71.7,10.1,38.6,50.8,5.51,72.1,50.9
S00511,82.7,11.3,45.8,60.7,8.51,66.3,55.92
S00512,79.5,18.0,52.1,65.0,7.17,100.0,59.44
S00513,77.6,17.3,56.5,72.1,8.63,40.4,60.35
S00514,70.9,8.1,56.0,63.8,7.84,39.9,49.41
S00515,74.2,19.2,49.8,68.3,6.44,57.9,66.21
S00516,87.6,24.8,54.9,79.1,7.57,85.3,67.82
S00517,85.0,10.1,58.3,67.8,9.07,36.2,70.23
S00518,70.2,26.9,58.1,59.1,7.32,90.1,59.96
S00519,81.0,7.1,50.6,57.2,6.26,26.2,48.01
S00520,87.5,32.8,57.0,68.1,5.59,52.6,65.41
S00521,63.3,15.1,45.1,64.7,6.57,58.5,48.71
S00522,85.4,19.0,49.1,61.6,7.01,37.3,56.54
S00523,73.4,4.8,42.7,58.5,8.48,42.6,55.2
S00524,85.7,17.6,42.5,55.5,6.15,70.9,64.54
S00525,72.4,19.6,58.3,66.4,9.36,83.8,68.14
S00526,62.0,17.4,44.7,46.0,5.9,12.7,40.6
S00527,63.7,14.1,60.1,59.0,10.0,58.6,57.13
S00528,80.5,11.4,59.8,76.5,9.57,52.7,61.93
S00529,82.6,25.9,62.2,76.1,7.67,57.1,80.25
S00530,71.0,18.2,42.7,51.6,5.52,48.7,57.79
S00531,86.4,28.8,61.8,77.2,7.43,29.2,77.77
S00532,63.4,14.3,38.6,45.2,7.04,85.8,46.38
S00533,79.3,15.0,46.0,56.6,5.97,78.2,48.26
S00534,67.9,23.7,40.3,58.3,7.85,52.9,61.7
S00535,73.5,6.6,43.8,60.4,6.51,45.2,47.76
S00536,80.5,9.5,54.4,62.3,6.64,42.8,57.5
S00537,71.4,25.7,51.6,65.0,7.26,3.3,62.54
S00538,76.2,9.8,50.7,56.6,6.81,62.1,51.98
S00539,90.1,5.3,60.3,73.6,9.99,70.6,71.68
S00540,74.2,31.1,49.1,68.8,6.86,57.8,56.66
S00541,88.4,8.2,52.0,57.1,8.03,53.3,58.53
S00542,68.7,19.3,56.7,68.6,7.67,57.7,65.84
S00543,85.3,18.5,59.4,68.3,7.92,37.9,74.8
S00544,94.4,1.0,49.0,57.1,8.01,45.0,55.63
S00545,55.3,16.1,39.0,51.5,8.56,51.7,59.29
S00546,72.0,21.1,52.9,69.6,7.82,68.9,70.62
S00547,85.8,20.5,51.9,64.2,7.77,82.6,79.28
S00548,78.0,24.3,52.6,66.5,7.57,50.4,66.04
S00549,83.7,15.3,43.1,52.4,7.33,34.1,67.66
S00550,74.0,23.0,54.8,52.9,6.41,55.7,63.8
S00551,80.9,13.2,50.1,56.7,7.43,95.2,50.07
S00552,78.4,8.1,49.8,65.9,7.79,35.8,56.08
S00553,91.7,8.9,49.2,64.9,7.98,72.7,55.23
S00554,82.5,7.8,48.7,66.9,7.72,81.7,67.91
S00555,83.4,25.1,55.2,72.9,7.22,47.8,67.67
S00556,75.9,7.4,43.7,53.0,7.43,41.0,43.07
S00557,75.1,19.9,47.9,67.6,6.84,66.5,65.87
S00558,75.7,16.1,59.7,63.2,7.88,62.1,69.72
S00559,83.9,17.3,41.8,65.2,7.23,68.9,57.74
S00560,75.8,27.5,55.6,71.3,7.72,96.5,66.49
S00561,82.9,14.9,50.9,66.3,8.7,58.3,63.83
S00562,100.0,22.3,64.9,74.5,6.65,31.2,58.46
S00563,88.7,18.3,55.9,71.0,8.22,56.3,70.64
S00564,76.7,16.9,44.6,60.3,7.54,59.8,68.31
S00565,92.0,34.1,66.7,79.8,9.93,80.3,77.85
S00566,75.9,7.9,49.1,56.3,7.24,51.1,64.23
S00567,59.6,27.0,67.9,65.8,8.33,46.8,71.5
S00568,69.9,22.6,37.9,62.3,7.52,27.6,56.26
S00569,61.3,14.6,33.3,38.7,5.83,65.9,49.01
S00570,76.5,29.4,60.6,65.0,6.88,100.0,78.37
S00571,80.2,5.1,42.2,57.6,8.56,50.5,54.46
S00572,96.8,14.3,54.5,66.8,6.98,64.0,66.02
S00573,83.3,9.5,39.6,54.1,4.84,44.0,45.86
S00574,77.8,20.9,48.4,55.5,7.46,29.4,57.57
S00575,88.3,10.2,47.2,65.1,6.19,63.7,61.34
S00576,57.9,21.0,44.9,59.7,7.66,55.6,55.04
S00577,82.4,16.7,64.3,76.2,9.36,7.3,63.39
S00578,87.7,14.6,64.1,71.0,8.42,87.2,74.98
S00579,65.2,20.7,56.6,61.8,9.34,63.3,66.01
S00580,91.4,16.1,51.5,63.6,6.83,56.5,58.66
S00581,83.4,10.4,51.8,63.0,7.33,46.6,68.08
S00582,75.8,37.6,58.0,70.1,6.25,63.1,82.73
S00583,86.3,14.6,56.5,64.7,6.68,64.0,67.29
S00584,100.0,2.5,52.2,66.0,6.39,63.0,50.29
S00585,81.8,12.1,55.3,59.0,5.93,76.4,59.76
S00586,82.5,9.1,51.3,67.0,9.14,80.9,65.5
S00587,75.4,23.8,51.8,57.4,4.99,95.1,50.22
S00588,71.5,20.3,59.4,69.3,9.14,38.3,71.83
S00589,88.3,20.8,56.3,62.8,9.0,43.5,67.64
S00590,71.4,15.4,51.9,64.3,8.1,62.2,66.37
S00591,80.7,16.0,49.5,62.6,6.16,39.4,55.08
S00592,75.2,15.4,43.3,57.2,5.6,42.6,55.42
S00593,84.8,17.4,50.5,58.2,6.84,64.5,63.13
S00594,83.3,23.8,48.0,62.5,8.25,73.0,66.52
S00595,90.4,20.4,51.8,63.0,7.5,80.5,68.32
S00596,74.9,21.5,46.5,60.0,6.25,51.1,56.93
S00597,77.3,21.5,53.1,70.2,8.88,64.3,59.11
S00598,70.2,24.2,52.0,62.8,9.52,59.9,52.78
S00599,75.6,20.0,56.9,70.9,7.23,55.4,59.49
S00600,83.8,20.5,53.8,73.0,7.63,38.7,69.35
S00601,87.6,26.3,64.5,70.0,5.69,36.1,60.23
S00602,70.8,13.3,47.7,59.2,7.0,68.3,61.75
S00603,88.7,12.0,60.9,61.5,8.11,38.3,69.99
S00604,93.6,9.7,53.6,64.9,7.93,19.5,62.42
S00605,84.1,19.3,47.9,56.2,6.89,54.4,58.29
S00606,98.8,5.0,54.3,62.3,7.17,84.1,66.4
S00607,72.3,21.2,56.9,65.7,6.96,0.0,65.8
S00608,67.6,17.2,46.6,60.8,7.17,49.2,54.52
S00609,62.2,25.9,53.4,65.8,8.01,68.5,63.77
S00610,95.0,13.3,49.6,62.8,5.14,18.5,51.13
S00611,86.5,16.6,52.8,68.2,7.41,50.7,64.24
S00612,79.4,25.9,55.4,59.6,7.92,32.2,51.46
S00613,82.8,27.7,47.9,57.3,6.82,34.9,60.12
S00614,68.7,13.2,45.5,54.5,6.92,47.0,47.25
S00615,100.0,19.3,60.8,75.5,6.96,32.5,67.36
S00616,81.3,20.1,53.2,61.7,6.93,30.9,55.32
S00617,81.1,20.6,54.4,58.9,7.51,53.8,50.5
S00618,87.3,16.2,58.5,65.0,7.65,99.5,61.88
S00619,84.8,27.0,49.9,56.7,4.98,70.2,58.4
S00620,82.2,4.8,51.1,54.1,8.28,75.2,62.19
S00621,72.1,15.1,52.2,71.3,7.15,70.9,56.23
S00622,84.7,21.1,62.3,80.8,9.82,41.0,66.65
S00623,98.8,21.2,53.0,57.8,6.07,61.2,56.37
S00624,93.5,27.5,58.8,61.0,6.46,77.0,75.24
S00625,95.9,26.4,58.5,68.5,7.26,71.6,69.46
S00626,74.9,16.0,49.7,54.5,8.0,58.9,59.5
S00627,70.1,27.1,45.9,67.6,5.16,65.4,50.51
S00628,78.7,13.0,48.2,54.8,6.51,100.0,46.35
S00629,80.6,24.5,49.8,67.8,8.21,71.8,61.01
S00630,90.9,30.7,57.9,67.5,6.36,48.7,78.61
S00631,63.1,26.5,65.7,63.5,9.14,53.5,60.08
S00632,95.3,18.7,49.4,71.7,6.96,33.9,59.97
S00633,78.4,15.7,44.7,61.0,6.42,100.0,58.49
S00634,75.7,7.3,66.4,67.1,8.23,87.1,58.03
S00635,69.9,20.2,50.6,76.5,9.43,56.7,68.2
S00636,63.5,10.2,53.9,60.0,8.0,98.6,51.96
S00637,88.2,12.4,56.0,67.4,9.01,67.6,58.15
S00638,80.7,9.7,56.1,77.4,9.51,46.4,80.04
S00639,67.1,14.8,43.1,55.5,6.39,73.1,47.33
S00640,67.0,17.8,54.1,71.1,8.63,63.0,67.22
S00641,76.6,19.9,36.7,53.3,5.67,71.8,48.62
S00642,96.7,13.8,58.4,56.4,8.01,27.6,52.59
S00643,77.4,25.5,51.0,56.3,7.41,38.8,60.78
S00644,65.0,16.5,40.4,62.7,8.99,84.8,50.66
S00645,77.5,12.5,60.6,65.1,8.91,88.9,61.65
S00646,77.3,19.6,41.2,61.6,8.18,83.3,56.39
S00647,53.0,31.7,62.3,69.2,7.86,99.4,75.28
S00648,79.5,20.3,58.2,68.8,8.11,66.5,56.57
S00649,77.7,15.5,42.7,54.7,7.57,65.1,60.55
S00650,87.0,7.3,58.7,66.0,7.43,36.7,60.26
S00651,98.5,16.5,57.9,75.3,9.23,43.4,68.3
S00652,91.3,19.6,57.4,71.4,9.38,15.2,63.02
S00653,77.3,15.3,39.1,50.0,7.33,48.6,54.54
S00654,68.9,6.3,40.8,52.2,7.79,13.8,48.93
S00655,100.0,12.0,52.1,68.2,7.6,76.6,67.0
S00656,80.6,28.2,54.6,56.2,5.57,62.8,60.66
S00657,80.1,28.0,61.1,64.3,7.1,14.5,58.06
S00658,79.8,11.8,48.4,61.2,9.42,51.2,65.07
S00659,82.0,22.7,53.1,54.8,6.6,94.4,62.66
S00660,78.6,9.7,45.6,64.6,10.0,52.5,56.02
S00661,74.3,27.8,59.3,71.2,8.91,35.0,62.42
S00662,74.5,19.7,65.4,66.1,7.98,19.3,68.45
S00663,79.7,24.6,45.4,57.0,8.17,19.9,68.94
S00664,74.6,6.0,37.3,53.5,6.4,65.7,52.08
S00665,72.9,22.7,54.8,65.9,7.18,46.3,65.78
S00666,81.1,17.9,62.7,72.3,9.23,48.0,74.46
S00667,77.5,24.0,45.3,60.4,6.76,46.4,57.58
S00668,95.0,24.4,71.3,83.0,8.77,52.2,89.27
S00669,53.5,18.5,34.4,45.1,5.85,30.5,38.76
S00670,90.9,13.8,59.8,61.8,6.06,61.3,59.33
S00671,92.5,23.5,67.2,79.0,9.78,26.5,69.54
S00672,59.3,17.6,53.3,56.0,7.49,39.9,55.14
S00673,76.6,11.9,49.5,58.8,6.85,75.2,66.67
S00674,76.3,11.6,57.8,71.3,9.14,62.5,61.61
S00675,65.9,7.7,53.4,54.8,8.99,68.7,57.69
S00676,72.2,14.4,58.8,66.5,8.6,98.0,46.28
S00677,68.9,25.7,48.9,53.3,6.82,53.8,61.14
S00678,97.5,19.2,51.3,63.8,7.16,55.4,70.57
S00679,89.4,14.3,54.4,75.4,7.87,49.7,65.21
S00680,92.7,23.6,56.2,74.5,8.33,46.1,63.59
S00681,87.2,12.2,47.0,62.3,6.89,34.8,49.58
S00682,68.7,18.7,59.5,55.7,7.7,56.7,56.13
S00683,74.8,16.7,54.8,62.5,7.82,62.1,53.45
S00684,84.9,23.5,63.4,63.7,9.04,63.2,79.01
S00685,67.8,7.0,54.2,60.5,8.41,56.3,57.81
S00686,87.1,12.0,50.7,54.2,5.69,73.5,64.64
S00687,77.6,6.5,58.2,65.3,7.24,55.6,55.04
S00688,76.3,16.2,34.5,53.8,6.39,46.8,47.44
S00689,87.1,26.5,52.9,63.5,8.18,36.5,62.35
S00690,84.4,14.5,51.5,68.3,8.61,24.0,58.6
S00691,76.4,14.4,42.0,68.6,7.62,84.2,56.5
S00692,91.6,24.1,57.2,69.1,7.18,41.0,74.43
S00693,69.2,25.5,52.4,66.9,7.58,36.5,67.71
S00694,86.2,17.4,66.4,61.2,7.75,46.6,66.06
S00695,85.9,22.8,58.5,70.0,6.73,49.4,55.63
S00696,76.9,10.5,41.4,51.2,6.04,87.8,53.76
S00697,83.3,27.6,51.7,60.5,5.04,48.4,59.49
S00698,67.5,33.0,46.6,67.3,9.02,100.0,77.93
S00699,89.2,21.6,58.6,70.0,8.1,56.3,73.53
S00700,78.2,3.4,48.8,51.5,7.94,96.1,54.78
S00701,74.8,14.1,48.5,70.6,9.02,72.9,49.62
S00702,90.5,22.3,50.9,57.2,5.99,62.2,60.9
S00703,73.0,15.0,38.7,47.3,5.42,86.6,47.01
S00704,65.9,26.9,46.4,60.9,7.96,77.4,64.85
S00705,64.4,22.1,53.8,62.2,7.85,67.7,54.22
S00706,86.1,13.1,52.4,62.6,5.42,100.0,60.72
S00707,67.2,18.2,52.7,61.8,7.93,45.0,45.28
S00708,97.5,11.7,51.3,72.2,7.02,35.1,53.41
S00709,59.2,16.7,38.6,52.4,6.53,41.5,44.06
S00710,97.0,14.1,52.3,61.4,7.1,90.0,60.3
S00711,82.1,26.2,45.2,44.7,4.57,84.0,59.44
S00712,79.0,32.8,49.1,65.0,6.79,44.5,55.67
S00713,74.6,8.0,51.1,65.2,6.65,7.9,48.26
S00714,84.0,4.5,49.9,56.2,8.17,50.9,51.15
S00715,79.6,16.3,55.5,59.1,7.31,34.7,62.9
S00716,91.0,7.4,46.0,65.7,8.27,45.1,57.32
S00717,81.1,18.3,39.2,55.4,4.44,33.9,45.85
S00718,81.5,23.2,56.3,70.7,6.49,22.8,56.45
S00719,76.4,28.5,61.5,78.4,8.17,92.7,69.46
S00720,79.4,19.4,44.0,61.2,7.13,41.3,48.43
S00721,83.1,16.6,57.5,64.0,8.51,83.3,75.0
S00722,62.9,4.2,38.1,41.2,5.33,50.6,40.8
S00723,66.5,18.2,46.5,56.6,8.38,32.4,50.71
S00724,87.4,18.5,54.3,70.7,6.73,65.2,57.74
S00725,81.7,22.5,41.9,57.0,6.62,47.2,51.14
S00726,78.2,13.0,48.0,67.7,8.69,50.9,62.38
S00727,80.2,15.0,59.0,61.1,8.89,57.9,53.02
S00728,83.5,7.7,53.8,67.2,8.74,38.8,58.28
S00729,74.6,2.0,53.3,60.3,9.95,22.6,58.0
S00730,72.2,10.2,50.9,64.9,9.02,54.0,54.87
S00731,82.0,7.0,49.6,57.8,6.55,74.3,48.45
S00732,70.2,20.4,53.9,66.5,7.67,37.0,65.55
S00733,84.1,14.4,55.6,62.6,7.07,58.1,53.58
S00734,63.0,14.2,53.9,63.3,9.93,85.1,59.86
S00735,90.3,11.1,54.7,73.1,8.83,53.2,65.15
S00736,84.7,1.0,44.2,57.4,7.27,56.7,47.82
S00737,82.6,28.6,53.0,69.7,8.55,56.1,62.18
S00738,89.8,11.0,46.0,63.6,6.02,41.4,52.53
S00739,96.7,15.1,53.5,69.0,7.8,35.1,66.03
S00740,90.1,7.8,58.2,56.9,6.37,35.2,51.47
S00741,61.6,24.8,36.3,46.6,5.47,62.4,53.99
S00742,67.2,19.0,57.6,54.7,8.44,70.2,58.99
S00743,73.8,12.2,50.1,60.8,8.59,71.1,55.17
S00744,80.3,15.3,51.7,66.6,8.05,47.4,56.59
S00745,85.2,29.7,59.1,71.0,7.28,76.9,72.42
S00746,72.7,17.5,36.7,59.3,5.98,61.1,60.31
S00747,81.9,16.7,43.3,64.2,6.11,56.4,58.02
S00748,72.4,11.4,36.8,53.0,6.34,0.0,41.24
S00749,73.9,4.7,43.0,42.9,7.22,38.7,53.39
S00750,65.9,16.9,46.0,62.9,8.79,24.6,51.55
S00751,70.8,20.3,61.8,64.1,8.77,67.5,75.25
S00752,66.5,25.7,41.0,57.5,5.52,56.9,54.58
S00753,70.2,2.3,27.5,47.5,6.67,33.6,36.46
S00754,90.5,10.1,48.2,65.2,6.64,61.1,61.66
S00755,70.5,13.9,43.7,53.2,4.46,26.5,45.82
S00756,100.0,18.0,69.9,90.3,8.18,34.1,76.66
S00757,84.9,17.0,51.0,66.7,7.2,40.8,61.47
S00758,81.8,17.1,48.9,56.2,7.36,65.8,51.08
S00759,71.4,20.9,55.2,71.7,9.12,83.0,66.33
S00760,87.0,11.7,55.0,63.8,7.61,43.3,62.93
S00761,74.2,24.5,44.1,66.1,6.98,81.4,63.0
S00762,81.2,21.0,54.0,74.7,8.19,55.9,73.95
S00763,100.0,15.8,60.9,78.5,8.77,59.7,72.91
S00764,79.0,29.2,56.6,62.2,7.86,53.7,65.57
S00765,91.5,28.9,60.6,72.4,8.33,51.1,74.04
S00766,73.0,24.5,45.9,67.0,7.33,63.8,59.31
S00767,79.7,1.0,48.4,68.3,7.4,69.8,56.48
S00768,97.7,29.1,61.0,75.7,7.64,37.3,75.27
S00769,73.7,23.6,49.0,58.8,6.6,51.2,51.78
S00770,98.1,32.0,53.4,65.6,6.82,88.4,76.95
S00771,87.1,26.7,65.7,70.8,9.15,58.5,86.63
S00772,74.4,29.0,55.4,71.9,9.91,60.7,74.42
S00773,86.3,24.2,71.3,82.1,9.41,78.3,64.54
S00774,89.7,27.4,46.1,55.8,5.91,45.0,59.09
S00775,86.2,32.0,57.8,71.8,5.8,54.3,61.1
S00776,64.3,19.5,32.1,55.5,6.07,71.3,49.98
S00777,72.7,7.0,33.4,55.2,7.66,79.8,54.98
S00778,77.5,15.8,37.2,58.2,4.13,7.7,43.91
S00779,79.3,20.7,37.0,58.6,6.79,40.3,67.7
S00780,86.2,18.5,63.6,75.6,9.19,35.0,51.56
S00781,81.8,9.3,53.3,67.0,8.68,52.5,58.7
S00782,66.6,6.6,51.1,62.5,6.89,36.5,53.41
S00783,83.8,12.8,49.1,64.3,6.98,68.3,51.69
S00784,86.1,23.7,59.2,68.5,8.18,58.4,61.93
S00785,85.6,29.1,59.0,75.1,8.62,72.8,77.96
S00786,90.8,24.4,50.2,68.6,6.86,74.1,78.34
S00787,88.3,25.4,53.6,67.0,7.22,68.6,79.61
S00788,84.6,17.4,44.0,65.6,6.82,48.3,57.17
S00789,79.3,5.8,45.6,55.6,5.9,57.1,58.5
S00790,63.4,14.8,43.5,57.7,7.24,45.8,52.23
S00791,84.3,16.2,51.2,66.2,7.14,27.7,65.13
S00792,82.1,14.5,64.0,61.8,5.99,74.1,59.46
S00793,82.7,18.4,52.9,61.7,8.28,53.3,55.92
S00794,67.2,21.1,52.9,58.6,8.08,24.9,68.09
S00795,69.2,24.0,52.9,63.5,8.33,65.7,74.74
S00796,90.5,16.1,58.8,75.4,6.58,50.5,61.95
S00797,79.6,4.7,42.1,51.8,5.12,13.8,50.77
S00798,86.8,14.6,53.1,68.5,8.06,27.5,60.8
S00799,80.3,18.3,63.6,71.4,6.7,41.0,76.39
S00800,80.3,26.6,46.5,59.7,6.43,59.2,52.74
S00801,89.4,14.0,48.0,59.0,5.99,70.8,56.97
S00802,74.8,21.6,56.2,69.3,7.17,70.1,55.24
S00803,81.0,20.0,53.8,71.9,9.39,67.1,58.15
S00804,75.4,18.3,53.6,59.1,6.89,54.3,58.11
S00805,75.7,24.5,46.0,56.9,6.19,89.4,57.66
S00806,76.9,13.4,58.1,66.3,8.28,69.0,56.01
S00807,82.2,14.0,58.0,68.0,7.71,59.4,67.42
S00808,75.2,17.9,42.5,59.7,4.96,66.3,61.98
S00809,92.6,13.5,50.9,70.4,8.29,47.0,66.63
S00810,71.1,21.6,55.7,63.5,10.0,53.9,54.05
S00811,78.1,13.0,40.5,47.4,4.38,13.4,48.26
S00812,75.6,19.6,52.2,61.5,6.02,47.3,59.92
S00813,94.5,17.3,47.9,60.2,4.08,90.2,53.78
S00814,82.0,19.5,56.1,62.0,7.41,58.0,64.77
S00815,90.3,14.8,59.9,77.0,8.69,57.1,64.84
S00816,65.1,15.6,52.4,48.0,7.63,75.0,50.31
S00817,82.7,18.7,56.9,71.7,9.17,62.2,60.33
S00818,88.9,19.4,59.2,63.9,8.5,39.3,70.74
S00819,80.8,18.0,58.6,75.2,9.54,55.5,75.76
S00820,90.7,29.9,60.6,74.5,8.89,32.3,72.56
S00821,74.8,11.1,53.0,63.9,7.02,58.7,62.63
S00822,94.1,17.6,62.4,70.3,7.58,38.2,75.59
S00823,100.0,7.0,58.8,74.6,6.46,73.6,63.93
S00824,76.4,20.6,46.4,51.2,7.22,44.8,56.56
S00825,75.5,10.2,50.7,64.7,7.57,38.5,58.82
S00826,94.5,16.1,62.1,68.5,7.4,52.7,60.87
S00827,95.8,15.4,69.9,80.2,9.11,62.3,76.08
S00828,74.8,20.0,40.9,59.5,7.1,30.9,57.02
S00829,75.8,14.1,46.3,50.2,6.38,44.6,44.69
S00830,77.2,13.8,45.7,62.4,6.46,57.1,47.97
S00831,66.6,28.1,63.1,70.0,8.29,81.8,63.0
S00832,70.8,20.0,31.7,50.6,5.82,4.4,51.51
S00833,70.0,14.1,40.9,56.9,7.26,67.3,52.03
S00834,72.3,16.2,62.6,69.2,9.09,47.3,63.9
S00835,79.7,29.5,53.8,71.9,7.85,45.1,76.41
S00836,82.3,16.4,44.2,58.5,7.41,41.4,60.12
S00837,95.5,13.2,64.2,76.4,7.46,47.7,62.78
S00838,70.0,13.2,35.3,53.5,6.26,67.4,44.47
S00839,89.8,14.2,56.9,64.9,6.47,44.3,62.38
S00840,77.9,13.8,40.1,66.2,7.27,88.2,52.47
S00841,79.5,9.0,41.5,60.4,7.83,67.5,62.92
S00842,86.7,10.1,56.3,69.0,8.64,59.0,64.3
S00843,68.8,12.2,42.2,58.3,7.61,51.7,54.04
S00844,83.8,22.1,61.0,72.2,9.12,78.8,65.15
S00845,81.7,15.3,68.4,80.1,9.43,81.7,74.78
S00846,84.9,16.5,55.1,68.0,8.45,31.8,69.99
S00847,82.9,26.9,69.9,80.8,8.97,41.0,73.37
S00848,100.0,27.1,59.3,67.0,6.31,67.7,75.71
S00849,73.6,16.0,51.2,49.4,6.12,73.7,52.4
S00850,74.7,13.6,36.9,58.4,8.12,49.0,54.3
S00851,73.8,11.9,47.3,53.6,5.89,40.2,63.61
S00852,74.4,22.8,53.8,62.3,7.15,56.6,59.58
S00853,73.6,16.6,50.4,51.1,8.43,84.5,62.47
S00854,91.9,15.3,71.3,86.4,9.2,55.8,70.96
S00855,94.2,12.3,50.7,66.2,7.19,29.7,61.65
S00856,74.3,12.6,36.7,59.9,6.72,57.2,56.9
S00857,71.7,20.2,56.1,57.3,7.88,70.7,55.97
S00858,84.7,8.8,38.2,55.6,6.21,53.0,47.35
S00859,74.5,25.0,52.4,65.5,7.29,80.2,67.93
S00860,86.3,14.3,60.8,69.1,7.49,72.3,65.41
S00861,82.0,17.0,55.3,66.6,7.47,53.8,69.23
S00862,64.8,8.6,43.5,47.0,7.61,55.9,50.73
S00863,95.5,17.9,51.6,67.8,6.5,18.2,72.76
S00864,98.0,15.7,61.7,66.6,6.63,79.2,70.33
S00865,73.9,17.6,40.1,52.3,6.6,48.4,64.7
S00866,76.1,28.3,53.0,61.5,5.56,47.0,71.52
S00867,82.9,19.2,67.7,70.3,7.91,44.0,62.94
S00868,83.3,12.4,57.9,66.6,8.57,64.1,72.03
S00869,86.6,13.0,54.0,73.0,8.46,32.4,68.44
S00870,100.0,22.2,57.5,71.5,7.19,35.3,73.42
S00871,78.2,27.1,48.6,60.0,6.53,53.9,69.0
S00872,72.0,20.0,49.1,61.9,8.39,42.5,58.33
S00873,66.2,22.8,52.5,56.9,8.27,61.7,62.71
S00874,72.7,22.3,56.1,65.5,7.76,43.2,60.04
S00875,79.7,27.9,71.0,81.3,9.59,86.9,91.41
S00876,97.9,4.4,41.4,63.4,7.47,68.9,52.62
S00877,74.8,22.7,36.4,56.6,7.19,68.6,50.2
S00878,82.2,24.9,63.3,72.6,7.02,42.9,62.44
S00879,79.8,8.6,43.9,51.9,5.63,100.0,52.06
S00880,91.9,11.8,56.8,69.7,8.29,46.2,63.29
S00881,100.0,12.0,58.9,78.0,7.37,40.7,71.16
S00882,74.7,12.9,49.6,59.9,8.11,69.1,58.38
S00883,75.1,14.6,68.1,75.5,9.71,58.9,64.77
S00884,90.4,19.7,57.3,71.7,7.03,38.6,68.01
S00885,86.8,24.1,44.9,55.0,4.69,98.9,67.01
S00886,98.5,25.6,59.6,78.6,8.08,74.5,75.79
S00887,85.8,12.1,51.8,61.5,7.7,55.1,64.74
S00888,76.4,12.1,41.9,57.7,6.62,100.0,56.01
S00889,85.9,27.2,68.3,72.0,7.98,71.2,71.3
S00890,91.1,22.5,60.4,74.8,8.44,54.8,74.86
S00891,88.2,18.6,44.3,61.7,6.36,100.0,63.02
S00892,85.1,21.3,56.0,67.5,7.14,68.2,71.33
S00893,90.7,17.8,69.2,78.7,9.27,67.3,82.15
S00894,91.7,21.7,60.5,67.1,6.63,47.3,65.14
S00895,93.8,15.6,51.2,61.4,7.58,56.0,66.29
S00896,86.5,19.9,38.5,54.9,4.35,46.8,60.09
S00897,78.3,7.4,51.5,62.7,5.72,83.8,57.05
S00898,81.5,13.2,41.9,62.4,7.69,22.8,58.74
S00899,92.1,13.3,60.9,75.1,8.97,82.3,69.94
S00900,71.8,15.4,40.5,50.4,5.87,37.5,51.58
S00901,83.7,11.5,59.3,67.5,7.59,53.8,64.43
S00902,76.1,14.3,42.1,52.8,7.05,49.1,49.9
S00903,80.3,7.4,47.5,59.9,8.64,44.6,45.84
S00904,92.8,21.8,56.4,69.1,6.04,68.8,65.35
S00905,81.9,17.4,58.8,58.9,8.02,54.9,61.43
S00906,80.5,6.1,54.3,69.3,6.72,41.6,65.39
S00907,66.4,12.2,49.8,51.4,7.77,58.1,55.27
S00908,87.5,20.4,57.4,78.3,7.58,41.1,70.49
S00909,86.5,14.2,58.2,62.6,7.2,44.2,58.31
S00910,100.0,13.1,50.1,64.9,8.07,25.1,58.61
S00911,76.9,17.5,45.9,58.4,7.55,46.0,52.64
S00912,82.2,20.4,45.3,59.8,7.34,64.9,53.22
S00913,82.5,7.9,32.3,50.6,7.07,55.7,54.36
S00914,95.8,21.9,63.4,72.3,7.59,91.3,73.79
S00915,79.0,12.4,59.4,66.2,7.77,100.0,71.97
S00916,82.8,17.9,52.7,58.0,6.31,45.7,61.69
S00917,86.1,17.8,54.9,70.1,7.08,38.3,64.09
S00918,81.9,14.3,48.2,66.6,6.23,77.6,47.03
S00919,75.5,10.8,48.7,49.7,7.45,61.7,65.33
S00920,81.9,16.0,60.1,75.0,6.79,77.7,64.83
S00921,90.7,29.4,70.9,82.8,8.42,63.0,65.24
S00922,69.7,8.5,45.0,58.7,8.31,51.1,54.81
S00923,81.3,29.8,59.5,64.8,6.39,51.2,61.67
S00924,73.0,16.2,56.8,64.0,7.5,63.7,55.31
S00925,92.0,18.2,62.0,77.4,8.27,50.8,70.92
S00926,64.8,10.4,46.9,68.1,7.29,79.4,51.95
S00927,74.4,12.6,48.2,68.6,6.63,29.0,61.4
S00928,83.8,14.5,39.3,48.8,6.19,79.3,53.37
S00929,95.7,10.7,48.2,66.3,8.53,17.5,62.85
S00930,79.3,16.5,59.4,68.8,8.58,57.9,68.03
S00931,74.4,15.2,42.2,63.8,7.25,48.4,57.63
S00932,98.8,31.0,56.2,75.4,8.42,24.7,74.99
S00933,65.5,9.8,22.1,34.8,3.94,13.8,36.3
S00934,58.0,18.7,47.7,59.1,9.09,33.0,65.52
S00935,84.4,19.7,55.6,64.7,7.31,55.9,68.54
S00936,75.0,10.5,51.5,65.7,7.67,43.0,52.62
S00937,69.8,22.8,54.5,74.0,7.12,34.2,55.5
S00938,87.1,15.2,56.0,74.8,9.17,82.0,63.45
S00939,82.4,1.0,44.4,59.9,6.23,30.4,51.21
S00940,74.4,22.6,62.2,76.9,9.27,68.6,63.47
S00941,67.2,10.2,50.0,60.7,7.98,37.2,50.01
S00942,88.7,10.7,51.2,64.0,8.25,32.5,51.45
S00943,86.5,22.8,56.2,66.2,7.1,42.9,70.3
S00944,79.0,15.6,34.4,58.3,5.93,67.4,57.51
S00945,98.5,24.4,63.0,78.8,8.62,27.6,78.49
S00946,69.3,26.5,48.9,57.1,7.87,60.7,58.83
S00947,64.7,13.5,60.1,71.3,9.13,35.8,50.16
S00948,73.1,23.6,45.2,55.9,7.27,39.4,53.16
S00949,79.5,12.7,49.5,54.8,7.0,63.0,47.99
S00950,82.4,33.6,60.1,70.2,9.17,98.5,68.02
S00951,77.6,13.1,53.4,68.7,9.79,36.8,69.13
S00952,83.5,25.2,57.7,73.6,7.51,69.4,67.41
S00953,67.5,23.9,45.0,58.0,6.6,48.7,58.79
S00954,94.4,20.2,71.1,75.4,8.47,45.5,78.79
S00955,79.2,13.3,37.6,52.1,7.2,76.4,48.2
S00956,91.2,16.9,61.1,75.8,8.22,38.1,71.06
S00957,83.4,2.9,47.0,58.4,7.19,31.9,42.73
S00958,84.6,19.6,59.3,73.9,9.38,64.2,71.04
S00959,85.7,20.4,53.9,64.4,6.66,86.9,70.63
S00960,84.5,18.9,61.5,71.8,8.08,70.0,60.74
S00961,86.4,1.0,48.6,61.4,6.91,26.9,56.4
S00962,93.3,9.1,58.3,79.8,7.16,42.7,64.57
S00963,82.0,12.8,49.9,63.4,7.01,74.6,56.23
S00964,87.1,20.0,51.3,65.9,8.39,86.6,59.49
S00965,79.1,20.0,55.2,68.4,8.6,59.6,66.77
S00966,94.4,16.8,65.0,69.6,8.17,43.4,70.66
S00967,73.2,22.4,48.6,56.3,7.37,87.9,59.16
S00968,98.0,10.8,49.3,73.1,7.67,53.5,57.18
S00969,79.6,22.3,60.3,71.6,8.58,42.9,71.78
S00970,65.7,21.3,54.2,69.0,8.62,39.5,69.25
S00971,81.3,20.6,39.0,45.0,4.27,31.1,55.91
S00972,73.2,16.7,47.3,54.1,7.17,100.0,67.63
S00973,88.4,30.8,56.7,72.0,7.23,83.4,68.23
S00974,73.5,21.5,53.7,60.8,8.3,41.9,53.17
S00975,75.5,11.2,52.3,53.8,7.42,89.6,59.39
S00976,61.1,19.7,47.1,52.9,8.36,65.7,54.41
S00977,75.5,23.3,52.7,59.7,6.21,64.5,66.37
S00978,55.8,13.9,41.3,54.0,7.81,40.6,43.91
S00979,64.2,25.6,63.0,75.9,8.58,44.7,61.31
S00980,87.6,20.7,60.0,61.1,5.73,54.2,62.65
S00981,87.9,1.6,51.7,62.4,10.0,15.7,57.94
S00982,84.3,20.1,51.0,60.7,8.93,45.3,67.83
S00983,70.3,15.2,54.2,64.0,7.5,55.1,57.86
S00984,79.5,21.8,51.7,63.0,6.51,81.2,50.83
S00985,80.0,24.6,56.8,61.9,7.29,42.7,84.46
S00986,68.4,19.4,45.4,54.0,7.6,71.2,57.35
S00987,95.0,29.7,61.0,74.9,8.03,13.8,89.45
S00988,88.8,16.7,57.7,71.7,9.3,78.3,68.18
S00989,77.8,22.4,52.9,58.1,6.93,37.0,53.64
S00990,80.3,23.6,48.5,66.0,8.18,57.6,62.69
S00991,82.1,17.3,47.3,52.4,5.95,63.1,62.73
S00992,59.6,23.5,38.6,52.8,7.0,59.2,57.81
S00993,77.5,13.8,48.3,60.7,7.95,52.9,59.87
S00994,73.2,15.0,51.0,64.4,8.33,30.2,58.04
S00995,70.0,8.8,46.6,60.8,6.6,37.2,51.92
S00996,77.2,19.7,53.7,61.1,6.97,74.9,60.47
S00997,98.0,20.3,68.0,79.6,9.25,43.1,81.35
S00998,86.4,26.3,51.9,60.4,8.89,52.9,72.89
S00999,74.3,23.5,60.4,77.1,7.75,25.2,60.05
S01000,85.7,16.0,41.3,46.1,4.82,72.2,43.71
S01001,94.0,9.8,57.8,73.1,10.0,28.6,58.38
S01002,89.2,21.0,57.4,56.6,7.48,73.3,62.73
S01003,80.6,25.8,51.6,60.6,7.12,33.7,63.72
S01004,73.5,23.3,52.1,70.5,6.87,75.3,63.32
S01005,87.0,25.6,61.2,77.9,7.95,55.2,75.06
S01006,83.9,16.5,49.6,69.6,7.96,43.8,62.02
S01007,89.0,14.7,56.1,68.7,8.64,87.0,76.18
S01008,86.4,12.8,48.1,69.0,6.39,53.6,61.73
S01009,90.5,17.6,59.8,70.5,7.13,47.8,65.16
S01010,74.6,17.4,54.8,71.5,9.94,73.2,57.46
S01011,93.2,19.4,54.3,82.8,7.77,25.4,69.71
S01012,82.0,17.1,45.7,66.7,7.29,4.5,60.62
S01013,100.0,17.1,49.0,65.8,6.37,78.2,59.72
S01014,73.1,12.6,42.1,60.3,8.11,38.3,47.82
S01015,97.4,24.6,58.9,82.7,8.74,72.3,82.0
S01016,82.0,18.5,65.6,75.2,8.55,55.9,62.59
S01017,73.5,16.8,53.0,65.3,7.19,31.7,59.17
S01018,75.2,12.8,58.0,70.9,7.93,67.1,61.92
S01019,76.8,8.7,48.6,76.1,9.51,46.8,63.42
S01020,84.2,27.2,48.4,63.6,8.79,33.5,60.39
S01021,85.2,21.9,54.0,68.6,6.56,34.0,62.1
S01022,74.3,6.6,48.8,54.5,4.44,20.3,40.33
S01023,79.8,23.3,51.8,63.6,7.86,63.1,64.8
S01024,100.0,24.5,63.6,74.6,8.46,36.3,76.03
S01025,97.3,18.9,44.2,71.7,6.19,54.3,68.4
S01026,84.4,29.2,57.0,64.5,7.49,51.4,76.92
S01027,80.4,19.5,51.0,56.2,7.18,36.2,57.18
S01028,81.2,8.1,37.2,53.5,7.63,24.5,48.94
S01029,86.1,20.6,46.6,53.8,6.85,100.0,69.34
S01030,69.8,19.7,47.5,58.2,9.05,54.0,63.58
S01031,77.4,13.8,41.1,52.8,7.68,91.5,63.9
S01032,63.3,22.0,40.8,53.5,6.45,78.3,66.62
S01033,84.0,6.3,56.0,73.4,8.6,48.6,55.77
S01034,86.5,24.9,47.8,59.6,5.98,58.6,66.64
S01035,75.2,11.9,60.3,71.7,9.04,58.0,59.56
S01036,95.7,11.1,56.1,74.8,8.69,91.9,77.26
S01037,67.7,17.2,55.1,53.4,9.17,71.6,53.11
S01038,65.4,21.0,51.1,56.6,7.31,38.9,62.36
S01039,82.2,19.1,60.5,65.1,6.9,62.0,60.22
S01040,90.5,12.8,49.6,66.9,7.6,71.1,65.38
S01041,96.8,14.5,58.4,73.3,7.4,31.5,72.41
S01042,75.4,10.1,40.2,56.0,6.72,64.9,48.27
S01043,90.8,16.4,63.2,65.4,6.84,81.9,56.71
S01044,79.6,25.5,46.8,59.2,7.06,37.9,59.39
S01045,78.3,18.0,49.7,52.0,6.1,40.6,52.83
S01046,88.8,24.0,68.4,76.3,8.31,78.2,66.06
S01047,86.5,28.2,49.9,65.2,7.44,47.9,54.34
S01048,64.2,13.9,48.6,58.7,7.13,35.4,60.23
S01049,94.8,16.7,46.2,66.4,6.17,72.6,70.73
S01050,93.8,33.2,70.8,74.4,6.11,66.5,71.42
S01051,73.7,28.1,49.0,69.0,9.82,56.9,66.67
S01052,84.0,6.3,38.3,54.3,6.75,77.5,56.95
S01053,84.9,20.7,49.9,60.9,8.23,78.9,69.59
S01054,82.6,18.0,46.9,58.9,7.7,53.3,70.58
S01055,74.5,23.8,45.4,42.8,4.17,94.5,57.81
S01056,73.3,12.8,65.7,68.4,9.65,86.7,59.83
S01057,79.7,12.1,59.6,64.1,8.32,15.3,64.07
S01058,91.7,13.3,52.8,59.3,6.58,34.4,54.05
S01059,85.4,14.0,52.4,68.7,7.47,9.9,58.85
S01060,76.3,23.7,45.0,61.0,6.12,48.5,65.28
S01061,87.7,9.7,60.8,74.9,9.69,30.8,59.65
S01062,51.5,13.6,37.7,49.8,6.41,38.7,44.98
S01063,91.5,5.5,50.9,62.8,6.87,76.8,50.26
S01064,62.6,25.0,42.0,54.3,6.62,19.9,47.92
S01065,76.4,26.9,46.9,67.0,7.6,57.6,60.99
S01066,68.8,15.7,53.1,67.0,9.14,57.5,71.14
S01067,67.1,15.9,54.0,69.7,9.65,53.4,62.57
S01068,91.6,21.2,51.6,66.6,7.02,57.6,80.65
S01069,75.3,28.3,50.7,60.1,7.95,10.4,67.99
S01070,83.5,20.9,57.7,69.1,7.6,38.8,70.55
S01071,79.5,13.1,49.6,56.4,6.32,85.9,50.15
S01072,84.8,6.7,68.8,77.7,10.0,31.1,64.84
S01073,80.8,10.2,63.1,71.4,9.14,88.3,58.85
S01074,67.2,18.5,41.9,56.7,7.73,26.9,52.47
S01075,90.0,13.4,58.2,70.1,9.4,24.5,62.19
S01076,75.1,19.4,47.2,68.6,8.95,36.0,61.77
S01077,64.4,14.1,35.5,56.5,7.6,77.6,57.79
S01078,75.7,10.6,62.9,63.2,7.89,44.1,57.53
S01079,95.0,9.8,68.4,70.5,9.31,61.9,73.24
S01080,88.5,28.9,50.9,67.0,6.36,56.5,57.7
S01081,76.5,24.2,66.5,79.9,9.51,53.9,74.99
S01082,76.5,30.1,62.4,62.7,7.23,80.5,65.96
S01083,76.8,21.8,46.3,67.4,9.33,70.4,66.81
S01084,100.0,15.0,62.2,69.1,7.49,32.1,70.96
S01085,83.8,27.3,54.4,63.7,7.91,49.5,58.18
S01086,84.3,17.8,55.5,71.0,7.46,89.9,74.55
S01087,90.3,19.5,71.8,77.1,6.86,61.4,68.74
S01088,82.4,17.7,61.3,66.7,7.18,24.8,73.12
S01089,77.4,1.0,50.2,65.8,9.15,26.3,54.6
S01090,78.0,29.2,55.2,64.9,4.72,72.8,71.26
S01091,79.3,21.4,37.0,47.9,6.01,69.0,55.19
S01092,79.6,20.3,53.1,63.3,6.63,36.6,61.62
S01093,87.3,17.6,53.4,70.9,6.21,70.0,63.64
S01094,80.5,19.1,62.3,74.3,9.31,87.0,68.93
S01095,87.3,13.8,54.5,56.0,9.01,84.2,61.88
S01096,79.2,22.3,57.6,62.8,8.21,87.1,67.87
S01097,80.8,8.9,52.3,65.6,6.73,66.1,60.37
S01098,60.0,19.3,37.4,52.7,9.1,51.4,56.22
S01099,89.2,21.9,48.5,67.8,5.59,47.0,64.69
S01100,83.5,16.6,54.8,80.9,10.0,54.7,59.83
S01101,90.0,20.6,57.4,66.7,6.68,37.5,69.29
S01102,51.0,11.1,48.6,48.5,7.19,47.8,43.25
S01103,100.0,11.2,50.8,61.7,6.98,80.5,52.12
S01104,78.6,19.7,41.8,60.9,6.21,22.8,66.54
S01105,91.1,22.7,64.5,74.8,9.81,24.2,80.58
S01106,69.6,4.9,40.8,53.2,8.45,71.6,51.07
S01107,86.1,21.7,58.1,66.3,8.96,48.0,73.98
S01108,69.5,14.2,41.4,50.4,6.03,16.5,46.45
S01109,73.8,16.7,53.9,59.3,7.72,53.8,56.25
S01110,99.1,8.6,58.7,61.5,8.13,50.9,58.86
S01111,78.1,12.0,51.6,58.2,7.82,46.4,53.15
S01112,82.2,24.8,60.5,70.3,6.11,68.7,64.64
S01113,88.7,18.2,60.3,79.1,8.79,28.3,64.04
S01114,85.0,15.3,50.7,63.9,7.65,55.3,43.86
S01115,81.5,17.2,47.1,60.0,6.35,50.8,56.32
S01116,83.6,21.4,43.0,59.0,5.27,55.8,51.54
S01117,100.0,21.1,55.1,83.0,8.23,20.4,72.14
S01118,79.4,17.5,50.9,63.0,10.0,44.5,62.23
S01119,82.0,25.7,58.2,59.8,6.28,55.4,67.42
S01120,90.5,24.8,53.7,69.3,7.7,65.8,68.64
S01121,91.1,20.9,62.2,76.5,8.83,91.9,65.48
S01122,91.9,18.4,49.4,63.2,5.98,71.1,53.99
S01123,86.4,22.6,53.5,59.4,6.92,64.2,56.06
S01124,68.6,20.2,53.2,63.7,6.47,80.4,54.61
S01125,96.3,25.4,63.9,76.8,8.68,48.9,69.96
S01126,68.5,24.3,49.9,66.9,9.09,86.1,71.3
S01127,83.0,10.9,48.0,69.7,7.69,77.4,61.49
S01128,72.5,10.4,49.6,49.6,6.49,46.1,39.82
S01129,79.4,13.1,51.7,52.7,6.97,93.5,52.45
S01130,83.3,24.8,58.5,70.2,6.74,63.9,66.52
S01131,83.2,7.0,44.7,46.9,6.33,98.9,46.46
S01132,84.2,20.8,45.5,60.8,7.38,61.1,61.94
S01133,96.1,20.5,62.8,72.1,8.19,43.8,64.77
S01134,84.5,26.1,59.3,72.9,8.09,39.6,68.26
S01135,77.6,19.3,53.4,60.6,7.49,47.9,57.08
S01136,89.6,8.6,44.0,64.0,7.57,43.6,57.55
S01137,91.9,11.3,49.4,59.3,7.4,80.4,68.92
S01138,67.7,9.7,35.5,42.4,5.94,54.4,50.44
S01139,86.0,14.2,55.7,66.7,7.69,22.7,54.19
S01140,87.0,16.7,54.3,65.7,6.8,59.3,77.06
S01141,77.0,9.8,43.6,56.0,5.88,57.5,58.47
S01142,93.8,28.3,66.6,84.3,7.94,45.6,71.59
S01143,78.5,8.7,55.5,67.6,6.77,60.4,52.17
S01144,81.3,27.4,58.3,71.6,7.77,54.1,70.84
S01145,78.3,26.3,61.2,74.9,8.52,67.7,74.96
S01146,80.2,24.3,47.4,62.4,6.36,66.5,72.27
S01147,69.0,13.1,43.3,62.1,7.61,62.3,58.3
S01148,65.6,20.4,48.1,55.9,5.33,29.0,48.44
S01149,95.9,9.1,54.4,68.5,9.34,97.4,63.61
S01150,71.5,24.4,50.8,55.2,5.87,23.9,60.1
S01151,70.1,17.5,57.4,67.4,6.88,52.4,51.65
S01152,58.5,15.1,53.5,59.6,9.11,33.1,65.32
S01153,73.6,9.4,46.2,66.7,7.22,62.9,52.19
S01154,66.8,1.0,30.5,39.1,6.06,57.8,45.45
S01155,96.4,10.7,58.3,77.6,8.36,51.6,73.55
S01156,90.1,25.8,66.1,73.7,8.33,85.4,92.54
S01157,73.1,15.2,45.8,59.1,6.74,77.2,54.5
S01158,100.0,16.8,62.0,65.8,6.87,48.5,64.08
S01159,89.8,22.6,57.1,59.6,6.98,71.1,63.38
S01160,76.8,30.6,56.1,74.2,7.25,86.3,71.25
S01161,55.0,27.3,38.8,46.3,5.23,77.0,47.97
S01162,100.0,11.2,46.6,70.6,7.28,52.3,69.23
S01163,66.1,4.4,47.6,55.8,9.64,23.2,57.53
S01164,63.5,34.5,46.5,63.1,6.42,61.5,61.14
S01165,90.2,33.9,61.5,70.6,6.8,68.4,68.88
S01166,100.0,19.3,54.2,62.1,6.08,39.6,60.31
S01167,93.8,9.1,62.2,74.8,8.23,55.5,62.51
S01168,85.6,24.7,61.9,78.6,8.94,53.3,75.26
S01169,85.9,17.2,54.9,72.6,8.92,82.8,69.02
S01170,88.5,17.2,45.0,59.7,6.0,92.1,64.84
S01171,87.6,24.3,54.5,60.9,8.1,78.5,76.39
S01172,82.8,20.3,59.8,66.4,9.22,53.3,69.13
S01173,81.0,9.7,49.4,59.0,8.11,78.0,61.82
S01174,79.4,15.7,46.5,60.8,8.07,68.0,74.56
S01175,72.5,22.6,55.6,68.5,6.93,53.5,65.88
S01176,77.2,21.6,54.1,64.5,7.76,96.8,62.3
S01177,63.1,19.8,53.7,52.2,8.98,40.2,57.69
S01178,79.0,24.5,50.1,52.0,7.89,67.1,52.33
S01179,70.1,15.5,37.6,48.0,6.0,71.8,53.89
S01180,69.0,19.3,46.6,54.9,6.95,49.3,52.24
S01181,81.8,1.0,39.5,60.3,8.95,66.2,48.15
S01182,93.9,14.9,61.1,64.5,7.89,73.9,60.84
S01183,89.2,23.3,52.7,61.4,7.64,59.9,72.36
S01184,64.3,15.3,42.9,55.8,6.84,64.4,51.31
S01185,70.1,14.7,55.0,70.8,8.93,57.1,66.55
S01186,89.4,10.7,57.3,61.3,9.49,71.0,66.46
S01187,70.2,25.0,48.9,60.4,9.02,50.4,64.25
S01188,77.8,21.8,66.8,78.9,9.23,48.8,68.4
S01189,85.5,23.8,45.1,67.8,7.07,55.4,66.58
S01190,70.3,5.9,30.2,43.7,6.9,78.7,43.2
S01191,81.1,16.9,56.8,71.2,7.31,20.1,62.21
S01192,66.7,16.0,38.9,54.4,7.55,36.8,58.92
S01193,74.0,16.0,62.4,72.4,9.22,100.0,75.61
S01194,83.2,13.7,58.2,65.5,8.9,60.5,61.23
S01195,64.1,15.6,50.2,60.5,8.15,46.9,58.68
S01196,84.4,23.9,46.7,55.1,5.78,70.9,63.6
S01197,79.8,4.6,36.8,47.9,5.47,39.3,46.56
S01198,85.5,30.4,56.2,69.0,7.79,12.9,72.59
S01199,82.2,21.4,51.7,67.9,8.56,62.1,70.47
S01200,93.6,17.7,63.1,84.1,7.4,40.4,80.18
S01201,81.3,24.3,56.9,84.9,9.8,57.0,85.92
S01202,75.7,7.8,46.8,53.6,6.2,61.6,50.1
S01203,81.2,13.3,52.7,67.9,6.05,57.8,68.23
S01204,85.4,17.2,45.8,55.6,6.7,20.8,58.72
S01205,80.5,27.6,55.0,67.6,6.66,55.5,64.55
S01206,80.4,17.7,48.7,60.3,8.13,63.9,64.77
S01207,73.0,21.2,48.4,57.7,6.99,27.0,55.66
S01208,73.4,13.9,40.5,65.9,5.64,24.6,51.56
S01209,66.0,21.4,48.0,59.0,8.57,33.6,52.05
S01210,97.5,29.7,55.6,65.6,5.39,69.9,69.03
S01211,67.6,25.0,39.4,49.0,6.21,15.0,57.96
S01212,73.1,17.4,49.6,52.9,5.55,71.6,59.09
S01213,72.8,22.7,45.7,53.6,7.75,62.8,61.46
S01214,88.9,22.0,49.1,67.8,7.72,49.8,75.46
S01215,77.1,21.5,57.7,71.6,9.8,25.4,79.62
S01216,92.5,25.8,59.3,76.1,8.6,39.1,74.87
S01217,73.3,25.7,59.8,70.0,9.23,70.6,79.02
S01218,82.8,17.1,54.2,63.2,7.85,80.1,65.51
S01219,71.6,22.5,37.7,50.9,6.33,34.4,53.8
S01220,100.0,15.3,63.6,75.0,7.65,77.8,75.67
S01221,68.1,11.5,47.0,58.0,8.21,68.7,55.07
S01222,83.1,16.1,56.4,64.6,8.34,54.9,49.09
S01223,86.3,17.5,65.3,68.4,6.93,40.2,62.63
S01224,84.1,6.4,59.2,74.2,8.09,43.4,51.6
S01225,78.1,24.0,51.3,71.9,6.38,91.5,62.77
S01226,78.7,1.0,34.4,49.0,6.25,58.6,41.9
S01227,80.4,37.0,46.0,59.4,6.16,81.6,63.7
S01228,78.5,28.5,62.0,69.5,7.53,59.8,62.66
S01229,89.6,16.2,47.8,67.4,6.09,45.9,52.39
S01230,100.0,18.1,55.6,70.0,6.99,66.7,63.08
S01231,74.4,20.1,47.5,64.7,8.58,98.2,61.82
S01232,66.3,13.9,45.7,50.5,6.27,42.1,48.38
S01233,79.1,19.3,57.3,58.9,6.89,73.3,63.22
S01234,100.0,17.0,67.2,79.6,7.59,58.8,75.47
S01235,72.0,17.3,47.7,61.1,7.8,26.0,50.79
S01236,96.4,19.3,59.5,74.1,6.9,25.6,60.94
S01237,96.8,8.8,56.5,61.9,8.44,46.0,71.92
S01238,74.5,18.3,57.9,75.2,8.21,61.9,69.59
S01239,85.7,19.1,58.2,72.3,8.87,72.6,64.02
S01240,96.3,18.9,52.0,59.7,7.4,23.6,54.76
S01241,76.2,16.5,56.6,67.9,6.88,68.1,58.19
S01242,78.0,26.0,52.1,61.5,6.68,52.6,60.99
S01243,74.2,15.5,48.6,61.0,7.87,55.1,62.31
S01244,69.9,19.6,49.3,56.7,7.05,66.8,43.97
S01245,73.5,27.1,46.5,59.8,6.82,89.9,56.94
S01246,67.8,17.4,49.1,57.5,6.96,61.1,66.94
S01247,80.3,19.5,49.0,53.1,6.68,27.9,56.66
S01248,72.3,17.3,45.5,63.6,7.74,51.3,58.52
S01249,82.3,26.7,64.7,68.7,5.8,72.0,63.91
S01250,64.4,16.2,41.9,57.7,7.86,72.7,60.16
S01251,83.3,27.0,60.4,75.9,8.31,68.3,60.98
S01252,88.3,17.3,52.6,65.6,6.8,44.8,58.88
S01253,60.1,12.0,45.0,60.0,9.81,27.6,41.94
S01254,83.7,22.8,52.7,59.0,7.52,66.8,63.71
S01255,92.3,15.9,41.4,54.9,5.63,30.7,52.07
S01256,67.9,22.3,61.2,64.6,7.16,68.9,53.07
S01257,96.7,1.0,50.4,65.5,7.58,68.9,63.85
S01258,84.2,18.0,53.9,68.9,8.04,45.6,67.89
S01259,72.9,14.8,59.7,70.5,7.19,52.8,66.8
S01260,79.4,10.6,41.0,54.7,6.29,59.0,43.06
S01261,85.6,14.1,56.4,65.6,6.19,42.7,53.18
S01262,80.8,14.0,52.3,62.0,6.72,27.4,63.87
S01263,85.4,17.7,39.7,57.8,6.83,54.2,62.26
S01264,70.8,8.4,40.0,50.4,6.14,56.3,56.43
S01265,81.7,20.2,53.3,59.6,6.62,82.2,60.51
S01266,65.9,27.6,53.4,63.3,8.29,39.4,62.51
S01267,78.9,20.0,58.5,69.4,9.48,76.4,71.97
S01268,71.0,23.7,50.2,62.7,8.41,32.1,53.4
S01269,72.6,25.7,52.7,58.0,9.07,28.1,64.26
S01270,92.4,26.7,60.2,74.5,8.67,49.0,87.92
S01271,90.9,31.1,74.2,76.5,8.5,36.2,74.55
S01272,86.1,14.5,46.2,61.4,7.09,27.8,47.59
S01273,69.1,13.0,44.9,51.4,7.67,93.9,57.5
S01274,76.8,23.5,51.5,63.1,7.0,46.0,56.12
S01275,92.1,23.0,47.7,64.8,7.24,100.0,66.35
S01276,81.4,23.4,57.1,64.5,7.58,35.1,70.66
S01277,100.0,31.2,57.1,77.9,8.36,20.8,77.8
S01278,83.9,18.1,48.3,66.4,8.01,80.8,60.89
S01279,81.9,21.0,46.2,62.1,7.31,40.5,65.38
S01280,76.9,11.1,39.4,59.3,7.57,57.8,44.3
S01281,81.3,32.9,66.3,72.2,8.02,27.9,73.23
S01282,78.5,15.6,56.4,68.2,8.3,54.2,60.44
S01283,87.1,15.8,53.6,62.2,5.68,27.6,43.36
S01284,89.6,15.6,55.3,59.9,6.21,53.5,52.6
S01285,72.1,13.5,51.3,58.8,8.83,45.5,57.88
S01286,66.7,12.9,46.1,62.0,7.43,59.6,59.29
S01287,61.6,14.3,50.0,63.5,6.99,67.5,55.4
S01288,85.1,8.4,59.5,69.1,7.18,59.8,58.49
S01289,69.0,12.5,38.6,50.4,7.18,64.0,55.97
S01290,58.5,31.6,67.0,74.9,8.17,52.8,70.67
S01291,83.9,23.1,43.0,62.9,6.17,46.3,65.8
S01292,100.0,24.5,57.4,75.2,7.53,64.4,75.36
S01293,79.9,26.2,56.0,77.0,7.8,52.8,64.31
S01294,88.4,30.8,61.0,69.4,7.98,53.5,76.14
S01295,80.8,5.6,61.1,69.3,7.77,63.0,65.3
S01296,79.0,9.4,57.1,60.8,8.12,34.3,65.84
S01297,89.2,12.4,53.5,61.5,6.81,83.6,57.58
S01298,77.1,14.7,53.0,73.4,6.37,50.0,57.11
S01299,82.7,15.9,61.8,75.6,10.0,57.5,74.24
S01300,83.2,14.9,47.0,70.6,7.14,54.1,65.22
S01301,73.3,19.5,52.8,64.7,7.28,68.1,58.12
S01302,89.9,18.2,58.0,72.9,8.31,61.8,63.79
S01303,78.3,12.9,50.7,62.3,9.42,54.0,58.23
S01304,72.4,2.8,50.7,61.2,6.85,84.0,53.05
S01305,85.4,11.0,47.6,59.8,6.3,0.0,47.6
S01306,71.0,14.2,37.0,51.7,6.01,79.9,53.76
S01307,80.3,16.3,51.6,65.9,9.41,73.4,54.21
S01308,79.9,10.1,49.1,57.9,6.25,18.3,47.16
S01309,90.9,14.6,60.5,69.7,7.47,73.6,66.68
S01310,84.7,10.1,50.4,61.1,6.33,76.2,51.52
S01311,79.7,17.1,49.5,58.8,5.76,66.2,54.65
S01312,88.2,10.5,46.3,53.8,7.15,23.8,53.47
S01313,93.9,12.1,51.6,67.0,6.37,68.7,73.57
S01314,85.6,8.8,46.5,58.9,6.67,75.1,48.05
S01315,80.1,16.9,57.8,54.2,9.91,43.6,64.4
S01316,66.9,11.9,47.1,49.7,8.01,63.8,47.1
S01317,69.3,24.3,50.3,61.2,8.62,47.9,55.93
S01318,76.9,20.8,59.5,74.9,8.49,72.7,62.66
S01319,73.9,17.5,43.7,61.3,7.38,48.7,56.14
S01320,78.1,12.4,40.4,52.9,6.97,43.4,61.04
S01321,80.6,20.7,49.3,63.1,7.8,54.2,69.24
S01322,85.3,22.8,61.1,76.0,7.7,28.2,64.85
S01323,79.3,19.0,52.2,59.4,6.82,52.2,57.87
S01324,84.9,29.2,46.8,60.6,7.66,62.2,69.58
S01325,80.6,21.2,54.3,68.4,6.65,72.4,64.04
S01326,60.2,24.4,47.3,62.6,7.29,60.0,54.98
S01327,70.6,18.9,45.9,54.9,7.1,26.3,58.62
S01328,78.6,22.7,47.1,61.9,5.98,82.0,70.4
S01329,67.9,12.4,30.3,44.4,4.68,83.7,51.59
S01330,86.0,14.8,50.6,59.1,6.37,57.3,66.27
S01331,95.3,20.4,56.3,80.8,9.66,40.0,71.25
S01332,92.2,20.4,53.3,64.4,7.13,44.4,57.46
S01333,77.9,21.6,53.3,70.1,8.43,50.9,53.02
S01334,94.9,25.7,55.9,66.8,4.95,60.6,52.98
S01335,81.5,8.0,46.1,56.4,6.29,48.9,51.01
S01336,76.6,11.2,48.3,53.8,5.87,37.8,54.46
S01337,73.9,19.6,42.9,53.2,7.26,75.5,62.42
S01338,77.0,12.9,56.5,67.3,10.0,60.1,65.36
S01339,76.1,41.6,63.1,70.9,8.05,34.0,69.98
S01340,81.7,21.6,67.3,75.8,9.53,60.8,75.83
S01341,81.6,17.5,44.7,54.6,7.19,58.2,50.45
S01342,80.0,14.4,50.9,65.1,9.14,40.6,54.7
S01343,84.4,14.6,62.9,75.7,9.99,78.9,73.7
S01344,91.9,18.2,65.0,69.0,7.37,57.7,59.82
S01345,89.5,18.8,55.0,70.4,6.85,50.7,59.55
S01346,65.2,14.8,35.2,53.0,5.92,53.3,42.94
S01347,54.5,16.1,36.2,42.6,7.13,63.9,48.7
S01348,89.3,27.4,58.9,67.9,7.6,53.6,73.02
S01349,66.3,27.7,60.5,63.4,9.94,53.4,71.61
S01350,77.8,19.8,46.0,60.1,5.95,76.3,54.81
S01351,68.3,8.6,39.4,53.9,7.57,26.6,47.84
S01352,62.0,21.8,47.9,45.2,5.32,30.0,54.6
S01353,85.4,28.9,53.5,64.1,6.99,70.5,64.27
S01354,87.6,27.6,61.6,74.4,7.87,100.0,68.31
S01355,74.2,23.1,43.2,61.5,8.12,72.5,58.01
S01356,54.1,28.0,56.8,67.6,8.21,92.3,61.39
S01357,74.5,18.4,47.9,55.8,7.98,46.3,58.28
S01358,83.9,22.4,64.8,72.4,8.2,42.3,68.43
S01359,65.2,13.2,50.0,52.6,7.55,64.1,52.99
S01360,81.8,20.0,40.9,58.4,6.24,74.1,53.41
S01361,79.8,27.3,49.8,59.6,5.28,28.8,53.73
S01362,85.8,13.9,60.5,68.1,6.84,50.7,65.74
S01363,81.2,12.0,46.5,58.3,7.34,54.5,58.3
S01364,70.3,18.7,63.9,72.6,9.0,41.4,62.62
S01365,92.0,16.4,57.1,65.3,7.38,43.8,63.09
S01366,78.4,22.5,60.4,62.1,7.26,71.9,71.97
S01367,79.7,14.8,53.4,65.6,7.96,64.4,61.07
S01368,70.7,30.0,51.3,72.0,7.18,71.0,66.43
S01369,75.6,9.0,61.9,58.8,8.47,61.7,68.19
S01370,71.2,26.8,63.6,66.8,9.88,37.5,75.32
S01371,78.3,12.6,56.0,69.9,10.0,63.5,60.77
S01372,97.1,5.4,56.2,73.7,7.62,36.0,67.46
S01373,66.3,19.7,46.3,60.1,7.9,48.8,56.56
S01374,63.9,16.2,53.0,59.7,9.39,34.3,52.04
S01375,94.7,10.2,60.7,71.7,7.32,42.8,70.92
S01376,77.9,6.2,49.3,63.7,8.32,56.8,52.0
S01377,73.3,17.9,40.7,51.2,6.14,45.9,49.45
S01378,90.4,24.8,50.4,71.2,7.13,37.3,63.71
S01379,73.9,22.1,56.2,67.2,8.89,77.8,78.71
S01380,98.3,18.4,50.3,58.2,6.64,52.6,56.4
S01381,86.8,21.4,46.1,63.2,7.35,44.4,58.34
S01382,75.1,17.8,37.7,50.0,5.61,33.4,48.5
S01383,100.0,8.0,69.3,85.8,9.91,17.6,73.47
S01384,73.9,8.1,50.9,55.7,9.02,50.6,55.32
S01385,87.4,16.6,54.9,64.9,7.73,27.4,57.77
S01386,83.0,16.9,48.7,65.6,8.11,69.2,66.33
S01387,93.0,24.0,55.8,83.6,7.98,55.6,80.01
S01388,95.6,23.3,59.7,85.9,9.16,86.2,66.91
S01389,80.3,22.2,50.0,62.6,6.88,59.5,57.66
S01390,72.5,16.0,41.9,60.6,8.38,40.5,59.78
S01391,84.6,8.3,60.9,72.2,8.79,17.4,53.9
S01392,73.2,20.9,55.2,61.6,8.96,71.1,63.35
S01393,100.0,21.7,52.3,65.4,4.79,29.0,69.43
S01394,81.4,1.3,50.6,65.3,6.78,46.8,56.28
S01395,76.3,12.2,50.5,59.1,6.28,88.5,59.57
S01396,81.8,13.2,48.2,71.9,7.68,67.2,65.61
S01397,66.5,18.8,44.7,50.0,5.08,62.8,53.31
S01398,70.3,12.4,43.6,50.9,5.05,73.9,47.71
S01399,92.0,17.7,65.0,77.1,10.0,73.1,79.16
S01400,73.4,16.5,58.3,59.0,8.24,86.6,59.32
S01401,69.5,16.9,53.8,67.0,7.65,43.0,58.22
S01402,85.4,13.0,57.8,65.8,7.94,47.5,51.92
S01403,91.9,13.5,63.0,72.4,7.68,36.6,61.93
S01404,87.2,10.4,55.7,65.1,8.7,54.3,62.47
S01405,90.0,20.7,54.0,75.3,6.74,52.4,65.92
S01406,72.4,22.0,56.7,70.9,7.72,19.9,67.9
S01407,65.8,12.6,45.9,56.7,7.77,41.9,50.42
S01408,95.0,28.6,59.0,64.9,6.24,83.8,67.68
S01409,76.8,15.8,51.7,69.0,9.03,59.9,59.81
S01410,77.5,28.7,39.4,64.7,6.97,69.3,64.45
S01411,93.3,13.5,61.9,68.6,8.72,52.6,75.75
S01412,85.6,3.8,40.5,57.3,7.64,17.3,36.81
S01413,84.6,20.8,56.0,71.7,9.46,52.4,65.6
S01414,100.0,19.7,59.8,76.2,6.25,75.8,67.05
S01415,73.6,18.2,51.3,58.3,6.2,31.3,42.82
S01416,89.3,13.5,57.3,70.3,6.41,69.9,61.75
S01417,80.6,17.8,40.6,55.8,7.66,21.0,53.7
S01418,82.7,14.4,59.1,65.1,9.35,55.4,61.95
S01419,95.3,15.9,60.2,84.2,9.41,65.9,65.79
S01420,85.1,23.9,53.1,55.0,4.73,48.8,58.24
S01421,85.4,19.3,63.9,67.3,7.8,100.0,61.58
S01422,90.7,22.3,37.2,58.3,3.64,45.1,49.81
S01423,76.4,16.4,53.5,62.2,8.45,43.4,59.33
S01424,71.6,15.6,57.9,63.0,8.84,59.1,67.77
S01425,69.6,9.9,44.3,54.7,7.45,39.9,53.75
S01426,60.3,15.4,56.2,48.4,7.6,26.2,56.23
S01427,100.0,1.0,50.7,71.3,7.59,33.0,69.64
S01428,69.0,13.9,42.9,54.9,6.56,70.2,55.51
S01429,77.8,17.4,46.4,57.7,8.02,48.9,52.32
S01430,77.2,21.9,52.6,54.9,7.22,89.0,58.62
S01431,83.1,16.1,37.7,54.0,8.62,46.2,52.2
S01432,88.2,20.4,53.4,59.1,7.36,69.2,62.91
S01433,88.6,2.7,54.4,63.0,6.47,65.2,52.93
S01434,74.2,17.6,36.3,53.2,5.66,45.9,45.68
S01435,78.3,6.2,31.5,51.1,5.26,37.4,50.27
S01436,82.8,9.5,61.7,73.5,9.08,20.4,68.45
S01437,77.5,16.7,56.8,66.7,6.95,66.1,62.43
S01438,96.1,26.9,52.8,79.4,7.91,79.0,67.42
S01439,84.9,20.6,71.2,83.8,9.64,23.2,73.48
S01440,87.3,18.1,54.9,70.6,6.82,47.6,59.58
S01441,86.6,17.9,58.1,67.9,6.75,41.7,70.37
S01442,91.7,13.0,48.8,68.2,7.34,66.0,54.68
S01443,81.8,14.2,60.5,64.9,7.54,48.4,65.42
S01444,67.0,21.0,54.3,64.9,9.77,81.5,69.13
S01445,84.0,8.3,54.0,76.0,9.38,47.3,68.32
S01446,73.5,22.2,56.6,63.3,8.25,30.3,63.57
S01447,74.7,15.3,52.5,62.1,9.24,45.6,58.83
S01448,85.9,23.8,45.9,62.2,7.29,47.8,77.03
S01449,92.4,24.7,59.8,70.1,7.86,65.5,65.24
S01450,80.2,6.3,45.5,55.6,7.14,47.5,56.46
S01451,83.1,13.9,42.5,58.1,5.95,63.8,55.17
S01452,97.0,12.0,67.1,77.9,8.94,39.2,71.18
S01453,82.4,5.3,65.1,72.8,8.14,49.1,63.12
S01454,100.0,10.8,50.4,78.5,7.52,39.3,57.33
S01455,85.7,35.1,60.3,70.8,7.5,38.1,64.03
S01456,62.4,22.3,40.3,50.9,5.69,80.5,45.51
S01457,87.5,31.4,68.7,64.2,6.33,40.7,66.91
S01458,83.8,23.8,59.2,63.5,7.9,48.0,67.62
S01459,92.9,12.8,58.0,66.9,6.87,75.9,59.23
S01460,86.7,15.3,59.6,70.1,7.24,70.0,55.83
S01461,78.6,22.1,53.4,67.1,7.37,87.8,70.6
S01462,67.8,21.1,45.8,59.8,6.68,64.7,48.05
S01463,77.9,14.0,55.8,67.8,6.34,43.0,61.05
S01464,71.5,7.4,45.1,60.8,5.57,96.1,47.43
S01465,74.2,41.0,51.9,65.6,7.32,66.6,78.19
S01466,85.9,17.0,51.4,62.6,8.24,51.9,59.35
S01467,96.7,15.7,48.1,66.1,5.53,56.1,49.71
S01468,83.9,18.8,60.4,73.1,7.47,58.6,65.75
S01469,68.0,16.3,57.8,63.5,7.84,50.3,54.35
S01470,84.4,18.9,63.0,66.5,6.31,27.5,66.88
S01471,92.0,27.0,59.4,73.2,9.21,87.5,77.08
S01472,73.9,17.1,49.5,59.6,7.04,54.6,53.72
S01473,78.7,9.9,46.4,62.6,7.38,58.7,49.89
S01474,80.1,16.9,50.1,59.1,7.31,96.6,54.57
S01475,72.2,14.7,47.9,50.8,5.38,41.3,47.36
S01476,86.5,28.0,60.5,76.8,8.71,68.1,81.84
S01477,78.8,26.2,58.7,61.4,6.35,39.2,62.06
S01478,84.2,18.8,49.6,64.5,7.22,61.4,67.57
S01479,71.1,9.0,53.3,61.6,8.22,59.0,47.6
S01480,75.6,9.4,50.7,63.6,9.25,70.8,48.07
S01481,87.2,18.1,39.4,55.1,6.2,79.2,51.99
S01482,76.3,20.4,44.0,67.6,6.96,43.4,63.17
S01483,97.3,15.4,62.2,77.8,9.16,83.3,70.45
S01484,76.0,14.6,63.1,64.8,8.06,84.7,68.94
S01485,82.2,13.9,51.1,66.5,8.31,50.0,68.67
S01486,89.3,17.8,50.0,72.4,6.24,54.9,56.64
S01487,65.8,1.3,44.2,52.3,7.04,45.1,50.88
S01488,62.4,10.3,40.2,59.4,7.3,48.9,58.69
S01489,64.7,13.6,40.2,45.7,6.47,30.9,53.63
S01490,92.6,26.5,52.9,61.6,5.49,70.6,55.38
S01491,74.5,12.3,44.2,45.8,6.89,14.0,38.28
S01492,100.0,19.3,52.7,83.5,9.13,41.1,68.84
S01493,74.4,19.6,47.2,52.2,7.57,54.1,55.05
S01494,81.8,27.1,64.1,75.4,9.15,81.0,79.14
S01495,95.4,26.8,64.0,84.3,7.71,44.1,68.64
S01496,100.0,17.6,63.2,77.2,6.58,63.6,71.46
S01497,100.0,14.7,69.2,80.9,9.03,53.4,66.26
S01498,92.1,13.4,49.6,72.4,7.75,73.9,66.15
S01499,90.2,16.3,53.6,66.1,8.65,62.5,62.61
S01500,85.9,15.0,44.9,62.1,6.22,71.6,60.28
S01501,87.8,21.9,58.5,71.5,8.75,44.0,66.41
S01502,74.5,20.9,51.5,64.5,8.78,34.7,49.06
S01503,71.8,22.1,50.9,63.5,7.85,62.3,65.03
S01504,80.0,26.8,46.7,67.6,6.53,45.2,69.84
S01505,78.3,31.0,60.2,77.2,7.44,55.6,65.86
S01506,75.5,18.9,47.5,61.0,8.23,61.3,65.46
S01507,87.0,25.7,51.4,62.5,7.78,79.8,63.59
S01508,89.6,15.5,59.5,66.5,8.22,70.7,57.77
S01509,80.9,26.3,62.9,82.4,8.71,41.4,68.41
S01510,94.8,25.4,55.2,77.0,6.72,32.1,67.27
S01511,68.6,25.1,51.9,53.7,6.11,89.1,51.68
S01512,78.1,18.7,56.4,73.3,7.45,23.3,70.29
S01513,72.8,13.3,58.7,58.9,7.1,45.9,47.78
S01514,61.3,8.2,50.7,60.7,8.44,67.9,51.02
S01515,79.2,17.7,58.1,59.8,6.21,87.8,55.47
S01516,78.8,28.7,59.1,81.9,8.72,51.2,80.51
S01517,95.1,15.8,69.2,75.2,9.12,55.5,62.36
S01518,86.3,23.5,64.2,66.6,7.5,37.5,71.94
S01519,69.8,23.9,50.2,59.2,7.57,57.5,61.88
S01520,98.5,16.0,50.2,79.5,6.58,32.0,56.73
S01521,92.2,27.2,53.6,70.2,6.85,40.0,65.45
S01522,85.8,1.0,49.6,54.7,7.01,70.3,51.39
S01523,77.7,9.4,47.1,58.8,9.23,46.3,60.58
S01524,70.4,11.6,44.2,47.5,7.41,73.3,48.5
S01525,76.3,12.3,51.6,60.8,5.91,51.9,58.44
S01526,90.9,20.4,61.0,65.6,7.81,27.6,65.92
S01527,98.8,20.0,47.2,75.5,8.49,78.4,72.59
S01528,95.4,20.8,49.5,71.9,7.47,28.7,59.95
S01529,75.1,22.2,70.2,73.6,9.26,43.0,68.22
S01530,68.8,11.3,56.5,68.8,8.43,51.0,59.74
S01531,81.4,9.5,42.6,60.7,6.24,75.1,54.75
S01532,62.3,20.8,36.7,52.5,6.84,44.5,51.78
S01533,83.2,13.6,45.0,57.7,7.77,36.5,69.26
S01534,78.5,7.0,45.3,56.3,5.5,58.3,53.75
S01535,75.3,24.8,65.9,72.3,7.9,50.7,72.49
S01536,64.1,27.8,55.5,60.8,5.39,45.7,60.25
S01537,85.1,28.9,51.3,70.3,8.73,59.3,73.45
S01538,74.7,19.3,52.4,66.5,8.59,30.9,62.91
S01539,68.3,22.4,46.6,61.8,8.11,20.6,69.39
S01540,51.3,27.6,44.9,59.6,6.69,97.8,57.98
S01541,79.7,13.5,43.2,53.3,7.7,57.1,60.65
S01542,97.7,25.8,54.7,65.7,6.88,58.5,80.84
S01543,96.6,19.9,48.8,65.8,6.26,39.4,66.38
S01544,75.4,24.4,54.6,60.3,7.09,73.0,61.5
S01545,74.0,19.3,50.1,64.3,8.34,44.3,56.57
S01546,84.7,27.1,54.3,62.7,7.55,0.0,60.71
S01547,70.0,19.6,57.9,62.2,9.24,43.7,65.11
S01548,83.0,7.6,62.4,78.7,8.42,49.4,74.0
S01549,87.7,28.2,72.6,77.0,8.29,51.6,78.62
S01550,92.3,11.4,50.7,55.8,5.57,51.0,53.37
S01551,79.0,26.8,53.0,64.6,7.16,42.1,62.22
S01552,78.0,17.4,55.4,67.0,6.22,40.2,58.23
S01553,71.2,26.2,58.4,71.1,7.28,49.0,57.13
S01554,71.7,25.9,54.9,55.3,6.67,22.1,56.27
S01555,77.7,21.0,41.5,54.9,7.05,15.8,52.51
S01556,83.7,21.6,65.4,74.7,8.77,57.0,87.01
S01557,89.1,21.0,59.6,71.2,8.07,57.3,73.84
S01558,72.0,3.9,43.6,49.3,8.71,72.6,44.96
S01559,94.9,18.8,47.0,55.4,5.58,49.9,49.3
S01560,77.3,10.2,52.6,56.3,7.57,31.1,46.83
S01561,79.8,19.2,40.8,53.0,8.66,16.2,65.53
S01562,72.5,10.0,52.0,61.1,9.31,37.2,49.31
S01563,55.8,9.7,32.7,49.2,5.64,63.5,53.16
S01564,88.8,29.2,52.4,65.0,7.08,83.8,70.49
S01565,87.4,25.5,57.6,77.8,8.74,56.1,70.33
S01566,77.2,18.0,41.7,58.5,7.27,30.7,49.03
S01567,80.7,19.3,55.7,62.7,6.41,37.4,67.46
S01568,85.2,16.3,34.8,46.0,5.64,38.0,54.05
S01569,64.4,22.0,46.3,61.3,6.36,46.9,61.44
S01570,74.7,13.3,37.9,52.0,5.47,77.4,49.27
S01571,87.9,25.0,68.8,66.6,7.57,79.0,75.05
S01572,67.5,16.2,51.1,63.4,8.58,51.6,67.94
S01573,82.9,15.1,34.8,51.2,5.99,58.7,55.96
S01574,66.4,18.2,52.3,60.8,7.81,39.0,51.3
S01575,84.7,13.9,48.7,66.2,8.51,20.8,63.0
S01576,79.6,20.3,58.6,72.9,7.5,90.8,71.57
S01577,63.8,14.2,44.0,45.4,5.57,8.6,55.82
S01578,91.6,21.3,66.8,77.7,7.96,18.3,73.07
S01579,72.7,26.5,53.5,70.6,7.43,90.9,73.43
S01580,71.9,13.0,52.5,72.7,7.31,55.3,62.6
S01581,82.0,17.1,50.7,67.6,6.84,32.5,51.42
S01582,91.5,21.2,53.3,70.5,7.6,68.7,72.31
S01583,69.8,14.9,56.3,64.4,8.11,70.5,61.17
S01584,80.6,21.3,53.4,78.0,10.0,28.3,80.26
S01585,84.3,21.9,54.8,65.9,7.63,44.3,55.76
S01586,86.9,25.6,58.6,77.8,9.31,72.5,66.83
S01587,81.8,13.8,57.7,77.5,7.93,38.7,67.67
S01588,76.3,11.4,42.9,56.8,7.38,60.6,63.45
S01589,71.7,15.8,47.0,49.1,7.68,83.5,55.59
S01590,80.9,11.2,46.1,53.0,6.03,7.2,49.7
S01591,69.3,22.0,60.1,66.9,7.87,48.2,64.48
S01592,50.8,9.9,30.4,35.6,5.11,60.2,35.53
S01593,84.4,34.3,53.0,65.3,6.46,19.2,72.37
S01594,89.0,27.1,49.9,66.5,7.63,44.4,63.9
S01595,56.4,18.1,43.4,59.0,8.93,75.9,61.19
S01596,69.9,24.1,58.6,63.5,9.22,40.9,57.02
S01597,86.2,6.5,49.7,58.7,7.22,25.3,64.24
S01598,100.0,35.7,64.4,86.1,7.69,77.6,68.65
S01599,80.2,13.9,64.9,68.0,8.68,63.9,58.62
S01600,72.7,17.2,34.8,55.0,5.9,53.6,65.19
S01601,78.2,5.0,62.9,65.8,7.99,53.0,58.82
S01602,93.7,21.4,61.4,70.3,6.51,75.6,64.18
S01603,73.5,10.3,45.2,60.7,7.29,60.9,46.76
S01604,72.0,18.7,50.6,50.6,6.95,67.9,54.16
S01605,75.2,14.2,46.9,62.7,8.02,41.1,59.11
S01606,70.5,10.5,50.8,62.9,8.16,16.7,57.46
S01607,81.2,12.4,66.8,75.2,8.57,67.4,68.31
S01608,96.2,19.6,54.8,69.1,7.92,77.0,57.75
S01609,83.2,9.0,49.5,62.2,7.71,50.5,57.92
S01610,77.5,12.8,51.8,54.0,9.72,72.8,62.59
S01611,77.1,22.6,43.6,53.6,5.67,48.3,57.93
S01612,64.4,36.2,56.8,70.0,9.53,53.2,71.46
S01613,88.8,21.3,48.2,72.3,7.15,90.0,59.21
S01614,79.2,11.6,50.3,72.1,8.19,49.2,54.68
S01615,78.2,15.4,49.9,59.4,7.11,48.0,64.69
S01616,100.0,18.2,53.2,73.0,6.66,17.6,59.56
S01617,83.0,15.6,40.2,59.9,8.08,68.8,54.75
S01618,72.5,24.3,54.6,58.4,8.75,40.8,61.31
S01619,75.7,19.5,52.7,67.3,8.07,57.9,55.53
S01620,91.5,24.4,67.0,82.5,6.85,48.7,75.52
S01621,81.1,15.8,59.4,69.7,10.0,46.1,58.77
S01622,65.6,27.3,60.6,63.3,8.94,52.6,72.58
S01623,89.2,16.8,55.3,70.2,8.62,54.2,57.99
S01624,73.3,11.2,54.5,59.8,7.08,78.5,55.37
S01625,98.7,33.2,54.5,85.4,6.75,85.4,78.96
S01626,90.8,5.2,53.4,69.1,7.16,68.0,63.87
S01627,75.5,12.8,58.1,67.0,8.8,80.4,61.69
S01628,92.8,13.6,55.2,51.1,6.31,72.1,54.72
S01629,80.7,35.6,66.9,70.6,6.22,64.9,80.52
S01630,88.5,30.6,57.0,81.7,8.15,84.1,76.6
S01631,84.8,28.5,66.4,74.5,7.88,28.8,70.05
S01632,71.5,15.7,53.0,63.4,6.58,41.3,45.58
S01633,73.6,35.0,51.8,64.9,6.19,38.6,65.97
S01634,90.3,20.6,72.2,76.6,9.23,49.0,73.22
S01635,76.7,24.8,53.6,74.3,7.93,68.7,59.15
S01636,76.0,19.3,46.5,58.3,5.86,32.7,50.47
S01637,70.4,17.7,44.4,51.2,5.95,65.1,53.8
S01638,84.2,16.2,43.9,60.7,7.07,43.3,60.54
S01639,100.0,16.5,64.9,83.5,8.38,48.1,65.88
S01640,69.3,22.3,56.0,57.2,8.21,59.0,55.61
S01641,80.2,20.6,56.4,70.3,8.86,88.6,68.94
S01642,94.1,17.8,61.5,68.6,5.71,40.8,58.29
S01643,79.2,28.6,53.3,59.3,7.77,53.4,64.18
S01644,84.5,1.0,42.9,65.0,9.21,33.4,65.07
S01645,69.4,21.6,66.2,71.6,9.1,40.6,66.45
S01646,84.3,23.0,62.3,75.6,7.93,33.3,74.36
S01647,78.1,26.0,65.3,81.0,10.0,59.9,66.98
S01648,89.9,17.5,55.1,69.1,8.23,63.5,61.51
S01649,91.9,19.5,61.9,71.4,8.75,68.7,65.51
S01650,100.0,24.9,52.8,64.7,7.55,39.9,61.27
S01651,85.8,28.4,52.9,63.1,6.56,65.2,55.5
S01652,83.3,15.9,43.8,59.0,6.45,57.3,57.98
S01653,81.9,19.9,55.5,61.8,7.72,53.8,65.27
S01654,76.5,29.8,59.5,70.8,7.25,30.2,61.27
S01655,83.4,3.1,35.8,46.3,5.38,58.1,40.99
S01656,77.0,13.2,50.4,49.9,6.27,58.7,54.12
S01657,81.7,28.3,55.8,64.5,7.12,57.0,66.62
S01658,93.2,25.6,65.2,77.4,8.37,63.0,80.45
S01659,69.9,21.7,48.7,53.9,7.48,68.9,65.61
S01660,91.4,14.9,58.5,64.5,7.41,33.0,58.25
S01661,93.2,11.8,46.4,58.6,6.32,50.7,56.5
S01662,78.8,13.9,40.4,55.5,7.53,65.3,49.66
S01663,58.8,28.8,45.1,61.8,9.08,49.6,71.07
S01664,73.9,13.6,46.5,62.3,7.69,74.2,59.43
S01665,93.0,18.7,41.1,57.5,5.69,56.8,63.97
S01666,79.8,12.7,55.2,55.6,6.0,15.9,51.39
S01667,70.0,23.9,52.6,64.4,8.21,71.8,70.05
S01668,75.0,14.2,54.1,64.3,7.23,52.7,62.95
S01669,88.4,17.3,58.9,76.8,7.41,19.6,72.28
S01670,85.5,6.2,47.9,65.4,6.76,50.0,47.11
S01671,77.6,6.7,70.9,63.0,8.1,29.6,59.38
S01672,76.3,18.1,67.5,67.5,7.14,70.1,71.08
S01673,76.1,8.7,55.7,63.9,7.28,54.3,51.03
S01674,70.8,32.7,45.4,55.4,6.48,36.5,63.54
S01675,96.2,3.6,64.4,70.8,8.61,71.2,67.76
S01676,76.8,12.4,38.1,58.9,7.23,64.2,58.53
S01677,92.2,18.1,66.4,75.9,8.23,50.3,71.8
S01678,95.2,15.4,36.2,58.6,6.07,30.1,59.19
S01679,90.0,10.3,57.0,68.0,9.58,38.2,66.44
S01680,75.7,11.3,60.6,60.3,9.03,37.9,66.88
S01681,84.0,11.1,46.6,55.2,5.21,69.9,49.08
S01682,79.8,16.0,39.6,56.0,6.54,21.4,55.1
S01683,71.0,31.7,56.4,59.7,8.07,54.1,73.6
S01684,83.2,18.5,50.8,61.5,5.92,50.0,54.02
S01685,68.2,26.3,51.9,63.7,7.34,75.7,59.09
S01686,91.9,21.5,55.9,67.3,8.01,59.7,70.72
S01687,75.4,25.8,57.6,68.0,7.28,65.7,74.14
S01688,82.0,1.0,56.2,65.0,8.15,44.5,54.73
S01689,82.8,15.9,48.9,59.7,6.67,30.4,57.43
S01690,77.4,27.1,55.2,58.9,4.81,48.5,62.18
S01691,85.9,14.0,55.2,66.7,8.68,70.5,61.39
S01692,75.3,30.3,55.1,64.4,8.67,70.5,82.13
S01693,88.7,28.4,73.6,84.1,10.0,46.4,73.66
S01694,66.5,14.7,47.0,47.5,4.85,37.8,48.46
S01695,81.3,14.5,50.4,60.6,8.4,33.9,59.82
S01696,99.4,10.9,44.0,62.6,5.14,52.3,43.24
S01697,70.0,13.6,64.6,67.9,9.61,57.7,58.79
S01698,73.2,9.4,48.5,59.9,8.09,84.5,48.74
S01699,85.1,21.0,51.2,54.8,6.36,57.5,64.29
S01700,81.8,7.8,50.8,60.8,8.44,67.3,48.01
S01701,83.5,22.2,60.4,76.2,6.84,39.4,71.78
S01702,84.9,22.4,68.9,64.8,7.86,55.8,61.18
S01703,86.3,6.4,51.5,72.2,7.75,57.8,65.13
S01704,91.1,28.8,79.6,86.1,9.59,52.2,72.79
S01705,84.1,21.6,57.7,69.8,9.68,54.6,71.69
S01706,77.6,23.2,49.2,60.7,6.78,57.5,66.47
S01707,86.7,12.7,60.3,76.7,8.77,64.6,70.2
S01708,99.0,22.4,55.5,61.3,7.93,78.4,61.59
S01709,78.7,25.9,53.0,69.3,5.8,9.7,67.67
S01710,70.3,17.3,43.3,56.9,6.66,77.3,58.93
S01711,91.1,32.0,58.0,82.7,10.0,20.8,62.48
S01712,78.8,18.3,42.7,51.9,7.93,61.2,58.43
S01713,58.3,26.0,49.7,59.4,8.7,100.0,80.08
S01714,88.5,20.1,57.0,56.7,7.25,54.1,69.62
S01715,74.6,22.1,41.7,63.7,6.85,58.6,56.03
S01716,79.1,6.3,49.4,55.0,7.53,48.8,56.5
S01717,83.3,20.6,54.0,60.6,7.18,68.3,60.57
S01718,81.9,12.9,44.7,47.0,5.71,62.2,58.2
S01719,87.1,12.1,43.2,60.9,6.3,41.5,50.24
S01720,75.6,30.2,58.6,69.9,8.35,52.7,76.66
S01721,85.1,16.5,50.9,59.9,7.04,32.6,64.26
S01722,77.4,11.0,55.1,64.1,7.53,52.6,61.98
S01723,87.4,15.5,46.6,60.0,7.78,46.6,72.11
S01724,86.2,8.9,52.9,55.9,7.88,57.7,63.69
S01725,70.6,28.0,48.9,62.9,8.88,40.8,70.44
S01726,90.9,13.1,48.5,70.1,6.18,50.7,66.3
S01727,74.6,21.7,47.1,67.3,8.18,55.2,66.78
S01728,88.1,27.5,54.7,73.5,8.41,56.6,73.7
S01729,83.7,14.5,55.6,69.2,8.68,60.5,60.12
S01730,98.4,21.7,50.3,64.3,5.8,51.5,59.54
S01731,77.8,10.8,58.9,68.6,7.81,39.3,62.11
S01732,76.5,35.1,69.6,80.6,9.56,56.6,81.77
S01733,79.8,24.6,58.6,67.2,7.38,51.4,65.77
S01734,77.0,16.7,57.2,66.8,8.08,75.5,60.61
S01735,88.0,12.6,56.4,60.6,8.44,78.0,62.34
S01736,63.8,17.2,51.1,53.6,6.27,27.6,51.82
S01737,69.5,15.6,53.0,59.0,9.7,67.3,62.8
S01738,69.3,31.7,67.7,65.0,8.1,71.4,68.86
S01739,89.5,9.4,48.5,66.9,8.12,28.1,65.76
S01740,97.1,18.9,44.8,55.9,5.51,66.6,58.91
S01741,79.0,17.9,46.2,66.9,8.45,72.9,58.83
S01742,78.3,17.2,45.8,67.0,8.11,36.0,59.35
S01743,80.7,17.2,48.1,65.9,9.45,50.3,56.69
S01744,91.6,17.2,55.5,64.7,7.13,58.7,75.71
S01745,70.7,24.1,52.8,65.5,6.31,66.4,65.24
S01746,82.4,22.3,51.9,66.5,6.68,35.2,61.77
S01747,89.8,20.9,45.8,69.7,6.89,78.1,73.1
S01748,85.0,1.0,41.5,49.2,6.16,14.4,44.31
S01749,81.9,20.1,63.0,71.0,9.05,81.5,69.57
S01750,90.0,6.4,54.2,67.2,9.09,66.0,57.85
S01751,53.0,22.5,39.9,52.4,7.27,42.6,46.45
S01752,86.8,28.3,46.8,68.2,7.03,72.3,68.38
S01753,73.5,11.5,39.0,51.5,5.32,34.0,54.0
S01754,61.7,16.2,44.3,63.2,8.34,57.3,51.12
S01755,85.1,13.8,57.8,68.8,9.48,59.8,64.25
S01756,93.7,26.6,59.5,66.1,6.74,59.7,67.57
S01757,78.6,18.7,49.8,59.0,7.36,38.2,63.36
S01758,89.5,30.1,61.4,70.2,8.02,45.1,69.3
S01759,96.1,20.9,66.9,77.1,9.57,57.5,79.05
S01760,93.1,19.7,49.9,66.4,7.74,40.5,68.58
S01761,96.4,18.5,69.2,75.0,7.73,60.4,66.99
S01762,87.4,23.7,52.3,69.0,7.72,42.7,64.24
S01763,80.8,5.8,46.5,53.4,5.79,75.0,51.65
S01764,64.0,18.6,35.5,54.3,5.76,86.3,49.35
S01765,77.5,17.5,49.0,50.1,6.53,49.1,49.98
S01766,71.6,23.1,55.7,55.2,8.72,73.4,72.38
S01767,100.0,16.7,66.4,79.5,7.1,50.8,59.09
S01768,78.2,10.7,46.0,62.6,6.86,36.3,55.65
S01769,81.2,18.1,58.3,71.6,6.84,46.5,71.03
S01770,85.5,10.4,52.6,66.9,7.33,56.7,54.64
S01771,80.4,4.5,65.3,70.3,9.54,19.3,60.66
S01772,97.0,23.1,47.5,66.6,7.32,67.5,72.25
S01773,73.8,22.1,51.6,52.8,6.56,56.7,39.83
S01774,81.9,21.3,37.8,60.2,7.53,75.0,60.18
S01775,72.6,27.1,58.7,63.3,9.61,67.2,59.3
S01776,66.8,13.3,51.0,69.5,6.9,57.4,62.39
S01777,73.9,8.0,51.6,51.6,6.08,47.9,45.72
S01778,79.6,17.5,54.5,63.0,6.9,85.5,72.53
S01779,75.7,15.6,48.8,68.5,7.65,98.4,56.19
S01780,73.1,12.1,53.9,61.0,8.33,48.2,60.58
S01781,65.9,17.4,66.4,65.8,8.71,75.8,58.99
S01782,79.2,13.7,47.2,45.2,6.25,40.9,50.41
S01783,65.0,5.1,45.9,45.2,6.36,43.2,45.17
S01784,87.6,14.9,49.7,66.5,7.11,47.3,60.57
S01785,80.8,10.0,58.8,75.0,8.32,68.7,73.23
S01786,65.4,19.6,49.1,51.2,5.99,33.5,61.09
S01787,76.9,13.4,43.9,58.1,6.77,86.0,51.71
S01788,72.5,25.8,54.8,76.5,6.79,73.8,66.34
S01789,83.2,29.2,64.9,77.5,8.63,68.2,67.48
S01790,93.4,22.8,63.9,79.8,8.13,49.1,63.85
S01791,61.2,7.1,46.1,51.7,8.58,71.6,47.45
S01792,81.2,28.5,67.9,83.8,9.11,0.0,83.02
S01793,78.4,29.0,48.3,60.1,7.13,63.8,54.04
S01794,86.7,18.1,49.9,57.8,6.08,58.2,62.44
S01795,82.1,27.3,52.0,71.1,6.08,17.3,65.91
S01796,72.5,14.1,49.1,51.9,5.29,63.1,47.61
S01797,76.8,4.9,39.6,53.9,6.95,66.8,53.89
S01798,72.0,12.7,48.1,65.9,7.04,17.9,58.14
S01799,90.8,30.1,59.0,69.8,8.45,31.3,71.3
S01800,80.2,7.6,49.6,59.5,7.52,96.3,56.41
S01801,99.0,18.0,58.4,67.8,6.91,51.3,64.5
S01802,79.4,18.2,43.9,58.5,7.36,74.5,54.17
S01803,72.9,14.4,52.7,58.9,6.25,77.5,57.55
S01804,64.9,14.9,52.9,68.1,8.73,62.9,56.99
S01805,62.0,18.5,38.9,59.6,6.56,75.3,54.88
S01806,64.2,14.1,40.0,51.4,6.13,12.7,43.53
S01807,82.7,8.0,61.7,64.6,8.48,50.4,56.67
S01808,85.1,19.5,58.7,73.1,8.19,0.0,61.05
S01809,64.2,25.5,37.7,50.9,5.43,20.1,58.66
S01810,89.0,24.1,55.1,71.3,8.53,44.1,60.5
S01811,75.2,12.3,50.0,53.3,6.61,41.7,63.81
S01812,81.5,9.2,52.9,53.7,7.05,55.8,59.7
S01813,96.1,16.0,59.2,71.4,7.72,54.6,57.39
S01814,89.0,29.0,58.6,67.6,8.2,57.7,67.63
S01815,77.3,22.5,59.2,65.3,8.03,58.5,55.6
S01816,71.1,22.9,48.9,68.3,7.44,61.7,65.97
S01817,58.5,24.2,40.9,52.9,6.99,35.8,61.17
S01818,72.8,20.9,61.9,72.8,7.99,40.5,66.19
S01819,77.9,18.8,54.2,65.4,7.36,54.3,68.95
S01820,70.1,22.6,52.4,69.3,9.67,54.6,66.74
S01821,78.7,14.2,53.4,61.8,8.2,33.4,64.88
S01822,80.8,8.1,46.1,63.0,6.39,76.6,56.75
S01823,77.8,23.1,49.2,63.5,6.93,69.5,62.29
S01824,73.5,26.7,54.4,63.5,7.56,37.8,68.01
S01825,81.7,10.2,49.3,66.1,9.06,50.8,59.14
S01826,84.4,23.8,65.5,71.6,9.19,95.2,82.17
S01827,69.1,29.8,51.0,60.3,7.02,58.2,60.88
S01828,94.1,18.0,43.3,62.0,6.38,62.9,64.0
S01829,79.0,12.3,44.8,54.2,6.23,42.8,48.3
S01830,80.2,18.9,49.6,71.5,7.8,48.7,53.35
S01831,87.1,14.1,42.6,64.2,10.0,85.2,66.47
S01832,82.3,13.7,52.5,75.4,8.15,57.3,52.39
S01833,89.5,21.0,56.4,65.6,5.59,53.6,75.61
S01834,82.9,6.8,46.2,56.9,6.63,55.2,50.79
S01835,73.9,7.9,49.1,54.5,6.75,100.0,53.68
S01836,83.6,18.1,50.3,64.4,6.51,55.8,58.42
S01837,68.6,17.8,44.5,60.9,7.03,38.4,56.03
S01838,81.1,20.4,50.1,52.1,7.94,41.9,61.78
S01839,79.7,31.1,50.8,67.8,8.32,70.6,64.47
S01840,77.9,18.7,61.2,59.7,8.81,26.4,47.3
S01841,78.7,22.2,59.3,73.4,8.13,64.0,60.94
S01842,61.2,11.2,35.6,50.4,5.16,40.5,41.25
S01843,74.5,23.4,36.2,54.7,6.23,17.8,55.38
S01844,80.9,14.3,53.5,64.5,7.31,35.4,59.99
S01845,81.6,18.5,47.8,55.9,7.68,55.6,64.11
S01846,69.7,17.2,52.7,60.2,8.53,82.9,51.28
S01847,92.7,25.2,49.1,65.1,7.55,73.3,62.2
S01848,71.3,8.8,47.4,55.2,7.56,49.1,49.86
S01849,89.7,2.0,50.1,67.3,7.79,74.4,66.87
S01850,84.3,16.5,37.5,64.8,7.19,47.9,74.16
S01851,73.5,21.3,61.2,69.5,7.6,25.7,54.91
S01852,97.8,19.1,59.9,73.6,8.85,55.4,77.31
S01853,68.1,26.6,49.3,57.1,7.4,24.9,59.61
S01854,89.2,21.1,58.9,70.4,7.46,70.8,71.13
S01855,90.0,14.1,53.4,67.9,7.46,71.1,55.32
S01856,73.3,1.7,51.9,60.1,9.06,37.4,61.41
S01857,93.9,16.3,44.9,58.8,6.17,57.9,45.62
S01858,77.5,25.2,59.1,74.8,9.63,57.7,62.94
S01859,82.9,15.3,36.4,58.6,6.09,72.4,53.49
S01860,82.6,18.2,49.2,55.4,6.71,30.1,53.53
S01861,78.7,20.9,64.0,68.7,8.39,67.0,67.67
S01862,88.1,10.9,47.0,69.0,8.74,28.7,56.09
S01863,87.9,22.4,48.7,67.4,5.82,70.5,60.85
S01864,62.5,29.5,33.7,51.5,6.19,76.3,54.63
S01865,93.0,16.8,56.7,71.8,7.83,41.6,64.26
S01866,63.4,10.1,55.0,64.5,10.0,79.4,60.91
S01867,90.3,17.5,61.8,78.5,9.0,23.5,73.97
S01868,91.3,2.4,46.1,55.2,7.2,77.0,49.74
S01869,69.1,20.4,28.0,47.0,4.6,83.8,57.03
S01870,75.9,21.2,44.7,56.1,7.6,61.9,59.53
S01871,68.9,29.7,61.3,73.1,7.93,51.1,75.9
S01872,77.9,16.6,54.9,57.8,7.04,61.2,57.08
S01873,76.9,20.9,48.5,62.1,6.48,42.9,53.43
S01874,87.8,12.0,54.1,61.6,7.69,100.0,63.04
S01875,93.1,15.5,45.7,66.2,6.37,43.3,74.98
S01876,94.0,7.3,67.5,78.5,9.75,81.3,61.73
S01877,74.4,16.6,51.1,66.3,9.32,40.2,65.81
S01878,77.9,15.9,55.8,75.6,8.29,86.9,66.76
S01879,63.2,20.1,40.1,51.1,7.61,95.2,58.4
S01880,71.9,13.6,44.9,60.6,6.71,62.7,47.51
S01881,89.6,18.6,62.6,76.9,7.48,60.7,71.07
S01882,96.2,15.7,56.4,78.5,9.47,35.9,70.94
S01883,67.7,15.7,55.3,59.6,8.54,33.5,49.07
S01884,74.1,18.6,44.7,58.6,7.74,61.0,59.18
S01885,79.7,18.3,50.0,62.2,8.61,84.2,62.18
S01886,82.8,23.3,56.5,67.5,8.15,44.0,64.03
S01887,71.9,17.2,56.7,59.8,7.98,99.2,61.94
S01888,84.2,15.6,54.4,66.0,8.68,42.8,69.51
S01889,75.3,16.7,55.9,72.2,8.12,59.6,66.01
S01890,79.9,13.0,60.5,66.5,8.53,59.6,56.65
S01891,85.5,15.5,48.9,64.6,7.69,53.0,63.84
S01892,80.1,32.2,46.5,60.5,7.2,14.1,62.97
S01893,75.6,11.6,44.7,56.8,6.84,42.6,49.28
S01894,78.9,16.0,56.4,67.3,6.7,59.0,53.22
S01895,79.1,15.3,40.3,56.9,5.57,53.1,57.91
S01896,76.3,16.3,53.3,67.7,6.41,67.7,56.26
S01897,77.4,15.7,45.6,51.7,6.37,70.1,60.42
S01898,96.0,20.0,66.2,69.7,6.89,50.2,61.64
S01899,85.6,6.0,69.2,71.4,9.37,35.8,75.72
S01900,77.0,25.3,59.1,74.6,7.31,86.0,84.44
S01901,87.0,22.4,46.6,66.8,7.79,27.9,66.36
S01902,76.7,9.3,35.0,47.6,7.83,43.1,57.66
S01903,91.7,2.1,56.8,75.0,9.41,38.0,58.92
S01904,83.7,11.2,54.4,63.5,6.81,69.9,55.69
S01905,78.9,16.3,53.5,67.6,7.23,81.3,69.32
S01906,84.5,36.1,54.3,77.8,7.37,51.5,73.89
S01907,64.3,21.8,43.7,54.5,8.86,59.6,50.24
S01908,68.7,5.3,55.2,70.0,9.11,63.6,58.48
S01909,68.1,13.2,59.9,63.1,8.07,91.1,53.38
S01910,81.4,17.6,52.8,65.4,8.98,19.5,61.09
S01911,97.3,19.8,63.4,75.2,7.71,69.9,77.33
S01912,100.0,8.8,70.2,68.7,7.29,62.5,74.51
S01913,86.4,17.1,56.8,70.2,8.91,47.6,67.66
S01914,85.0,13.0,52.8,64.5,8.09,61.5,69.45
S01915,62.0,10.3,45.0,47.4,6.62,69.8,46.11
S01916,74.6,19.8,52.9,62.1,8.7,66.7,73.31
S01917,72.1,23.4,58.7,70.5,7.25,98.2,62.12
S01918,73.8,23.9,48.5,60.1,7.1,57.5,55.77
S01919,78.3,22.0,55.9,63.0,8.57,55.5,62.09
S01920,75.3,14.5,40.6,59.1,7.39,51.4,50.63
S01921,60.2,23.0,47.7,62.0,7.97,66.1,62.57
S01922,87.5,20.2,51.4,67.8,8.29,54.4,72.97
S01923,69.3,18.9,48.4,51.3,6.56,55.3,54.92
S01924,82.4,13.7,42.9,48.1,7.96,55.4,57.35
S01925,100.0,14.5,67.8,74.1,9.12,52.3,62.82
S01926,70.8,18.5,40.8,59.7,6.35,42.8,54.74
S01927,54.7,35.1,62.1,70.0,8.04,63.4,78.8
S01928,77.1,20.1,57.1,59.5,6.5,49.3,68.39
S01929,91.0,13.7,61.0,71.0,8.73,67.3,60.58
S01930,99.6,12.2,50.6,73.7,8.71,57.2,63.49
S01931,67.7,14.6,42.3,53.9,7.07,47.3,72.67
S01932,85.0,33.2,60.5,81.7,10.0,86.3,82.03
S01933,75.3,15.2,49.2,62.8,8.83,53.0,69.21
S01934,78.9,24.3,65.8,74.5,8.35,67.5,80.12
S01935,100.0,15.4,58.7,71.8,8.28,41.0,60.72
S01936,65.0,19.8,47.8,56.4,8.68,14.5,60.73
S01937,82.5,23.5,46.5,67.0,6.31,43.7,62.45
S01938,84.7,14.0,49.8,56.4,7.73,12.3,67.05
S01939,90.9,13.5,58.5,66.6,7.96,50.3,75.43
S01940,81.0,29.6,44.8,62.4,7.02,84.4,60.55
S01941,83.1,24.9,57.4,73.8,8.06,36.9,88.51
S01942,76.1,23.5,59.6,65.5,8.98,12.9,65.82
S01943,82.7,23.5,42.7,61.7,6.99,85.0,66.41
S01944,76.6,21.2,43.4,53.0,7.43,45.5,41.52
S01945,86.2,32.1,55.1,70.3,6.52,54.7,75.16
S01946,76.3,18.3,53.3,68.1,5.36,70.8,46.33
S01947,83.8,22.0,64.5,62.9,8.43,65.5,67.09
S01948,79.7,7.8,45.1,55.0,7.47,70.0,50.84
S01949,91.3,12.2,62.3,74.3,7.56,73.0,68.79
S01950,79.5,9.6,43.9,70.9,6.32,20.1,54.66
S01951,62.3,26.9,46.9,60.9,7.28,26.7,61.76
S01952,92.6,1.0,55.1,64.0,8.82,78.4,67.42
S01953,70.9,15.2,53.5,60.3,7.5,39.4,50.91
S01954,73.5,1.0,41.3,47.7,7.54,41.5,45.09
S01955,74.0,12.2,46.9,63.2,7.75,29.7,50.27
S01956,93.7,14.6,43.2,65.9,6.02,46.9,52.89
S01957,58.6,27.7,53.1,68.5,8.25,48.0,74.72
S01958,100.0,20.8,60.0,69.0,5.99,36.3,58.23
S01959,90.6,12.2,56.0,61.0,6.37,33.9,53.25
S01960,82.2,25.5,43.1,67.5,6.24,61.4,75.49
S01961,79.5,18.1,49.0,69.0,7.29,38.8,59.66
S01962,82.9,18.3,59.2,61.8,7.08,42.9,61.27
S01963,85.2,9.6,52.4,61.8,7.5,11.3,58.36
S01964,86.5,11.1,48.8,64.7,6.41,93.8,51.99
S01965,85.6,12.2,55.7,66.8,8.71,73.8,58.25
S01966,80.9,18.3,58.7,69.0,8.5,45.1,61.17
S01967,78.0,18.5,52.8,55.9,7.29,37.0,64.62
S01968,78.5,28.8,49.8,58.1,6.93,55.2,67.27
S01969,78.1,20.7,55.6,63.4,6.8,54.7,57.76
S01970,91.3,1.0,41.9,55.1,7.13,29.5,49.48
S01971,85.9,19.8,57.3,59.0,5.82,4.0,62.88
S01972,50.6,7.8,31.3,40.6,6.35,44.5,25.42
S01973,86.6,11.2,58.3,64.5,8.53,23.7,62.67
S01974,81.9,12.3,51.0,63.6,7.86,58.4,64.05
S01975,79.8,13.4,53.6,72.2,9.46,58.6,58.68
S01976,76.1,8.4,55.0,59.5,7.14,35.5,58.23
S01977,91.2,19.4,59.1,67.3,7.07,44.3,65.06
S01978,89.5,8.1,50.0,68.1,7.01,90.3,71.02
S01979,72.3,20.5,59.9,68.1,7.12,70.5,60.22
S01980,84.1,33.7,61.7,74.8,6.71,46.0,74.97
S01981,70.3,8.7,42.4,43.0,7.83,100.0,42.93
S01982,66.2,16.0,33.9,49.8,7.53,31.1,50.4
S01983,73.7,1.0,43.7,50.8,6.89,38.7,51.25
S01984,88.6,15.9,66.8,70.7,9.0,52.8,65.29
S01985,89.5,22.5,66.9,83.4,9.78,24.4,80.56
S01986,85.1,23.0,68.9,73.3,8.9,90.8,79.11
S01987,87.3,18.5,52.9,60.8,8.17,58.7,64.48
S01988,85.2,24.2,57.6,72.0,8.41,39.2,66.69
S01989,73.6,35.8,61.8,74.2,9.73,64.0,57.13
S01990,84.3,30.0,61.3,68.7,8.41,57.9,67.81
S01991,88.0,14.3,55.9,70.6,6.8,48.9,68.52
S01992,87.5,7.8,62.4,71.6,7.97,30.8,59.65
S01993,91.9,15.2,68.1,77.3,8.25,26.3,70.6
S01994,87.1,11.4,58.6,67.1,6.31,98.7,59.22
S01995,83.5,21.2,57.1,72.4,7.16,27.9,55.58
S01996,90.7,9.7,54.6,68.1,8.82,89.0,69.18
S01997,79.7,17.5,46.7,50.9,5.31,38.1,45.73
S01998,71.2,23.9,50.7,57.9,6.0,70.8,57.53
S01999,78.4,17.3,51.6,54.3,7.29,64.3,60.86
S02000,72.6,11.4,43.6,52.3,7.92,68.3,49.97
S02001,73.2,26.2,45.0,65.6,5.87,69.6,70.13
S02002,78.6,4.8,52.3,54.8,7.35,22.8,63.28
S02003,72.1,15.7,51.7,57.7,8.88,41.5,53.81
S02004,76.9,17.7,51.5,66.1,7.58,27.6,54.91
S02005,61.1,18.1,49.4,63.7,8.63,58.8,56.12
S02006,82.1,19.3,45.6,52.4,6.79,28.5,63.13
S02007,80.0,22.3,49.5,63.0,6.53,15.4,61.89
S02008,71.8,17.8,49.9,59.7,8.52,50.3,63.98
S02009,86.6,15.4,50.5,67.1,7.94,10.8,68.04
S02010,89.4,15.1,43.4,58.2,6.08,60.2,51.62
S02011,63.9,13.7,42.5,45.5,6.54,29.8,50.78
S02012,72.4,23.5,60.9,67.6,9.38,38.2,66.91
S02013,72.3,13.5,51.8,61.3,6.39,9.4,55.7
S02014,70.6,23.9,46.1,71.9,8.62,88.0,72.59
S02015,88.3,18.1,62.5,71.3,6.93,25.7,63.26
S02016,78.1,14.4,52.1,60.5,7.5,47.7,53.97
S02017,77.4,22.3,47.0,56.8,7.85,19.2,52.57
S02018,60.0,12.9,34.5,43.8,4.98,38.3,53.31
S02019,86.4,22.5,38.9,56.0,5.74,90.0,59.1
S02020,67.6,19.5,39.4,57.1,7.6,60.9,47.74
S02021,80.6,13.8,58.7,63.7,6.63,40.5,67.01
S02022,82.8,21.7,53.5,70.8,8.7,54.3,56.56
S02023,93.6,21.8,54.8,64.2,5.57,43.8,53.47
S02024,66.9,26.1,52.1,71.6,8.18,53.2,62.75
S02025,49.8,24.8,40.3,51.2,5.85,69.9,48.25
S02026,81.8,21.4,54.7,61.8,7.08,48.4,64.1
S02027,98.0,10.1,38.7,64.6,6.22,59.4,45.5
S02028,92.4,35.1,75.9,79.7,9.78,59.7,84.83
S02029,82.1,8.2,44.3,51.7,5.89,48.5,58.17
S02030,75.1,24.6,49.2,58.4,7.35,40.3,54.65
S02031,88.1,21.0,52.1,69.4,5.43,44.5,59.34
S02032,70.3,9.8,48.1,60.4,9.42,69.0,52.86
S02033,84.8,17.1,56.0,64.4,7.98,70.6,66.07
S02034,85.1,17.4,52.9,66.7,7.66,32.2,55.36
S02035,90.6,27.1,67.7,81.5,9.27,49.8,69.22
S02036,100.0,13.0,55.8,78.5,7.68,39.9,65.25
S02037,83.9,16.2,47.3,55.7,7.76,71.0,61.8
S02038,74.9,1.6,48.1,63.7,7.66,45.6,52.76
S02039,79.7,30.1,56.2,59.1,8.18,99.0,66.99
S02040,62.3,10.5,31.8,52.1,6.91,59.4,51.24
S02041,73.1,20.3,51.1,67.2,7.24,78.6,63.47
S02042,75.9,17.3,50.3,69.8,8.47,34.7,54.32
S02043,74.8,17.3,53.4,66.1,7.83,55.2,45.01
S02044,81.5,23.7,48.8,58.6,7.36,67.3,65.85
S02045,71.8,29.7,41.0,59.9,5.82,34.3,56.64
S02046,91.2,19.8,68.5,72.4,9.3,55.4,65.26
S02047,80.0,22.6,56.2,60.2,6.71,76.0,72.94
S02048,79.9,20.3,56.3,66.1,8.68,48.5,74.62
S02049,76.7,25.1,56.6,64.8,7.71,38.0,71.9
S02050,81.6,14.8,51.8,61.6,5.95,91.1,60.36
S02051,88.3,25.5,61.4,71.2,9.0,31.6,51.61
S02052,71.3,25.8,45.6,62.6,7.81,58.1,69.03
S02053,73.4,25.6,59.1,62.7,9.1,40.8,60.58
S02054,77.0,13.4,55.1,62.9,7.28,36.3,54.31
S02055,66.5,16.8,53.8,60.5,8.34,69.8,65.06
S02056,71.8,19.7,44.2,59.4,5.38,50.9,66.64
S02057,75.2,8.4,49.3,63.5,6.9,63.1,64.09
S02058,88.7,29.2,52.3,65.1,5.97,9.9,64.68
S02059,82.6,17.9,57.8,56.2,7.05,65.1,65.54
S02060,81.9,20.0,63.1,63.0,8.07,40.6,57.98
S02061,88.5,14.0,43.4,66.2,6.77,17.4,47.13
S02062,78.6,8.7,58.6,65.3,8.54,92.7,68.3
S02063,83.9,13.8,62.3,74.8,6.47,67.0,65.32
S02064,79.0,19.5,58.6,73.1,8.56,59.5,57.94
S02065,82.7,22.7,65.0,75.3,9.07,80.0,71.99
S02066,74.2,19.1,50.5,64.8,8.72,60.0,66.16
S02067,55.6,20.4,41.3,46.2,7.09,39.0,55.71
S02068,78.7,15.6,42.1,50.6,4.95,51.5,54.99
S02069,94.2,21.5,57.1,74.4,8.2,41.4,66.88
S02070,89.3,28.4,49.8,66.0,7.35,45.0,61.8
S02071,89.7,22.9,52.0,67.8,6.33,29.8,63.76
S02072,92.4,23.7,60.6,76.0,6.83,35.6,73.15
S02073,80.9,20.1,50.4,66.4,9.22,72.9,71.36
S02074,82.0,7.5,46.4,54.9,6.14,61.6,61.75
S02075,73.8,10.7,50.5,56.4,8.06,44.9,55.45
S02076,76.8,21.2,51.1,67.9,7.76,34.4,55.29
S02077,86.2,17.9,55.6,70.0,7.07,46.9,69.79
S02078,92.0,21.1,61.4,84.3,8.27,21.3,70.9
S02079,78.6,29.7,59.0,73.6,9.46,57.5,64.82
S02080,75.5,23.1,57.6,64.6,7.14,73.9,67.97
S02081,80.0,26.8,57.3,69.6,7.21,100.0,77.6
S02082,86.0,18.7,65.8,71.3,8.25,32.9,69.23
S02083,65.6,12.3,48.9,54.8,8.6,73.1,64.44
S02084,57.0,17.6,42.7,53.2,7.35,40.9,48.57
S02085,74.5,12.4,46.3,60.2,7.13,32.4,49.66
S02086,67.8,28.9,50.9,59.4,4.84,32.4,62.48
S02087,74.9,23.5,48.6,62.5,6.57,57.8,58.29
S02088,78.5,21.6,48.2,65.2,6.13,36.4,66.25
S02089,75.5,26.7,67.7,74.9,8.32,42.9,71.1
S02090,94.5,3.9,43.1,62.2,7.21,46.2,62.12
S02091,83.3,22.1,55.5,60.1,7.16,40.2,66.13
S02092,83.0,8.8,49.7,63.0,7.49,38.7,50.84
S02093,86.2,17.9,49.3,61.6,6.46,6.4,45.47
S02094,68.6,15.8,47.9,56.4,9.36,56.7,63.18
S02095,90.4,22.6,57.3,75.7,9.06,56.4,74.54
S02096,79.2,19.6,55.7,71.9,9.44,39.1,60.1
S02097,86.7,27.4,62.5,75.9,8.32,62.2,77.58
S02098,69.3,13.8,52.6,62.6,7.46,82.9,66.71
S02099,64.5,23.0,44.1,61.6,9.44,55.5,56.93
S02100,88.2,19.1,45.2,60.9,6.68,81.6,49.88
S02101,83.8,6.6,49.8,68.3,6.45,99.8,63.78
S02102,71.0,11.6,49.0,57.8,6.78,100.0,63.5
S02103,71.3,17.0,42.3,45.6,8.13,31.2,48.72
S02104,91.3,25.8,60.4,58.3,6.59,31.3,69.54
S02105,68.1,21.2,48.9,65.4,7.31,46.1,61.18
S02106,96.4,9.8,53.2,54.4,5.58,57.6,55.76
S02107,71.0,17.0,45.7,56.8,8.08,86.7,62.2
S02108,86.4,32.1,44.6,56.2,5.68,67.5,60.6
S02109,76.7,18.8,46.1,56.9,6.38,30.9,48.81
S02110,86.0,15.7,56.0,71.5,8.96,42.8,67.71
S02111,74.6,21.4,53.9,63.2,8.92,54.2,65.54
S02112,78.4,23.3,52.3,61.4,7.95,25.2,46.7
S02113,80.4,14.8,62.4,71.7,7.83,55.3,56.9
S02114,70.0,21.5,38.1,67.9,6.86,31.2,52.58
S02115,87.4,15.7,45.8,63.9,6.57,22.0,60.49
S02116,74.9,23.0,48.3,56.5,7.07,36.1,49.43
S02117,77.7,19.2,46.5,61.9,5.68,63.2,55.51
S02118,70.1,21.4,55.3,72.2,7.8,63.1,75.51
S02119,54.4,12.7,48.1,58.8,7.56,56.9,52.49
S02120,78.1,12.3,52.8,52.3,6.38,74.8,56.18
S02121,100.0,24.6,68.7,84.4,9.38,72.7,78.89
S02122,87.8,17.4,46.1,62.8,8.23,59.1,68.29
S02123,79.8,20.0,45.2,63.4,8.33,56.3,62.12
S02124,77.4,15.9,55.8,61.0,6.92,57.6,57.81
S02125,80.2,24.3,60.6,72.4,7.5,52.0,68.21
S02126,85.5,13.7,58.5,66.8,8.25,11.5,69.18
S02127,68.2,17.1,43.9,64.3,7.68,77.7,60.67
S02128,91.1,23.5,61.0,75.8,9.42,63.0,73.66
S02129,87.2,26.2,53.7,66.8,7.26,30.7,72.66
S02130,87.2,14.3,45.1,64.0,6.89,83.6,57.03
S02131,84.4,31.7,61.5,75.3,8.26,43.2,53.67
S02132,80.2,20.2,61.2,68.0,5.98,52.8,65.16
S02133,86.7,10.7,52.2,65.8,8.61,75.5,65.01
S02134,85.9,20.6,57.8,72.0,5.94,59.4,60.43
S02135,76.5,15.3,47.2,66.7,8.27,81.7,59.75
S02136,74.3,21.0,39.8,56.2,6.72,48.0,63.44
S02137,81.0,17.7,60.0,72.5,8.07,88.8,69.83
S02138,95.5,18.5,58.9,72.2,8.59,39.4,77.24
S02139,67.6,11.6,54.6,62.9,7.68,81.4,59.39
S02140,65.3,24.9,54.4,63.1,6.06,9.7,56.3
S02141,81.6,9.9,45.2,58.9,6.42,33.0,57.07
S02142,80.5,10.2,55.3,57.7,6.63,61.0,58.44
S02143,81.7,20.6,41.3,50.1,5.23,47.0,56.6
S02144,82.4,29.2,55.0,72.4,8.85,53.5,69.54
S02145,77.8,15.5,57.5,61.4,7.63,55.8,57.05
S02146,94.9,22.9,44.7,69.0,6.14,31.2,59.46
S02147,64.0,25.5,54.9,57.8,9.25,32.7,65.29
S02148,71.7,23.7,56.4,69.2,6.66,59.6,66.86
S02149,79.0,15.8,59.9,67.0,7.8,41.7,46.23
S02150,63.6,10.4,39.2,45.8,6.51,81.8,43.79
S02151,78.2,2.5,45.6,50.2,5.08,51.2,36.56
S02152,96.6,16.2,44.9,61.2,5.86,69.4,57.0
S02153,80.2,26.2,49.1,65.9,6.96,63.9,60.72
S02154,82.3,10.1,55.0,60.0,8.58,43.0,59.85
S02155,67.4,22.9,53.4,57.7,7.92,15.4,59.63
S02156,73.8,11.3,42.4,55.3,7.67,78.7,67.58
S02157,76.2,18.7,55.1,59.1,5.09,35.4,58.07
S02158,76.8,23.0,46.0,68.2,9.02,46.9,68.11
S02159,92.8,13.4,55.6,70.0,7.77,52.0,55.35
S02160,85.6,19.2,54.9,64.7,7.36,54.0,61.28
S02161,68.9,15.1,41.5,59.5,8.86,74.2,51.18
S02162,82.5,22.9,66.8,75.4,9.0,55.1,74.97
S02163,85.0,19.6,53.8,67.9,8.89,52.5,66.34
S02164,91.4,18.4,55.3,68.6,7.2,75.4,63.78
S02165,95.8,28.9,58.6,60.4,6.3,67.0,74.35
S02166,69.8,22.6,45.3,66.2,8.69,40.3,59.76
S02167,71.9,13.2,36.8,53.7,5.86,32.1,56.73
S02168,67.4,17.4,64.5,77.1,9.84,38.5,74.14
S02169,77.7,17.5,50.9,58.6,7.53,54.0,55.38
S02170,84.7,18.6,33.7,58.3,6.23,30.1,61.1
S02171,89.9,35.7,54.3,59.1,6.02,56.8,69.07
S02172,79.2,20.6,47.9,50.6,5.97,52.4,53.91
S02173,76.8,3.7,48.5,57.4,7.67,4.1,52.3
S02174,81.5,14.2,39.4,55.4,7.49,26.9,44.64
S02175,71.6,4.5,40.8,56.1,6.02,0.0,41.48
S02176,100.0,15.7,51.1,74.0,7.07,48.1,67.51
S02177,63.9,4.1,39.4,54.0,5.86,76.5,44.11
S02178,81.8,11.9,55.9,69.0,8.21,17.2,66.27
S02179,100.0,7.4,57.0,72.5,7.43,28.6,59.36
S02180,80.1,20.7,60.0,60.3,7.05,51.7,63.16
S02181,78.1,18.0,60.0,70.4,5.95,33.7,59.6
S02182,76.4,20.1,43.8,65.5,7.14,33.6,49.3
S02183,78.2,17.3,47.5,53.4,7.0,65.8,59.66
S02184,93.7,8.2,58.8,71.6,7.88,45.1,64.46
S02185,57.9,21.6,46.4,53.4,7.7,25.3,42.36
S02186,95.3,31.5,47.4,80.7,8.45,13.2,57.19
S02187,65.8,20.9,45.8,51.7,6.92,99.2,54.54
S02188,77.3,15.0,51.1,58.0,5.27,77.6,63.11
S02189,75.7,8.0,42.9,60.0,8.69,46.0,70.91
S02190,85.9,11.6,49.8,60.8,6.38,56.8,45.95
S02191,64.0,21.2,32.9,60.1,6.17,45.2,62.09
S02192,84.6,25.5,60.9,78.8,7.45,65.2,77.6
S02193,100.0,19.8,61.2,66.4,7.86,37.9,64.53
S02194,66.4,23.6,44.4,59.1,6.86,44.1,68.27
S02195,81.9,23.0,49.8,63.2,6.85,64.1,65.46
S02196,73.4,21.5,40.8,61.4,7.03,84.1,58.07
S02197,84.3,13.4,63.1,73.0,9.2,69.8,56.62
S02198,80.2,19.2,47.7,58.4,7.5,79.7,61.64
S02199,73.6,12.1,47.8,51.4,6.34,48.8,52.12
S02200,84.9,18.1,44.4,57.9,6.35,42.5,70.58
S02201,98.0,20.3,70.5,75.9,7.2,16.2,63.86
S02202,78.1,29.8,65.4,72.7,7.79,56.4,65.65
S02203,87.2,8.8,65.6,67.7,8.08,62.6,60.2
S02204,67.1,21.4,62.9,73.8,7.65,49.0,80.11
S02205,70.4,28.4,45.6,61.3,6.49,39.5,52.89
S02206,84.7,23.3,48.3,68.3,6.99,79.9,72.96
S02207,94.8,23.8,73.2,79.1,8.38,67.6,66.62
S02208,83.6,22.1,49.5,56.8,6.12,81.3,63.64
S02209,76.9,27.1,57.3,70.3,6.94,35.9,65.73
S02210,80.0,10.4,48.2,57.0,8.22,40.8,51.82
S02211,67.5,8.3,44.9,47.0,8.55,79.1,56.65
S02212,86.0,18.0,58.2,70.4,7.27,54.1,59.72
S02213,88.8,2.9,36.7,52.2,7.01,43.6,39.83
S02214,75.5,26.6,53.4,60.1,5.91,45.0,58.86
S02215,75.3,26.5,58.4,71.6,8.13,54.8,62.28
S02216,82.7,15.0,53.5,63.0,9.08,75.1,65.43
S02217,75.6,15.4,57.6,61.2,10.0,51.8,61.6
S02218,79.3,17.5,54.2,71.4,7.96,70.8,73.64
S02219,100.0,18.4,59.5,72.4,7.44,64.3,67.0
S02220,77.5,18.9,52.5,67.5,6.4,37.4,61.02
S02221,76.4,21.9,40.6,57.6,5.25,37.4,47.43
S02222,73.5,16.8,66.6,71.1,7.71,46.0,61.02
S02223,87.4,24.6,62.7,77.6,10.0,28.3,67.41
S02224,78.2,21.1,56.3,69.5,9.02,44.7,73.08
S02225,73.5,13.8,64.5,74.3,8.84,85.3,61.55
S02226,93.2,27.3,48.9,73.3,7.79,54.4,65.73
S02227,94.2,8.5,66.3,69.6,7.93,39.7,65.46
S02228,74.0,17.4,41.9,54.5,4.59,93.3,49.07
S02229,61.3,24.8,48.2,56.9,8.42,36.4,67.19
S02230,90.1,12.9,44.7,59.8,6.8,35.8,68.42
S02231,73.2,20.2,40.6,58.8,6.66,79.6,52.05
S02232,87.9,21.8,52.4,63.2,7.11,68.2,69.56
S02233,60.3,12.0,44.7,53.5,7.07,52.4,45.18
S02234,88.9,17.5,55.8,68.1,6.64,71.6,61.73
S02235,67.9,16.9,49.8,57.4,7.52,61.0,60.99
S02236,87.3,14.1,48.0,65.8,6.83,31.3,59.16
S02237,80.1,34.1,65.6,70.9,7.62,7.0,71.26
S02238,70.5,12.7,58.3,63.4,5.72,43.7,61.4
S02239,75.9,25.0,61.3,68.0,7.24,76.7,73.41
S02240,86.9,15.3,47.2,61.6,6.18,46.4,57.81
S02241,81.1,10.4,50.8,55.9,6.73,64.2,51.66
S02242,85.8,18.7,58.0,67.3,7.67,58.7,64.99
S02243,99.8,22.5,63.3,72.4,5.58,21.1,60.47
S02244,64.4,24.4,44.4,60.7,6.51,46.9,61.58
S02245,96.2,28.9,56.6,72.7,8.18,62.2,72.21
S02246,81.0,38.6,60.5,73.8,5.8,39.3,64.28
S02247,71.0,19.8,58.8,64.7,9.63,47.7,72.56
S02248,66.7,13.4,44.3,60.3,8.95,62.8,56.68
S02249,78.1,21.2,55.0,61.4,6.91,56.5,57.0
S02250,89.2,16.1,62.5,76.2,6.56,75.9,73.23
S02251,78.7,24.5,50.3,71.5,7.74,62.7,73.27
S02252,95.1,8.9,43.3,60.8,5.76,35.9,42.91
S02253,65.5,34.6,45.9,53.2,5.1,45.4,64.84
S02254,79.9,24.0,56.4,58.2,6.95,55.4,63.68
S02255,67.5,6.2,43.7,55.7,7.34,81.8,57.07
S02256,83.6,13.0,58.8,67.8,7.61,45.5,61.12
S02257,88.9,23.7,55.9,72.1,6.76,20.3,67.35
S02258,75.8,26.2,64.1,64.9,9.03,63.8,67.52
S02259,54.0,9.1,31.8,43.1,5.71,39.9,46.31
S02260,82.0,23.0,42.8,61.2,6.13,29.3,54.06
S02261,84.4,4.4,48.9,57.5,8.08,55.4,61.14
S02262,84.0,17.4,40.9,58.2,6.11,74.5,58.3
S02263,92.4,25.8,56.4,64.5,6.06,43.5,69.9
S02264,69.3,14.1,36.0,49.5,7.65,64.9,45.91
S02265,86.8,7.5,44.3,55.3,6.24,68.6,55.92
S02266,91.9,19.0,53.8,66.7,7.34,70.8,68.69
S02267,62.2,13.8,36.6,55.9,6.66,40.4,60.2
S02268,83.2,22.4,49.5,61.1,6.47,32.6,64.22
S02269,75.0,11.8,41.1,47.3,4.98,35.3,43.62
S02270,79.2,12.6,58.3,69.3,7.67,70.8,58.21
S02271,83.5,3.9,38.0,58.2,6.0,68.3,54.65
S02272,75.1,19.2,52.5,66.5,7.3,35.9,56.87
S02273,73.2,16.9,51.2,66.8,6.89,97.7,57.85
S02274,80.3,9.7,48.7,61.2,7.25,33.5,49.76
S02275,69.1,19.4,45.7,58.8,7.32,75.0,58.85
S02276,69.1,25.2,44.9,56.3,7.73,85.4,62.45
S02277,86.8,16.5,62.4,74.9,6.63,57.2,63.0
S02278,68.5,19.9,54.1,64.2,8.99,39.6,71.83
S02279,86.7,19.9,46.2,57.9,5.28,40.0,60.35
S02280,84.6,9.6,62.8,65.1,7.23,49.8,70.64
S02281,62.7,32.4,55.7,68.5,8.5,76.6,69.17
S02282,73.2,14.7,66.0,68.2,8.07,31.0,57.29
S02283,91.9,22.6,45.1,64.3,6.33,18.2,54.74
S02284,70.2,23.4,46.5,56.3,6.53,62.2,57.16
S02285,75.4,17.0,38.6,53.4,6.29,66.6,58.32
S02286,84.6,22.2,56.2,68.5,8.22,94.4,67.03
S02287,87.8,19.7,51.6,71.7,6.61,27.4,67.41
S02288,77.5,8.1,46.4,50.2,7.81,52.3,61.16
S02289,74.0,15.7,50.9,63.9,7.82,78.2,55.52
S02290,94.2,13.7,60.1,80.8,10.0,57.4,64.39
S02291,97.4,14.8,56.8,61.8,7.88,51.1,69.81
S02292,89.8,8.9,44.7,59.5,6.53,70.8,57.69
S02293,80.9,25.9,58.2,69.7,5.75,43.0,65.98
S02294,71.9,29.2,45.5,56.8,7.17,72.0,66.38
S02295,71.7,24.8,52.6,64.1,7.36,29.9,52.1
S02296,85.2,26.9,41.3,53.1,4.85,24.6,59.03
S02297,84.2,15.6,45.0,60.2,6.64,49.5,58.33
S02298,94.0,13.5,51.6,74.0,7.86,3.7,64.68
S02299,86.5,12.5,49.6,70.8,6.86,56.7,54.37
S02300,65.0,22.5,53.5,64.5,8.66,20.3,61.1
S02301,90.5,19.6,43.5,53.8,5.63,60.6,54.84
S02302,70.0,17.5,48.9,59.5,8.31,58.7,65.11
S02303,76.2,27.1,51.1,57.4,8.6,53.6,64.03
S02304,82.5,20.8,51.0,65.6,8.65,63.7,61.63
S02305,100.0,12.1,57.4,71.7,5.62,59.1,56.65
S02306,100.0,13.2,49.4,61.6,7.88,49.1,67.6
S02307,86.1,22.8,53.4,64.6,6.7,91.6,71.46
S02308,78.2,25.3,58.9,60.2,5.81,62.9,74.1
S02309,85.3,21.9,60.7,77.7,7.0,70.4,66.55
S02310,88.9,31.3,58.2,71.7,6.41,76.5,65.02
S02311,76.8,29.4,57.9,74.2,8.6,68.4,70.44
S02312,98.0,21.1,64.7,77.7,8.12,96.3,70.24
S02313,82.3,12.1,49.0,63.0,6.12,58.3,52.58
S02314,85.0,8.8,56.7,68.8,6.63,54.9,61.55
S02315,86.7,15.3,51.1,64.1,7.04,42.0,66.38
S02316,84.2,23.3,60.8,66.9,7.41,49.9,68.81
S02317,88.4,30.8,60.3,70.2,8.71,40.4,73.21
S02318,73.8,20.9,65.0,78.3,8.33,68.5,73.56
S02319,74.4,26.2,52.2,68.2,7.56,36.8,62.42
S02320,69.0,16.3,37.6,42.6,7.19,56.5,59.39
S02321,84.4,22.4,48.9,59.4,5.37,66.2,77.82
S02322,87.8,23.8,65.5,78.0,9.05,58.0,69.51
S02323,84.6,4.1,57.3,71.5,6.96,37.1,64.08
S02324,96.7,15.1,55.8,67.9,9.37,69.0,75.58
S02325,79.9,24.6,44.4,64.8,7.74,53.3,66.22
S02326,86.7,19.9,65.0,74.3,9.93,0.0,76.66
S02327,69.1,9.6,51.2,53.8,8.23,35.3,55.33
S02328,76.1,1.0,32.0,54.2,5.78,83.0,49.62
S02329,87.0,15.4,49.2,57.9,6.76,84.7,60.54
S02330,88.5,17.5,52.2,70.8,7.3,65.5,65.12
S02331,77.1,11.8,51.1,51.1,6.45,70.7,58.13
S02332,79.3,19.0,48.4,59.0,7.05,39.4,60.84
S02333,64.8,21.5,41.1,55.3,5.86,49.8,46.81
S02334,76.4,22.7,53.2,67.8,7.51,79.7,67.88
S02335,88.9,1.5,42.2,61.7,7.78,63.5,52.61
S02336,85.8,8.8,58.8,68.7,6.3,56.3,55.47
S02337,85.0,15.9,65.5,73.5,9.83,51.3,74.98
S02338,80.5,22.0,49.5,71.0,7.58,78.5,59.66
S02339,80.1,21.4,43.5,61.0,6.52,77.4,58.47
S02340,73.4,21.3,39.0,57.1,5.54,68.0,48.7
S02341,87.0,15.3,57.1,69.3,7.57,56.3,61.25
S02342,84.2,15.7,45.6,63.8,7.19,47.9,73.25
S02343,84.9,12.9,53.3,61.5,8.44,68.9,57.2
S02344,74.7,23.4,41.5,54.2,7.33,33.0,56.21
S02345,58.5,11.6,42.6,46.6,6.07,37.1,53.97
S02346,91.0,24.0,66.7,80.9,9.5,26.0,76.55
S02347,75.2,19.5,51.6,60.6,8.02,79.7,61.32
S02348,71.4,17.7,49.7,58.1,7.2,40.6,52.35
S02349,86.9,13.4,58.1,67.3,7.7,63.1,67.18
S02350,76.1,8.5,50.7,68.2,8.07,52.5,55.56
S02351,90.6,13.5,53.4,66.1,5.79,100.0,74.74
S02352,86.2,15.7,46.8,56.1,7.69,63.8,57.82
S02353,86.8,1.4,49.6,60.9,6.96,17.8,61.58
S02354,66.3,16.6,50.6,58.5,8.11,78.5,63.82
S02355,92.1,24.5,62.3,70.1,6.61,47.3,73.27
S02356,82.6,22.0,52.1,64.1,6.77,51.0,61.29
S02357,76.3,14.5,55.3,72.9,9.5,41.5,60.92
S02358,81.4,18.3,53.7,63.9,8.98,58.9,62.8
S02359,62.2,14.1,42.6,47.0,3.55,58.7,51.16
S02360,84.1,19.0,43.7,66.2,8.89,42.1,65.83
S02361,69.7,28.8,55.2,63.1,7.41,44.8,52.55
S02362,66.5,24.8,47.5,54.5,6.65,57.0,49.81
S02363,64.8,21.6,43.9,50.6,6.29,8.1,50.52
S02364,91.1,14.5,49.0,60.8,6.36,26.2,60.71
S02365,73.7,23.2,49.1,64.0,6.68,88.4,60.75
S02366,95.3,6.2,51.8,61.2,6.15,61.6,53.71
S02367,74.6,16.2,40.3,53.4,5.87,44.5,46.01
S02368,62.9,22.1,45.3,48.6,6.25,21.1,57.1
S02369,68.8,23.2,53.6,60.7,7.89,53.9,62.05
S02370,92.4,22.7,51.7,69.7,7.56,74.7,78.0
S02371,78.4,20.1,57.3,58.9,8.17,100.0,57.3
S02372,74.5,16.6,51.9,66.9,7.42,92.8,65.98
S02373,81.6,21.8,44.3,55.9,5.93,37.3,60.08
S02374,85.0,11.3,46.2,71.5,8.09,45.1,65.05
S02375,91.2,12.1,45.1,62.8,6.29,25.6,60.87
S02376,94.5,18.4,59.7,63.7,8.28,38.2,63.05
S02377,76.4,19.2,46.7,59.5,6.1,50.7,55.67
S02378,66.7,5.2,50.0,53.0,6.68,47.7,49.66
S02379,75.9,21.2,48.3,62.4,7.07,96.1,56.12
S02380,82.6,23.4,51.7,75.3,8.31,28.7,72.41
S02381,70.4,17.5,53.6,65.4,7.71,54.1,45.06
S02382,70.4,34.6,48.6,62.2,7.52,13.7,56.63
S02383,83.4,13.2,53.7,62.0,9.76,61.6,53.35
S02384,79.5,15.5,39.9,58.2,5.3,28.2,58.35
S02385,80.3,15.2,29.6,54.4,6.25,77.1,54.16
S02386,72.4,17.5,49.2,63.5,6.2,49.2,53.34
S02387,77.7,15.7,50.0,56.8,5.38,27.0,53.86
S02388,70.8,8.2,49.2,57.5,6.64,12.9,51.29
S02389,88.9,14.2,67.4,72.2,8.33,35.4,58.81
S02390,90.4,17.3,61.9,69.7,6.79,59.8,66.14
S02391,61.5,26.6,46.0,49.4,7.1,63.4,65.37
S02392,70.7,33.4,54.6,62.9,5.43,45.0,72.28
S02393,65.0,27.3,47.1,59.4,6.54,73.5,65.07
S02394,73.5,12.6,44.2,53.9,6.95,32.3,53.5
S02395,79.2,13.1,48.1,65.5,8.27,0.0,62.34
S02396,65.5,16.9,39.8,54.7,5.49,60.7,54.99
S02397,70.8,30.5,53.6,70.3,6.95,80.8,60.22
S02398,70.0,16.8,62.1,62.1,8.8,81.0,58.09
S02399,82.1,8.7,52.6,64.9,6.97,29.0,59.49
S02400,80.7,14.5,39.0,59.6,4.96,44.1,47.94
S02401,72.8,23.3,49.9,63.3,9.04,69.5,58.43
S02402,81.8,22.8,60.2,77.4,8.38,42.5,76.45
S02403,74.5,16.6,58.6,62.9,8.54,57.1,62.63
S02404,77.3,22.8,53.9,61.0,5.41,40.7,58.3
S02405,96.7,2.1,56.0,61.9,9.31,33.2,52.27
S02406,93.4,18.7,56.4,58.5,6.57,37.1,59.01
S02407,67.0,24.0,53.4,52.8,6.89,74.1,57.29
S02408,88.3,12.2,42.1,66.5,6.66,55.3,52.11
S02409,88.1,12.1,57.8,65.6,8.64,80.4,57.39
S02410,68.5,4.9,49.4,52.1,7.28,65.4,60.88
S02411,88.2,29.1,62.8,76.3,8.08,87.1,83.33
S02412,95.4,13.0,54.9,64.9,7.59,71.4,63.13
S02413,68.8,19.7,64.6,71.6,7.39,70.2,56.37
S02414,70.8,22.2,58.8,71.8,6.36,52.6,51.99
S02415,90.2,28.6,65.0,67.7,9.67,100.0,74.08
S02416,82.7,16.9,46.2,61.1,5.74,57.3,43.48
S02417,85.5,14.2,58.3,57.8,7.99,15.5,56.69
S02418,83.4,19.2,54.5,60.2,7.95,60.4,50.98
S02419,83.9,27.0,67.9,78.5,8.89,35.4,72.57
S02420,66.7,16.8,45.1,55.4,9.17,75.3,59.63
S02421,90.5,11.3,51.2,66.1,7.34,69.5,59.95
S02422,91.7,7.2,58.3,68.8,8.14,51.2,74.76
S02423,77.7,9.5,61.1,60.9,9.62,37.2,59.19
S02424,79.6,24.1,44.7,65.2,7.42,57.9,73.01
S02425,64.7,15.8,37.2,51.7,6.22,42.2,50.95
S02426,85.1,13.7,40.9,59.2,7.04,70.8,69.33
S02427,85.7,13.0,42.3,54.2,5.93,66.1,43.89
S02428,79.4,18.6,45.8,64.1,7.95,100.0,56.54
S02429,91.2,16.3,62.0,66.9,8.78,46.1,65.04
S02430,76.7,16.1,51.4,56.8,7.35,48.9,67.23
S02431,85.6,27.4,50.0,64.5,5.55,51.9,61.71
S02432,69.8,28.8,56.2,72.4,8.73,52.8,64.12
S02433,79.8,6.7,49.3,53.5,5.37,75.5,54.97
S02434,78.3,20.3,40.5,57.7,5.64,49.5,60.69
S02435,82.3,12.6,38.9,58.6,7.29,94.4,52.58
S02436,76.3,16.3,55.6,66.4,7.8,66.6,57.8
S02437,78.7,20.2,51.6,61.3,8.01,45.3,71.71
S02438,88.3,16.5,47.8,63.3,7.42,40.2,67.85
S02439,75.6,19.6,61.0,70.5,9.61,75.8,77.43
S02440,63.9,22.7,37.2,61.7,7.58,55.6,62.45
S02441,97.5,20.1,56.6,68.3,8.74,55.2,64.14
S02442,93.8,13.5,43.3,58.3,8.44,43.0,59.71
S02443,67.1,13.6,43.8,67.5,5.95,53.8,46.96
S02444,86.9,7.9,59.9,67.9,7.3,42.2,65.37
S02445,75.0,12.0,52.8,69.0,10.0,82.2,60.55
S02446,82.6,31.7,50.6,69.1,6.89,69.3,58.11
S02447,82.9,12.5,59.5,68.7,6.69,51.5,61.07
S02448,77.7,9.6,53.2,66.6,7.7,51.2,64.65
S02449,72.2,20.2,63.0,69.1,6.94,56.8,54.85
S02450,73.1,17.2,47.9,63.6,6.55,54.9,56.4
S02451,70.8,16.6,48.5,59.0,6.92,35.9,51.92
S02452,71.7,27.9,66.5,78.1,9.22,17.0,76.26
S02453,79.3,21.8,51.7,73.5,7.34,39.0,51.28
S02454,72.8,14.3,45.5,56.0,5.91,52.4,59.51
S02455,86.8,15.0,33.3,56.5,5.69,40.2,48.3
S02456,94.9,14.5,73.4,78.1,10.0,71.4,73.33
S02457,74.2,24.1,53.8,62.8,7.23,50.4,67.4
S02458,82.4,15.8,53.1,67.3,8.02,92.5,73.12
S02459,85.0,5.4,52.4,58.9,6.57,43.8,54.02
S02460,84.7,17.7,47.5,64.6,7.89,57.8,57.57
S02461,80.8,7.2,50.9,66.4,9.25,49.2,55.99
S02462,87.4,33.3,60.1,78.7,6.72,63.8,80.29
S02463,84.8,11.2,53.4,61.1,8.05,76.3,55.43
S02464,67.6,16.9,45.7,56.0,5.81,67.2,55.41
S02465,88.7,19.8,64.0,73.5,9.93,14.4,69.7
S02466,88.9,16.0,58.9,73.2,7.82,65.0,70.84
S02467,72.4,16.0,39.8,59.4,7.0,34.8,53.86
S02468,80.4,21.0,59.7,75.3,7.14,48.8,62.95
S02469,86.8,28.7,52.7,65.2,6.89,68.8,64.44
S02470,77.9,23.4,51.8,63.9,6.95,32.6,58.04
S02471,90.7,28.3,46.1,65.1,4.56,78.1,55.47
S02472,100.0,10.7,53.7,71.9,7.38,47.9,66.38
S02473,72.1,20.2,51.3,48.9,7.33,98.4,60.63
S02474,66.2,19.1,54.5,58.6,8.09,56.4,50.49
S02475,83.0,20.5,57.3,69.0,6.87,89.1,63.28
S02476,87.2,27.6,57.1,67.2,6.57,79.0,66.75
S02477,77.7,16.5,47.3,64.9,7.49,42.8,55.16
S02478,94.5,15.2,52.0,68.9,5.57,29.0,58.89
S02479,66.6,21.7,51.2,59.6,7.67,57.3,58.87
S02480,86.9,5.6,44.0,58.4,5.27,43.3,55.76
S02481,73.9,16.3,57.0,73.6,8.84,86.6,65.74
S02482,97.2,17.1,51.8,75.4,8.32,50.1,71.0
S02483,99.9,11.6,40.6,57.7,6.39,49.0,48.46
S02484,72.3,25.4,61.6,67.7,8.29,27.1,59.04
S02485,74.5,10.6,47.8,59.2,7.63,63.4,47.36
S02486,88.6,17.0,53.2,59.6,6.29,31.5,56.49
S02487,76.1,20.1,39.1,58.4,5.07,63.8,54.78
S02488,79.5,27.5,63.6,68.0,7.88,66.6,79.59
S02489,80.3,17.9,51.4,61.2,6.55,40.0,53.38
S02490,60.8,24.6,51.2,67.2,8.81,74.1,68.78
S02491,79.9,22.9,55.3,64.0,7.52,49.5,58.77
S02492,73.1,18.9,37.3,52.7,6.66,25.6,52.42
S02493,75.1,10.4,57.0,68.6,9.66,85.9,62.61
S02494,94.4,8.0,64.3,70.2,8.19,36.5,57.89
S02495,67.4,18.7,37.3,53.2,3.11,65.1,42.77
S02496,88.1,14.2,52.7,59.9,6.92,63.5,69.61
S02497,77.2,24.4,46.4,47.3,5.84,62.8,53.75
S02498,77.2,23.2,56.5,68.2,6.54,62.4,69.63
S02499,87.9,16.7,60.9,67.3,7.33,35.6,67.5
S02500,83.4,9.9,49.3,58.7,7.92,88.8,55.35
S02501,85.7,21.6,58.0,71.3,7.81,74.1,67.99
S02502,89.7,10.9,58.1,72.2,8.79,64.5,65.97
S02503,76.7,12.7,54.2,60.2,8.26,28.3,60.59
S02504,73.9,11.1,45.6,65.2,8.19,35.4,53.5
S02505,69.1,17.0,56.1,66.8,7.74,68.1,51.96
S02506,71.7,26.2,60.2,79.4,9.04,14.9,64.02
S02507,100.0,18.0,64.2,71.6,7.12,61.8,75.9
S02508,92.4,14.9,47.1,65.0,7.15,28.4,59.49
S02509,66.5,7.3,31.5,45.8,5.21,37.6,39.19
S02510,66.8,21.9,65.5,67.0,8.77,26.8,55.21
S02511,84.8,12.5,58.5,68.4,7.41,59.9,69.45
S02512,85.5,18.8,56.6,74.9,10.0,77.3,69.38
S02513,85.5,15.5,56.7,68.2,7.01,62.0,69.12
S02514,77.5,23.9,50.7,62.4,7.61,64.2,67.42
S02515,78.7,16.9,43.2,59.9,8.16,58.4,63.8
S02516,83.3,17.6,36.4,53.0,6.18,68.7,65.0
S02517,80.9,21.4,54.6,62.9,7.93,64.3,65.03
S02518,57.8,32.7,59.5,63.2,7.54,0.7,61.2
S02519,77.7,24.2,61.4,75.1,7.14,73.1,77.34
S02520,71.5,17.4,61.1,77.8,8.91,71.0,71.72
S02521,81.8,18.0,54.4,69.7,6.42,47.8,56.95
S02522,100.0,14.3,59.9,70.5,7.83,15.5,71.21
S02523,83.7,11.4,63.3,73.5,9.25,59.8,75.08
S02524,76.9,14.1,35.3,43.4,6.65,61.5,36.66
S02525,89.2,12.6,58.1,66.3,7.14,46.2,53.87
S02526,84.8,22.6,55.7,70.8,10.0,58.7,65.39
S02527,84.2,10.5,47.3,72.0,8.07,76.4,65.63
S02528,86.1,27.3,59.2,70.7,6.89,100.0,75.4
S02529,100.0,23.3,68.2,79.6,8.46,57.9,78.61
S02530,68.7,18.1,43.0,55.2,6.82,61.7,60.01
S02531,84.7,18.0,51.8,59.9,5.62,38.5,50.99
S02532,70.7,14.1,56.4,67.9,9.15,45.0,54.01
S02533,85.6,19.9,48.5,58.5,6.18,52.3,66.76
S02534,70.8,25.6,60.1,73.7,10.0,78.6,71.87
S02535,75.8,13.1,60.0,70.7,6.91,71.4,68.31
S02536,77.0,7.3,53.7,66.8,10.0,93.6,58.22
S02537,89.8,22.9,50.1,62.2,5.86,25.2,54.32
S02538,89.2,20.3,60.2,72.4,8.73,28.5,60.25
S02539,67.5,10.2,46.6,63.4,8.1,77.0,60.83
S02540,80.5,12.9,58.4,68.1,8.51,84.0,70.88
S02541,72.9,12.0,60.4,63.0,8.66,55.7,63.61
S02542,67.4,12.9,43.5,58.3,6.9,0.0,47.04
S02543,77.8,15.7,40.9,51.5,5.93,40.1,55.76
S02544,76.9,16.1,62.3,65.3,7.44,61.7,65.96
S02545,100.0,13.4,58.2,73.0,7.77,37.0,53.56
S02546,84.3,12.7,39.8,53.9,6.93,58.7,52.48
S02547,66.2,16.4,59.6,54.1,7.83,93.0,61.36
S02548,74.4,19.2,58.7,68.1,7.9,83.5,71.42
S02549,90.2,15.8,60.8,56.8,6.41,71.2,61.23
S02550,100.0,26.1,70.7,75.4,7.97,53.7,76.35
S02551,64.1,21.6,63.4,67.6,7.18,45.1,61.23
S02552,61.2,6.9,34.3,49.0,6.66,70.2,47.03
S02553,98.7,21.7,56.9,73.3,8.44,55.5,62.64
S02554,83.9,22.2,48.8,58.3,6.57,56.2,57.12
S02555,71.3,15.0,43.8,54.0,6.95,24.0,38.7
S02556,85.3,7.5,51.4,65.9,7.59,40.7,54.65
S02557,53.6,18.1,46.2,56.2,9.15,70.0,59.44
S02558,80.0,17.9,45.7,55.5,7.73,33.0,52.72
S02559,83.3,10.1,47.3,58.0,8.13,60.3,55.94
S02560,89.2,7.8,48.9,60.2,7.14,63.3,59.37
S02561,69.9,17.4,55.5,63.6,7.41,64.4,76.18
S02562,80.9,16.4,48.2,62.6,7.44,66.2,59.59
S02563,70.7,15.1,54.3,55.8,7.85,67.6,62.34
S02564,82.6,17.4,43.7,67.1,7.14,42.5,58.14
S02565,71.0,10.3,32.6,51.2,9.11,25.6,52.62
S02566,75.9,15.0,47.8,61.5,7.05,37.5,55.98
S02567,70.0,21.7,40.5,48.2,5.45,69.6,50.53
S02568,86.5,15.6,55.5,84.0,10.0,31.0,67.45
S02569,88.6,6.3,43.9,66.4,7.11,34.2,62.41
S02570,77.7,14.7,50.8,61.2,9.08,34.1,61.52
S02571,80.4,10.5,49.0,64.9,9.19,18.1,51.03
S02572,65.5,19.9,46.4,54.7,8.63,32.1,54.16
S02573,77.0,20.2,43.0,57.6,7.26,75.0,53.8
S02574,79.5,6.4,36.6,57.7,7.84,40.7,56.96
S02575,100.0,23.3,41.9,68.1,5.97,20.0,57.77
S02576,68.9,10.2,68.3,63.8,9.89,44.8,66.98
S02577,94.6,28.9,56.4,66.6,6.48,65.2,75.23
S02578,90.0,17.7,63.2,75.3,7.2,18.4,66.12
S02579,82.8,9.3,49.5,68.6,7.62,74.1,62.7
S02580,97.6,10.0,53.6,63.8,7.37,26.2,56.81
S02581,83.7,20.4,53.4,69.2,6.71,47.1,67.88
S02582,83.9,15.3,61.3,65.2,9.17,46.8,57.53
S02583,79.5,17.3,47.7,62.6,8.64,43.8,58.01
S02584,92.2,29.3,58.2,67.5,7.89,53.7,69.27
S02585,91.0,13.1,54.3,63.9,7.02,70.6,67.63
S02586,73.7,18.4,42.6,70.4,8.78,54.2,71.63
S02587,66.8,27.9,57.3,62.8,6.94,42.9,59.64
S02588,78.0,19.9,64.1,70.8,9.38,64.1,68.12
S02589,72.0,6.8,34.0,49.1,7.63,59.1,41.35
S02590,79.4,21.5,52.2,65.9,8.98,41.6,64.11
S02591,92.4,9.9,53.5,62.0,7.36,55.8,66.4
S02592,75.4,27.8,59.1,68.3,7.59,40.0,55.55
S02593,79.6,12.2,63.7,69.9,8.97,37.7,63.53
S02594,80.6,38.8,62.4,75.5,10.0,71.1,83.8
S02595,88.5,28.3,77.5,79.8,9.37,63.9,79.33
S02596,57.5,12.4,46.5,56.6,8.55,70.4,52.87
S02597,73.9,18.1,51.1,59.4,8.21,67.7,65.91
S02598,82.1,23.3,55.9,64.8,6.89,37.3,58.25
S02599,92.0,23.5,60.3,70.4,7.85,75.0,65.84
S02600,75.1,21.1,49.8,48.9,6.4,49.0,45.12
S02601,61.2,26.8,62.5,69.5,7.95,73.6,68.11
S02602,86.2,17.1,56.8,59.3,8.03,52.5,64.06
S02603,73.6,15.4,36.4,41.5,5.15,61.3,44.53
S02604,68.1,15.6,42.9,60.6,7.55,61.9,50.29
S02605,73.8,24.0,62.4,62.9,8.0,71.3,65.76
S02606,78.2,20.6,56.1,54.9,7.4,22.3,59.76
S02607,74.0,20.0,42.9,66.3,7.93,23.5,51.42
S02608,57.9,23.6,32.8,44.3,5.89,68.4,38.06
S02609,89.0,3.6,47.7,65.8,6.57,62.1,44.71
S02610,92.7,20.2,64.0,70.8,8.74,39.5,60.85
S02611,86.5,19.5,50.5,57.3,7.5,62.3,54.66
S02612,68.6,29.7,43.5,58.8,7.91,26.8,60.06
S02613,78.0,7.3,39.4,48.4,6.84,100.0,52.2
S02614,79.9,28.9,65.4,73.6,7.52,81.2,70.98
S02615,86.0,18.5,48.8,62.3,4.74,67.4,60.27
S02616,86.7,21.4,64.2,78.1,8.52,56.5,73.33
S02617,72.7,29.7,67.0,73.0,9.67,42.6,74.37
S02618,80.8,21.9,46.0,66.9,6.22,28.8,59.78
S02619,84.6,20.8,48.7,57.6,6.37,52.7,53.28
S02620,94.6,19.7,57.6,72.5,8.03,37.8,59.6
S02621,87.0,14.6,61.0,71.6,9.27,39.0,62.9
S02622,87.9,17.8,60.9,79.6,7.5,26.7,72.98
S02623,80.8,13.0,57.6,68.3,6.02,60.0,73.21
S02624,94.1,17.7,60.4,71.0,7.25,47.5,69.54
S02625,84.1,1.6,49.5,58.9,6.26,65.7,54.05
S02626,71.4,21.0,59.6,71.0,6.7,64.1,69.39
S02627,94.0,17.1,53.7,64.0,7.14,59.6,72.74
S02628,87.0,15.6,57.2,55.1,6.38,100.0,55.86
S02629,75.6,19.5,51.9,56.1,6.57,71.5,76.24
S02630,75.2,8.0,51.5,58.0,7.59,29.8,62.89
S02631,83.0,31.5,56.7,76.9,7.76,64.2,63.95
S02632,84.6,17.3,39.8,61.9,5.79,53.9,50.33
S02633,82.0,17.0,55.9,66.4,7.98,28.2,78.68
S02634,83.1,11.2,51.7,64.5,7.04,26.6,62.96
S02635,97.0,18.2,56.4,68.9,8.36,64.1,64.7
S02636,90.7,27.7,60.6,84.9,8.44,69.0,76.13
S02637,81.9,25.3,47.7,69.0,6.85,34.1,67.44
S02638,89.4,24.0,53.8,70.4,8.24,74.4,74.78
S02639,69.7,21.8,44.3,56.1,6.5,60.7,64.7
S02640,84.0,15.5,49.3,70.0,9.09,78.9,66.58
S02641,98.1,7.8,48.0,63.2,6.54,76.8,60.67
S02642,77.8,16.6,56.6,56.4,7.92,51.8,57.82
S02643,71.5,16.3,57.1,70.1,7.27,87.7,56.75
S02644,73.5,25.3,61.2,70.6,6.28,32.5,57.51
S02645,69.1,20.2,50.3,64.4,8.58,100.0,62.74
S02646,72.2,29.3,58.2,62.9,6.76,37.4,65.75
S02647,76.3,26.4,49.5,59.5,5.46,54.0,50.95
S02648,65.9,14.8,35.1,32.0,4.04,43.7,53.7
S02649,80.2,5.4,47.5,51.6,6.45,47.5,46.14
S02650,89.0,27.7,69.4,87.8,9.15,100.0,75.13
S02651,70.9,27.5,53.9,69.5,9.01,45.7,66.73
S02652,95.2,8.4,48.0,53.2,6.64,72.0,42.35
S02653,85.1,28.6,53.1,63.1,7.05,50.3,68.22
S02654,90.3,20.7,50.6,56.2,6.94,73.7,56.76
S02655,73.4,19.1,52.9,55.3,5.9,44.1,44.35
S02656,88.5,29.3,50.2,65.0,6.36,60.1,67.19
S02657,69.1,27.4,51.8,72.9,8.68,67.6,68.18
S02658,88.9,22.6,59.9,75.8,8.1,40.6,80.79
S02659,81.7,21.3,56.0,65.8,7.83,100.0,68.0
S02660,85.5,22.3,47.8,60.3,5.9,68.6,61.96
S02661,68.2,15.2,58.2,58.4,7.62,50.5,57.91
S02662,71.0,17.6,37.2,55.0,4.74,41.1,34.17
S02663,86.0,11.7,53.9,73.0,8.51,56.8,63.85
S02664,70.5,15.7,37.9,48.7,7.81,30.7,51.35
S02665,84.6,15.4,46.0,50.4,5.89,90.6,55.56
S02666,66.3,13.6,44.5,58.0,9.44,63.6,52.13
S02667,88.5,19.0,43.0,57.7,5.34,53.2,60.32
S02668,67.7,15.7,37.9,56.5,8.14,75.9,49.54
S02669,85.5,21.5,51.5,59.0,8.17,40.6,67.28
S02670,86.3,6.6,45.5,54.0,6.01,31.9,53.05
S02671,73.0,17.2,48.2,59.5,7.45,52.4,66.0
S02672,85.8,18.9,45.8,55.4,5.54,57.6,54.21
S02673,82.6,15.8,40.0,56.8,4.08,65.6,60.34
S02674,74.6,16.8,43.2,65.2,6.22,25.5,55.95
S02675,69.9,6.9,43.2,50.6,6.76,45.9,47.8
S02676,60.4,20.5,48.6,63.1,8.27,0.0,50.83
S02677,83.5,22.5,56.5,66.0,7.58,31.4,66.52
S02678,64.4,21.5,47.6,53.7,7.61,69.3,54.69
S02679,81.0,25.3,48.4,58.3,6.28,74.2,61.72
S02680,77.4,19.4,54.5,66.9,6.86,32.2,64.95
S02681,86.8,21.4,55.4,62.5,6.38,48.5,62.26
S02682,77.0,19.1,46.9,55.9,6.03,55.5,58.18
S02683,76.7,22.8,57.6,59.0,6.79,76.6,71.9
S02684,87.3,7.0,51.6,66.7,7.59,85.6,63.27
S02685,83.4,11.7,48.1,62.8,6.81,58.1,53.12
S02686,83.2,29.1,54.9,74.9,7.11,49.8,66.26
S02687,84.7,1.0,51.7,66.0,8.33,26.1,55.57
S02688,64.6,17.0,39.9,55.0,6.9,57.2,65.4
S02689,87.6,26.2,40.9,63.2,5.9,96.5,55.63
S02690,86.1,17.3,57.5,67.7,8.18,80.8,67.42
S02691,69.8,15.2,54.1,62.2,7.82,58.5,66.8
S02692,77.6,18.9,46.8,66.6,7.89,61.1,65.19
S02693,79.6,15.5,59.9,63.7,8.25,41.2,61.19
S02694,78.7,18.2,43.5,69.7,8.05,47.9,50.61
S02695,83.3,13.2,48.4,65.5,7.53,58.0,68.59
S02696,94.3,25.8,76.5,94.7,10.0,58.0,79.63
S02697,90.8,28.0,56.0,61.9,5.96,75.2,61.14
S02698,66.9,17.1,43.9,49.1,6.8,74.2,54.99
S02699,86.2,8.3,55.9,69.3,8.66,65.4,70.8
S02700,93.3,14.3,62.6,72.2,7.67,35.0,67.68
S02701,83.9,16.7,46.9,62.2,8.41,35.8,58.23
S02702,90.9,21.5,65.0,67.1,7.7,37.2,69.08
S02703,100.0,10.9,57.9,72.6,9.15,59.7,68.38
S02704,90.2,12.6,54.1,65.2,6.29,14.5,54.87
S02705,82.5,21.6,55.1,63.3,9.11,54.9,66.58
S02706,90.5,24.6,71.6,77.0,8.91,83.2,71.3
S02707,81.4,13.6,46.6,60.1,6.05,68.3,50.26
S02708,80.2,8.7,43.6,63.9,8.26,48.0,59.49
S02709,76.5,41.0,60.9,69.9,7.45,41.0,70.52
S02710,95.6,23.5,64.1,69.1,6.77,71.1,69.77
S02711,71.8,16.1,49.4,55.9,5.23,61.1,48.87
S02712,95.3,24.1,55.5,67.7,6.29,50.1,62.94
S02713,85.0,17.1,60.8,63.0,8.35,43.2,61.14
S02714,66.0,24.1,50.2,59.9,8.48,56.5,57.94
S02715,83.7,19.1,56.3,63.4,7.25,48.9,60.04
S02716,59.0,18.6,51.1,59.4,8.48,70.7,59.62
S02717,86.3,17.2,39.8,59.2,8.63,79.8,69.97
S02718,88.9,7.9,46.2,59.5,7.69,27.7,59.87
S02719,74.1,31.6,53.2,62.9,6.63,30.5,61.52
S02720,81.2,11.4,53.0,67.4,8.03,82.0,57.74
S02721,99.5,8.5,56.6,71.0,8.08,58.3,53.56
S02722,74.9,16.5,53.1,77.3,8.31,32.4,58.45
S02723,69.4,11.3,57.2,57.0,8.54,74.7,51.67
S02724,94.8,17.6,53.7,70.1,5.87,61.8,63.77
S02725,99.6,22.8,43.7,65.8,6.89,99.1,77.25
S02726,80.0,25.0,59.1,56.7,5.22,50.3,58.24
S02727,90.1,23.7,48.2,66.5,8.4,77.2,59.22
S02728,93.4,15.9,60.4,62.6,7.25,26.0,61.34
S02729,72.6,18.3,42.1,59.2,8.02,82.9,56.46
S02730,75.1,20.9,54.8,59.0,5.73,73.9,66.91
S02731,92.3,5.7,55.3,66.0,9.18,87.1,52.08
S02732,96.9,22.0,56.4,63.3,6.07,77.2,60.1
S02733,85.6,7.8,41.5,66.0,8.43,53.0,61.94
S02734,71.2,32.3,58.7,66.5,7.64,31.6,57.25
S02735,99.9,15.2,59.0,72.5,7.27,43.0,69.52
S02736,74.7,16.7,52.8,62.5,7.18,19.8,53.19
S02737,76.6,12.6,52.8,60.9,6.73,36.6,61.77
S02738,83.4,13.6,57.5,67.5,9.05,63.5,64.19
S02739,95.5,33.9,60.5,83.0,7.52,54.0,75.9
S02740,88.5,24.6,47.3,74.1,5.98,50.5,67.99
S02741,84.1,7.2,45.9,66.5,7.04,39.1,55.13
S02742,84.6,28.5,64.5,72.9,7.65,19.6,62.13
S02743,80.4,26.4,53.0,68.1,8.58,58.6,64.7
S02744,85.6,16.0,39.9,64.2,6.77,62.6,48.6
S02745,54.7,20.1,37.3,45.7,6.85,35.2,43.36
S02746,77.0,17.9,54.9,72.7,7.53,44.3,49.55
S02747,82.4,31.8,58.4,76.2,8.55,85.8,88.7
S02748,68.5,12.4,45.6,51.9,5.86,78.2,51.25
S02749,83.9,19.0,43.4,64.4,8.11,25.3,63.4
S02750,78.0,15.0,31.0,56.1,6.94,53.3,47.75
S02751,97.6,8.0,54.7,65.0,7.11,84.1,65.01
S02752,95.7,33.3,74.8,91.0,9.9,50.7,89.17
S02753,75.3,9.7,37.2,60.5,7.26,49.6,57.92
S02754,78.5,19.5,58.0,66.6,8.41,76.9,65.26
S02755,79.3,5.8,57.8,62.5,8.36,74.7,64.88
S02756,75.5,15.2,45.6,55.9,6.08,73.7,51.32
S02757,82.0,21.0,52.4,55.0,5.29,49.8,59.83
S02758,72.4,12.2,52.1,53.9,8.49,68.3,57.56
S02759,68.7,22.1,44.5,53.6,6.2,84.9,49.67
S02760,86.2,16.1,52.3,56.6,5.5,54.0,46.16
S02761,86.3,26.1,71.7,86.7,8.73,46.9,74.19
S02762,72.0,27.5,45.6,56.2,6.28,79.6,58.62
S02763,89.0,13.9,50.2,65.3,6.57,95.9,60.1
S02764,73.7,18.5,51.5,63.4,9.87,97.3,71.94
S02765,82.5,19.3,48.2,68.3,5.51,47.5,67.27
S02766,88.2,22.3,50.4,62.6,5.99,49.5,65.59
S02767,79.7,18.1,57.3,58.5,6.95,34.4,62.82
S02768,84.5,19.3,61.5,72.0,7.21,57.4,65.42
S02769,74.8,16.3,51.5,60.8,6.43,33.5,57.06
S02770,78.0,18.8,53.9,67.4,6.11,44.5,62.18
S02771,77.9,27.1,55.5,69.5,9.31,69.0,70.88
S02772,72.5,22.5,46.5,61.5,7.82,62.8,64.54
S02773,78.2,22.9,57.8,60.6,8.2,18.8,63.02
S02774,64.5,23.1,48.7,62.8,7.34,86.4,57.79
S02775,75.1,16.9,63.3,67.6,7.85,33.3,63.73
S02776,77.2,20.2,43.8,61.8,8.62,35.8,58.83
S02777,77.4,10.4,49.1,56.6,6.3,30.2,60.94
S02778,77.6,26.9,58.7,67.0,7.82,41.8,63.85
S02779,79.4,1.0,44.6,62.8,8.34,37.1,69.3
S02780,84.8,17.4,53.1,64.6,9.35,37.6,73.98
S02781,88.7,26.0,62.2,80.7,9.84,5.7,66.11
S02782,73.5,8.5,37.6,46.1,7.58,57.6,56.96
S02783,68.0,20.8,62.2,58.0,8.87,59.6,62.42
S02784,69.6,13.2,54.1,61.1,4.3,99.9,57.66
S02785,75.1,15.4,53.4,60.9,9.36,64.7,71.48
S02786,76.5,24.6,46.7,60.9,6.63,45.1,55.29
S02787,72.3,19.4,41.5,55.7,7.21,31.0,52.09
S02788,67.0,3.8,38.8,54.2,8.03,53.1,52.9
S02789,75.4,11.2,44.5,57.8,7.32,64.0,52.49
S02790,81.8,24.8,62.7,75.8,7.74,44.9,55.61
S02791,86.0,21.1,79.7,74.0,9.41,56.2,80.04
S02792,74.4,30.2,48.5,65.9,7.04,92.9,68.63
S02793,75.9,29.8,45.2,59.6,6.2,47.3,60.89
S02794,70.7,15.6,48.1,55.6,9.68,17.3,57.95
S02795,79.7,35.5,62.1,70.2,8.13,72.5,87.44
S02796,71.5,18.2,58.6,60.5,9.81,61.3,70.05
S02797,85.7,11.3,55.4,59.1,8.54,20.8,53.74
S02798,62.1,13.6,37.9,46.5,5.91,63.6,48.12
S02799,76.4,2.2,56.6,68.5,8.27,35.0,62.56
S02800,83.0,29.2,57.5,68.6,6.32,63.8,74.5
S02801,81.8,29.2,60.5,76.7,7.51,93.1,63.68
S02802,100.0,10.9,57.8,70.8,7.41,51.5,61.24
S02803,83.5,16.4,45.7,65.8,5.56,76.7,51.66
S02804,70.0,18.7,42.1,62.3,6.52,30.4,58.3
S02805,79.0,11.3,60.3,65.6,10.0,24.6,56.8
S02806,62.2,5.7,46.3,54.4,7.79,95.3,60.91
S02807,79.2,16.5,54.2,60.1,7.29,61.2,67.8
S02808,71.7,15.8,46.0,62.0,9.68,67.7,59.37
S02809,89.2,15.3,54.6,74.3,7.02,78.0,57.26
S02810,74.5,19.6,48.8,57.8,7.39,44.4,53.47
S02811,78.8,28.0,53.2,62.6,8.69,71.5,70.68
S02812,73.6,15.9,52.5,55.0,7.02,68.5,62.35
S02813,97.4,19.2,56.1,67.1,6.6,29.1,63.78
S02814,76.8,23.1,58.7,80.0,4.8,85.3,49.41
S02815,98.3,21.9,58.3,77.8,6.38,81.1,74.32
S02816,88.1,13.7,48.0,47.1,6.36,29.3,41.62
S02817,84.8,18.7,53.7,66.3,7.69,59.0,51.02
S02818,83.7,21.8,45.2,58.4,6.77,50.4,65.82
S02819,83.9,10.1,65.7,78.6,10.0,83.4,62.2
S02820,60.7,26.8,47.2,49.6,6.23,26.8,55.62
S02821,77.2,28.0,61.4,67.1,9.18,100.0,72.93
S02822,88.5,12.9,47.5,61.1,7.76,51.5,54.54
S02823,79.5,19.4,60.0,65.6,8.47,69.8,67.05
S02824,65.9,22.5,46.4,63.4,8.4,82.7,58.56
S02825,79.5,14.2,39.4,50.8,4.84,51.1,50.34
S02826,97.0,21.4,59.0,77.4,7.49,52.7,67.74
S02827,92.5,19.1,51.8,63.0,7.19,44.9,59.98
S02828,79.4,7.7,39.9,58.1,6.14,37.3,46.02
S02829,89.5,21.2,57.3,64.8,8.05,60.4,61.46
S02830,76.3,10.3,60.8,71.7,9.56,52.3,68.43
S02831,63.0,24.6,44.8,48.3,4.29,44.8,48.1
S02832,70.8,13.3,50.2,62.4,6.86,46.0,48.38
S02833,95.6,16.9,54.9,54.2,6.01,66.5,58.32
S02834,77.3,27.6,51.7,61.2,7.59,39.0,60.47
S02835,77.6,21.5,58.0,71.3,7.11,50.1,61.72
S02836,77.0,10.4,36.3,52.5,6.77,73.0,55.87
S02837,99.0,10.9,60.7,64.6,8.33,59.9,61.42
S02838,96.3,13.8,66.6,74.0,9.46,34.0,67.12
S02839,100.0,20.8,65.9,82.9,10.0,54.5,80.58
S02840,78.4,20.5,45.4,55.4,6.61,63.7,60.73
S02841,83.0,12.1,44.4,61.8,5.31,74.8,50.78
S02842,64.8,9.8,42.5,60.4,8.17,39.9,57.96
S02843,94.8,20.0,66.0,81.5,9.43,43.8,79.13
S02844,68.3,16.7,56.8,69.0,8.48,41.1,66.07
S02845,82.2,33.1,65.9,74.6,9.43,42.1,77.32
S02846,69.0,18.3,50.4,66.8,7.23,63.1,58.32
S02847,74.1,30.7,56.7,70.6,6.77,66.9,60.98
S02848,71.6,9.8,52.7,59.4,7.64,76.0,48.06
S02849,73.9,7.0,41.0,46.2,7.1,53.2,48.13
S02850,74.6,10.2,41.2,45.9,8.3,26.9,50.73
S02851,74.5,26.3,58.2,73.8,8.66,68.4,67.84
S02852,88.3,30.3,67.7,69.8,8.76,58.2,74.02
S02853,69.0,12.5,39.4,50.9,8.11,56.2,60.58
S02854,82.2,14.8,53.1,67.1,7.79,29.3,69.97
S02855,92.2,9.8,62.8,65.4,8.45,51.1,57.04
S02856,74.9,5.3,38.8,61.6,5.14,31.1,48.44
S02857,72.8,23.0,61.4,68.2,7.75,64.6,65.89
S02858,77.7,19.6,60.1,74.2,7.56,46.4,68.81
S02859,91.8,18.1,55.3,74.4,7.76,44.6,76.61
S02860,81.9,8.2,47.1,47.3,7.39,24.3,64.36
S02861,74.7,29.5,53.5,70.1,8.02,75.5,72.9
S02862,84.8,14.5,51.2,62.7,6.81,49.8,59.13
S02863,69.0,21.7,47.0,61.7,8.86,56.7,59.14
S02864,86.8,7.8,44.5,61.6,8.07,40.3,71.1
S02865,84.1,16.7,39.8,65.5,7.68,22.0,53.3
S02866,76.9,20.0,49.2,68.8,6.66,44.4,65.02
S02867,71.6,20.3,65.5,63.2,8.48,47.6,62.58
S02868,71.1,19.1,38.6,56.9,7.75,60.9,48.44
S02869,85.3,21.5,51.0,71.0,6.59,47.9,73.57
S02870,92.3,10.1,51.8,64.5,7.43,40.6,48.93
S02871,73.6,19.4,52.0,64.7,8.25,24.9,47.41
S02872,84.6,18.8,63.2,72.3,8.16,56.0,71.61
S02873,59.1,19.6,42.8,65.9,8.08,39.1,54.54
S02874,74.2,18.5,39.2,61.0,7.61,81.4,61.16
S02875,79.7,9.1,49.7,73.6,8.73,58.0,60.6
S02876,70.9,8.8,47.0,68.7,8.99,66.2,61.6
S02877,70.6,2.5,33.7,50.9,8.38,50.0,45.46
S02878,73.3,23.7,51.2,62.9,6.8,59.0,66.58
S02879,82.9,23.8,43.9,70.4,6.23,37.2,66.81
S02880,78.1,23.9,50.9,57.1,6.85,31.4,68.99
S02881,57.6,20.1,50.9,65.6,9.84,55.3,68.9
S02882,58.8,3.1,35.7,52.1,7.84,66.4,45.12
S02883,73.9,10.8,60.9,67.6,10.0,16.1,65.26
S02884,84.6,19.2,51.7,63.1,7.36,45.0,64.21
S02885,52.5,18.9,43.5,50.5,7.19,91.8,55.65
S02886,75.0,16.4,53.4,65.8,7.41,64.6,52.55
S02887,74.7,20.6,52.7,70.2,7.39,85.8,68.58
S02888,93.9,18.1,54.4,70.8,6.57,42.3,67.47
S02889,76.1,18.8,42.1,49.8,6.12,45.8,64.39
S02890,83.8,13.5,47.0,70.7,8.1,74.3,69.17
S02891,81.4,24.9,59.4,77.2,8.77,67.5,72.08
S02892,58.7,15.0,46.5,58.3,10.0,53.1,56.41
S02893,87.7,8.7,54.7,60.8,6.98,29.7,50.43
S02894,82.2,12.6,49.0,56.7,7.08,78.1,68.6
S02895,85.1,15.6,54.0,69.1,6.57,100.0,57.02
S02896,100.0,25.0,58.4,67.2,8.85,23.6,59.46
S02897,59.2,17.7,41.8,60.9,8.48,83.1,62.51
S02898,97.2,16.7,63.8,69.0,6.45,45.6,65.91
S02899,77.1,9.3,44.4,57.2,6.42,48.3,53.48
S02900,82.9,23.5,63.6,55.7,8.64,60.4,67.98
S02901,79.5,13.4,43.5,51.3,7.96,30.9,47.96
S02902,75.8,17.3,51.6,60.7,8.41,54.3,62.84
S02903,74.3,28.4,58.3,60.2,6.44,22.8,60.02
S02904,83.3,21.6,38.0,59.3,5.25,64.5,54.03
S02905,64.8,6.6,54.5,57.1,6.45,99.7,61.42
S02906,87.5,5.6,54.2,75.5,8.33,42.2,65.28
S02907,75.8,17.5,53.3,70.5,10.0,51.6,51.51
S02908,68.7,9.5,46.6,52.1,6.98,52.6,52.12
S02909,75.5,22.5,66.3,80.3,10.0,74.7,79.57
S02910,92.6,18.3,54.0,68.1,8.5,63.1,59.49
S02911,74.6,19.2,41.7,52.4,5.83,73.4,49.51
S02912,83.6,13.1,53.9,65.1,7.76,44.9,66.19
S02913,72.7,30.2,59.6,77.5,8.54,63.7,68.64
S02914,87.6,37.9,50.6,69.4,4.59,0.0,53.38
S02915,86.9,16.0,58.3,74.6,8.27,68.3,74.1
S02916,98.5,20.5,67.8,88.8,8.91,30.6,73.96
S02917,78.2,18.7,54.3,70.3,7.98,48.4,65.49
S02918,86.7,16.2,49.2,58.0,7.43,69.9,60.3
S02919,81.0,12.2,49.8,64.2,7.29,24.3,63.29
S02920,93.0,10.4,63.3,78.1,7.22,76.8,59.58
S02921,72.8,10.1,45.2,46.8,6.09,52.5,53.17
S02922,87.5,20.8,60.2,68.2,6.67,84.1,74.56
S02923,78.1,14.4,45.8,53.6,7.0,36.9,46.12
S02924,79.4,1.0,48.6,59.4,7.64,18.7,45.87
S02925,80.9,21.1,56.1,70.7,6.83,54.4,73.78
S02926,82.5,17.7,58.6,71.8,6.46,66.7,69.98
S02927,78.8,27.4,64.8,71.6,8.41,68.4,66.35
S02928,82.1,20.6,48.2,67.7,7.94,32.3,55.01
S02929,95.8,7.6,58.6,60.1,6.85,22.5,59.38
S02930,89.9,2.4,62.1,59.8,8.11,48.8,60.0
S02931,88.7,13.0,48.1,68.2,6.96,65.3,60.1
S02932,75.4,13.6,44.2,43.4,7.58,64.3,67.24
S02933,71.1,24.6,54.8,62.6,8.67,86.4,69.86
S02934,89.6,17.9,53.9,69.3,6.78,47.5,58.02
S02935,88.8,25.9,50.9,66.0,6.09,18.1,69.05
S02936,94.7,8.7,46.0,49.2,7.33,78.9,57.15
S02937,74.0,24.8,56.3,64.6,5.86,58.9,57.65
S02938,77.7,23.0,46.8,57.2,7.17,60.6,65.78
S02939,63.6,3.9,38.7,50.4,7.16,70.3,55.38
S02940,76.1,27.3,45.6,53.1,4.54,80.3,59.19
S02941,90.0,18.7,48.4,63.3,8.14,54.5,57.69
S02942,75.3,20.7,41.6,49.4,7.28,78.5,58.02
S02943,86.4,11.9,53.8,66.1,8.92,66.0,57.52
S02944,78.1,26.9,60.0,75.1,7.76,41.9,69.71
S02945,83.2,9.7,54.3,63.5,8.38,50.3,64.13
S02946,68.5,23.8,42.4,58.8,8.93,67.3,49.43
S02947,80.9,23.7,62.0,65.5,7.34,40.8,69.57
S02948,50.1,11.2,45.8,44.4,7.5,72.7,45.67
S02949,78.1,31.9,51.3,57.3,5.61,58.2,59.48
S02950,63.7,19.6,53.2,63.8,8.99,62.6,53.5
S02951,92.1,22.6,60.7,83.8,7.33,83.8,66.08
S02952,87.8,7.3,61.4,70.0,6.29,62.1,70.23
S02953,84.7,32.8,66.1,79.0,8.39,56.4,81.03
S02954,95.2,9.4,47.9,69.6,4.88,53.3,64.49
S02955,70.5,25.2,42.6,60.1,6.98,52.3,53.77
S02956,97.5,11.0,59.4,78.0,8.59,61.2,78.63
S02957,89.3,13.7,56.6,67.5,6.97,82.3,62.94
S02958,77.6,23.5,49.8,64.0,6.64,42.8,56.11
S02959,91.4,25.2,53.1,61.2,7.0,41.3,58.43
S02960,68.9,9.1,42.1,48.2,5.09,80.7,41.26
S02961,71.8,25.6,48.6,60.6,8.36,43.7,57.83
S02962,73.9,25.3,57.3,62.4,7.35,59.3,58.6
S02963,74.7,11.4,44.9,53.9,7.17,43.2,58.12
S02964,69.4,29.2,38.7,64.3,7.18,21.4,74.91
S02965,92.2,7.8,49.9,62.6,7.52,59.0,57.15
S02966,77.4,13.6,52.0,62.9,8.28,77.3,59.44
S02967,83.5,21.4,57.3,78.9,7.44,53.8,56.14
S02968,74.3,12.0,46.3,59.1,5.87,25.4,45.78
S02969,61.8,19.8,41.5,56.0,8.19,57.2,46.11
S02970,82.7,19.7,56.0,73.1,8.1,39.9,70.12
S02971,60.9,16.7,43.5,51.5,7.75,2.6,61.95
S02972,79.3,23.8,55.4,66.7,8.79,53.4,60.25
S02973,66.3,16.4,41.6,53.5,7.54,65.4,52.92
S02974,99.9,19.6,62.3,78.1,8.83,78.6,72.46
S02975,89.1,26.0,81.2,85.7,9.19,90.1,85.16
S02976,81.1,23.5,67.4,68.1,8.2,68.0,70.11
S02977,92.6,23.5,48.9,67.8,6.6,73.7,78.59
S02978,71.5,10.0,47.0,60.2,7.34,29.3,48.15
S02979,85.4,21.7,57.4,69.1,8.99,87.4,75.27
S02980,82.0,11.9,46.2,56.3,5.7,80.3,51.18
S02981,82.6,9.0,54.2,56.8,7.03,47.7,46.06
S02982,92.7,17.5,53.8,59.8,7.09,68.6,71.66
S02983,87.3,11.7,44.9,54.0,6.46,66.6,66.69
S02984,82.9,23.5,64.8,76.7,8.55,84.4,74.83
S02985,63.5,23.7,42.9,60.0,7.95,52.0,54.54
S02986,70.4,4.7,43.7,62.6,6.65,40.1,42.54
S02987,78.8,12.2,43.2,60.3,8.23,45.2,59.83
S02988,80.9,7.8,42.5,57.9,7.31,72.9,41.57
S02989,68.7,14.8,49.0,58.0,6.43,16.6,57.41
S02990,100.0,21.2,52.4,63.6,6.64,0.0,60.09
S02991,95.2,16.3,46.4,71.3,8.02,72.9,62.87
S02992,86.0,13.9,51.7,68.7,8.63,60.5,56.97
S02993,80.7,27.1,48.4,58.7,6.92,55.4,54.13
S02994,77.9,1.9,40.8,58.3,8.15,28.9,49.55
S02995,70.5,26.7,60.9,74.0,9.4,20.8,69.25
S02996,80.8,14.2,37.3,47.6,5.99,42.3,50.01
S02997,82.6,17.5,50.5,70.0,7.93,62.2,69.93
S02998,67.6,14.3,51.0,58.6,8.5,43.3,57.07
S02999,83.3,28.8,54.1,52.4,7.39,73.0,69.79
S03000,78.4,9.4,51.0,68.8,8.99,35.9,50.29
S03001,60.9,18.1,49.6,68.8,10.0,44.6,58.48
S03002,71.4,21.7,44.6,54.3,7.91,69.1,67.92
S03003,75.9,6.7,42.7,47.4,7.22,47.5,55.21
S03004,98.9,11.6,63.2,81.5,8.67,48.5,71.29
S03005,85.6,17.0,53.9,64.9,8.51,42.1,61.01
S03006,66.6,11.8,38.1,53.5,4.48,38.4,39.92
S03007,84.9,12.3,58.5,57.6,7.5,62.1,56.82
S03008,64.5,15.6,48.9,63.4,7.03,64.7,59.88
S03009,90.8,22.5,50.5,73.8,7.98,59.5,56.1
S03010,75.3,15.6,51.9,64.1,7.27,42.7,69.0
S03011,79.1,25.5,60.1,58.2,7.4,51.0,71.92
S03012,93.3,11.0,47.3,60.5,6.46,86.9,66.44
S03013,67.1,9.2,38.6,59.4,8.38,26.6,54.74
S03014,66.0,31.5,55.4,59.5,9.49,92.7,69.7
S03015,74.2,13.4,47.0,54.4,6.48,57.0,55.9
S03016,90.4,8.8,50.9,63.1,5.82,51.4,53.9
S03017,64.8,5.8,40.7,46.3,7.52,74.1,60.63
S03018,51.7,25.5,33.6,56.1,7.47,13.7,50.67
S03019,75.5,15.6,46.6,68.1,8.91,82.6,59.59
S03020,85.5,16.2,50.9,62.9,6.02,92.2,59.13
S03021,92.0,16.9,65.4,73.4,6.85,76.8,63.43
S03022,75.4,25.1,45.1,53.4,4.92,13.0,58.79
S03023,75.9,16.7,63.3,73.1,9.15,70.3,64.01
S03024,91.5,34.4,55.2,69.8,7.8,87.9,73.95
S03025,61.3,18.9,41.2,52.0,6.94,85.9,62.05
S03026,76.1,25.4,34.4,51.6,5.91,26.8,60.38
S03027,81.9,23.6,52.2,69.9,6.02,75.3,57.97
S03028,84.5,17.7,49.5,71.1,8.0,90.9,72.53
S03029,74.9,13.9,48.9,52.4,6.17,55.6,44.96
S03030,80.3,20.3,50.3,70.7,7.62,25.9,53.02
S03031,55.1,21.6,65.2,63.3,9.95,71.6,62.87
S03032,73.4,14.0,58.4,71.9,7.08,76.1,63.15
S03033,84.5,19.2,36.5,64.8,6.35,52.2,56.47
S03034,70.2,26.7,56.8,76.6,7.96,31.2,68.68
S03035,80.6,32.5,47.9,64.1,6.03,74.6,63.47
S03036,84.5,24.0,65.4,74.5,9.56,39.6,59.51
S03037,76.6,31.0,52.1,67.6,9.18,62.9,68.83
S03038,81.7,13.6,59.3,67.7,7.3,86.2,53.93
S03039,70.4,22.9,53.7,55.5,6.42,21.8,56.83
S03040,77.9,27.4,44.4,49.1,6.99,73.2,53.08
S03041,86.1,11.7,49.8,60.7,7.15,50.9,60.89
S03042,81.6,14.6,53.9,65.4,7.96,51.4,69.29
S03043,74.1,30.2,62.2,74.1,8.75,65.3,61.5
S03044,82.2,11.2,46.8,60.4,6.26,39.6,41.97
S03045,87.1,8.6,59.7,70.1,8.71,31.5,60.05
S03046,59.5,28.7,51.1,67.0,8.24,19.3,68.37
S03047,91.6,26.4,60.0,66.8,6.89,79.6,70.65
S03048,76.6,21.0,39.9,52.7,6.2,47.6,52.3
S03049,84.3,17.7,53.5,76.4,7.64,66.4,59.03
S03050,92.0,14.9,57.8,50.6,6.23,45.3,62.66
S03051,66.3,20.0,60.8,71.7,8.73,31.8,72.52
S03052,72.9,29.1,50.4,63.6,6.15,68.0,51.71
S03053,77.1,19.7,53.1,65.1,8.16,61.6,64.88
S03054,72.2,33.2,62.4,73.3,7.4,50.3,85.19
S03055,97.3,11.7,52.7,70.1,6.83,61.0,58.91
S03056,71.4,17.9,56.0,55.2,7.38,35.8,56.18
S03057,74.4,15.4,52.9,59.6,8.8,76.2,61.02
S03058,82.0,10.4,46.3,55.2,6.07,80.8,52.02
S03059,68.0,16.9,40.0,43.6,7.01,70.2,58.44
S03060,76.0,20.9,41.6,57.3,6.6,47.6,67.37
S03061,83.2,21.7,59.9,71.8,7.45,56.2,56.38
S03062,76.7,33.2,63.7,75.0,6.68,86.4,66.57
S03063,79.1,21.3,47.1,58.4,5.38,80.6,65.94
S03064,74.7,26.1,48.2,56.2,6.23,94.9,65.1
S03065,64.9,18.5,59.7,67.5,9.47,39.4,65.41
S03066,83.2,29.7,59.6,70.6,7.8,37.6,73.67
S03067,97.5,34.8,49.0,76.0,7.75,57.7,75.06
S03068,80.2,21.7,58.3,66.3,7.16,63.1,67.38
S03069,82.3,11.1,42.4,63.4,7.44,52.2,54.34
S03070,86.9,14.2,51.4,62.4,6.98,47.2,57.91
S03071,67.3,20.0,48.2,66.6,8.13,80.3,60.94
S03072,97.0,21.2,54.7,71.8,7.62,53.2,65.78
S03073,82.0,22.9,50.3,59.0,6.09,30.7,61.93
S03074,96.3,21.2,64.3,73.3,7.8,33.0,71.35
S03075,72.7,18.0,41.3,55.0,4.55,59.9,40.44
S03076,98.2,13.5,66.1,68.6,8.0,100.0,68.37
S03077,87.8,20.8,59.4,65.7,5.81,35.5,62.43
S03078,85.5,31.0,66.6,79.3,7.38,48.7,82.75
S03079,82.3,25.1,50.4,65.2,6.07,100.0,63.13
S03080,77.5,21.7,49.7,57.2,7.5,45.3,60.64
S03081,92.0,25.2,59.8,75.1,8.19,64.1,71.62
S03082,81.4,15.4,63.9,65.3,9.3,92.5,75.47
S03083,60.3,14.4,45.9,51.9,5.65,36.0,41.16
S03084,68.8,12.8,35.1,61.7,8.67,48.8,49.54
S03085,78.1,17.1,53.6,64.4,7.66,45.3,55.47
S03086,83.1,15.0,36.3,51.0,6.96,24.6,52.53
S03087,79.4,26.5,57.2,68.5,8.41,86.4,60.75
S03088,92.2,14.7,50.7,66.6,7.22,43.3,70.2
S03089,60.5,12.4,42.1,59.9,8.36,37.5,54.9
S03090,81.4,31.6,58.3,72.8,6.31,46.1,71.83
S03091,61.8,14.8,39.5,45.7,6.74,73.6,62.4
S03092,87.6,19.1,58.1,69.4,8.63,57.3,65.23
S03093,79.1,21.2,52.6,70.0,9.28,39.2,70.74
S03094,84.2,10.0,51.2,59.9,7.46,63.2,61.36
S03095,71.4,26.6,47.9,57.3,4.16,71.3,66.19
S03096,92.8,22.5,51.3,61.1,7.26,54.5,68.8
S03097,90.4,28.9,62.6,75.0,7.54,50.3,69.21
S03098,85.8,13.2,51.9,69.0,7.22,75.3,64.37
S03099,78.7,18.7,53.4,65.2,7.9,51.4,58.32
S03100,85.8,18.3,50.1,64.6,6.93,87.2,60.17
S03101,72.9,19.8,58.2,70.8,8.51,39.8,63.88
S03102,88.6,7.8,51.3,58.8,6.1,39.4,53.22
S03103,96.5,18.8,60.9,78.6,8.98,36.9,65.51
S03104,90.7,8.0,59.0,71.2,9.36,50.2,50.67
S03105,72.7,20.5,51.9,55.4,6.4,55.1,59.24
S03106,83.6,3.1,48.5,62.5,6.4,28.5,53.54
S03107,67.1,5.0,43.8,61.8,7.99,56.9,53.79
S03108,85.7,23.7,58.3,72.3,6.08,66.3,77.67
S03109,84.5,14.2,55.7,69.1,6.91,25.7,50.59
S03110,61.3,11.1,61.0,65.4,8.82,44.6,67.25
S03111,68.4,26.9,44.6,62.9,8.39,66.3,77.99
S03112,77.2,20.3,63.3,72.3,9.88,33.2,78.62
S03113,77.0,24.1,60.6,64.8,7.7,48.7,63.09
S03114,67.9,16.8,51.9,48.1,6.77,76.8,57.78
S03115,83.9,36.8,57.8,63.7,7.56,90.9,68.67
S03116,82.5,13.8,42.8,59.7,7.32,63.8,53.23
S03117,78.1,30.2,64.1,64.0,7.34,51.6,78.59
S03118,72.4,17.6,46.7,61.3,7.47,45.0,61.56
S03119,90.5,6.4,46.5,68.7,6.38,73.2,61.78
S03120,96.6,21.4,71.5,61.9,7.84,77.7,64.4
S03121,75.2,20.2,38.6,49.2,5.81,31.9,43.05
S03122,73.9,10.6,50.3,68.9,6.64,73.2,63.29
S03123,84.9,11.5,46.6,65.6,7.36,42.9,60.26
S03124,76.4,17.8,38.2,51.2,4.79,37.8,48.36
S03125,78.6,20.4,56.2,64.8,8.42,51.9,74.66
S03126,87.4,1.0,45.7,57.7,5.04,74.8,53.46
S03127,60.9,25.4,56.8,68.1,8.3,61.2,58.85
S03128,93.2,14.5,56.8,59.5,5.95,60.6,48.68
S03129,80.7,8.7,43.7,65.1,7.01,62.0,58.98
S03130,75.9,24.6,47.9,65.6,8.12,64.4,61.4
S03131,79.1,17.8,57.2,75.3,10.0,52.7,67.05
S03132,79.6,26.5,57.1,73.0,7.64,67.6,67.25
S03133,62.7,21.1,39.5,51.1,5.12,41.8,58.37
S03134,94.9,18.0,38.2,67.3,8.64,68.0,69.51
S03135,80.4,16.9,40.1,61.0,7.22,72.1,57.68
S03136,84.4,21.4,53.3,64.8,7.58,69.0,64.09
S03137,89.5,15.1,61.2,74.3,8.17,70.0,69.19
S03138,69.8,12.0,33.7,45.5,4.83,64.3,53.51
S03139,84.7,22.3,59.3,69.1,7.51,78.5,68.2
S03140,77.3,17.0,40.5,65.0,7.01,9.6,51.67
S03141,88.5,18.2,60.6,72.6,8.97,72.1,62.27
S03142,58.7,25.6,52.3,63.0,8.37,94.5,62.97
S03143,79.0,17.2,48.5,57.2,5.55,42.6,47.84
S03144,74.0,18.1,48.8,61.9,9.02,40.3,62.58
S03145,84.3,13.8,44.4,71.9,8.04,80.7,65.07
S03146,84.7,21.0,53.2,55.3,5.64,36.5,65.43
S03147,72.9,20.4,41.8,58.5,7.57,41.7,55.91
S03148,72.9,24.3,51.0,59.1,8.74,58.4,69.64
S03149,78.9,13.9,54.5,66.9,6.04,39.0,66.94
S03150,71.0,14.8,54.4,64.4,9.15,72.5,62.33
S03151,88.4,23.5,53.1,62.0,5.68,39.2,75.08
S03152,76.3,19.8,52.4,52.2,6.55,62.2,66.53
S03153,50.9,11.7,41.5,55.1,6.37,60.7,44.41
S03154,76.3,27.1,58.7,64.0,9.15,88.3,87.66
S03155,69.6,6.1,38.1,53.7,6.91,78.3,48.88
S03156,63.7,23.5,60.8,65.5,6.1,44.4,68.22
S03157,67.6,9.1,45.5,67.4,8.03,29.7,57.48
S03158,81.1,31.2,60.9,69.5,8.29,71.8,74.01
S03159,93.3,7.2,57.8,65.0,8.3,41.9,68.81
S03160,83.1,26.1,51.4,63.5,7.17,48.3,65.27
S03161,73.9,17.4,48.5,58.1,7.81,33.8,56.79
S03162,84.6,15.4,59.3,56.5,6.72,68.6,60.16
S03163,75.4,19.3,52.7,75.2,9.51,42.1,58.75
S03164,73.1,22.4,58.0,65.7,8.87,54.3,71.75
S03165,68.5,11.7,55.9,62.3,8.8,54.6,54.5
S03166,62.5,12.3,46.6,60.2,8.45,58.7,56.2
S03167,76.1,22.5,53.7,72.5,8.12,68.2,66.19
S03168,81.6,6.0,50.1,52.1,6.01,50.1,54.6
S03169,79.0,13.9,52.0,65.9,8.26,40.2,59.89
S03170,75.8,39.3,45.4,58.8,7.64,17.8,64.22
S03171,70.5,11.2,60.7,67.6,9.02,57.1,63.64
S03172,86.1,26.0,53.5,71.4,8.47,51.9,71.03
S03173,66.8,13.9,50.1,57.2,8.16,40.8,48.91
S03174,87.8,21.6,41.6,59.9,5.48,56.3,57.79
S03175,70.0,22.6,47.1,60.9,7.39,72.1,67.96
S03176,72.5,25.9,47.7,59.8,6.83,77.2,76.36
S03177,65.3,16.6,49.2,57.6,7.8,24.3,44.47
S03178,75.0,31.9,48.2,56.0,7.0,47.8,67.88
S03179,89.8,13.9,64.6,64.8,7.17,74.2,65.1
S03180,85.2,19.6,56.0,65.3,8.05,86.9,62.89
S03181,89.8,19.7,59.3,64.0,6.98,38.7,61.21
S03182,85.2,10.1,51.6,60.9,7.65,82.6,54.01
S03183,69.0,16.0,48.7,54.7,5.68,28.0,43.32
S03184,76.7,19.1,35.9,55.0,6.5,78.0,57.98
S03185,72.2,15.0,47.0,63.2,8.29,49.4,68.71
S03186,93.3,35.1,53.8,70.2,6.02,86.3,74.52
S03187,68.0,12.1,48.0,60.9,8.99,45.7,57.58
S03188,88.9,26.3,64.0,78.1,8.67,48.8,69.58
S03189,88.9,24.0,59.2,65.5,7.18,52.3,61.19
S03190,98.3,17.9,64.6,75.1,10.0,24.3,71.91
S03191,75.9,11.9,53.2,62.8,8.99,19.8,51.98
S03192,87.1,12.6,63.8,63.7,6.36,65.2,68.07
S03193,100.0,14.4,61.6,65.9,8.4,74.8,64.75
S03194,73.8,5.5,33.2,54.7,7.58,67.2,44.46
S03195,64.6,11.0,47.1,48.8,6.57,29.9,61.85
S03196,61.2,7.6,42.7,58.6,6.22,64.6,56.25
S03197,87.1,27.4,67.7,77.5,8.69,35.2,66.29
S03198,61.2,22.3,49.2,49.1,6.78,63.2,49.86
S03199,76.3,23.5,46.9,65.0,7.38,77.6,61.85
S03200,84.4,22.1,56.7,65.9,6.39,62.3,62.97
S03201,81.9,19.2,50.9,63.8,6.6,84.4,59.21
S03202,84.3,28.2,62.4,68.7,7.35,52.0,77.25
S03203,82.2,13.7,62.1,63.8,7.97,50.7,63.48
S03204,92.8,18.7,46.1,51.9,4.39,56.3,55.69
S03205,70.5,23.2,56.2,57.4,7.52,28.1,56.18
S03206,73.2,8.8,50.7,50.6,6.6,46.9,44.73
S03207,72.3,39.7,62.5,72.1,9.18,48.7,71.47
S03208,88.3,18.2,73.9,79.8,10.0,49.3,68.71
S03209,89.0,19.0,60.1,61.4,7.07,60.4,56.6
S03210,84.5,26.8,46.5,65.3,5.43,25.4,67.05
S03211,91.8,24.4,59.6,72.8,7.64,32.1,74.35
S03212,68.2,18.3,53.1,72.4,7.25,77.6,59.37
S03213,96.7,18.9,76.0,81.3,9.87,14.9,82.65
S03214,95.2,7.5,63.1,85.6,9.5,67.3,73.28
S03215,87.4,14.1,57.9,73.3,8.54,47.5,58.7
S03216,97.8,21.6,64.0,63.6,6.8,58.2,59.05
S03217,63.4,21.1,49.2,54.1,8.31,86.2,61.34
S03218,74.8,26.5,48.2,64.8,7.82,52.4,66.56
S03219,72.6,17.2,54.7,54.3,7.79,67.5,51.27
S03220,87.2,8.3,43.4,52.1,5.63,56.2,48.33
S03221,69.5,25.4,71.4,64.6,8.77,52.8,73.31
S03222,87.6,28.1,59.4,82.2,7.63,50.3,81.69
S03223,93.7,24.3,62.1,78.6,7.38,69.0,72.69
S03224,87.0,16.9,47.9,60.9,6.78,40.4,59.16
S03225,82.8,25.3,60.0,75.1,6.55,32.4,63.56
S03226,70.1,42.0,57.6,75.5,7.88,56.5,82.87
S03227,71.5,18.8,42.8,60.1,5.4,58.9,57.62
S03228,92.5,8.8,55.2,65.9,8.45,18.5,55.19
S03229,87.8,13.9,41.6,57.0,6.24,54.8,60.24
S03230,79.6,22.4,44.4,51.2,5.03,30.5,49.86
S03231,75.8,6.8,57.2,65.9,9.69,67.5,54.99
S03232,59.7,19.2,34.0,44.7,6.47,18.9,44.19
S03233,69.3,20.7,53.2,54.6,6.63,93.5,54.07
S03234,99.1,28.7,63.7,85.0,8.86,48.2,72.6
S03235,67.2,27.2,59.3,72.7,9.73,37.7,59.99
S03236,81.9,24.1,35.6,51.1,5.66,49.3,51.17
S03237,90.1,2.9,48.3,64.4,6.35,66.1,51.47
S03238,67.5,24.4,40.9,56.5,6.44,72.8,49.02
S03239,81.8,22.9,55.4,67.5,8.62,49.5,69.8
S03240,89.4,19.8,52.0,78.9,9.47,26.2,57.76
S03241,80.1,5.9,39.2,55.0,6.2,30.8,46.03
S03242,100.0,12.6,60.5,84.3,9.2,60.7,75.34
S03243,63.3,9.8,40.4,53.5,6.65,74.7,56.3
S03244,90.6,3.9,57.4,70.1,7.9,77.3,57.62
S03245,78.3,18.0,35.8,48.4,5.97,58.4,58.44
S03246,87.7,12.4,51.9,61.8,7.35,74.3,58.34
S03247,84.4,36.4,58.1,78.7,7.37,93.2,89.66
S03248,72.7,16.8,45.7,63.9,7.12,78.8,49.77
S03249,82.3,27.1,51.5,65.4,7.96,73.4,61.45
S03250,61.4,7.0,46.1,44.2,6.29,38.9,45.82
S03251,86.0,14.3,61.9,74.9,6.44,74.3,56.71
S03252,83.0,18.7,44.5,68.2,8.03,64.2,58.44
S03253,86.4,11.6,51.3,61.5,9.11,68.0,64.81
S03254,90.6,15.0,48.2,59.0,7.47,80.2,62.63
S03255,83.7,16.5,52.9,75.3,8.1,62.2,64.74
S03256,81.5,16.4,62.3,67.3,8.41,52.9,64.6
S03257,71.2,31.0,59.7,66.6,8.5,33.6,52.93
S03258,72.9,20.6,46.4,54.3,6.36,49.1,56.78
S03259,91.9,21.4,54.0,68.8,6.57,59.3,61.43
S03260,94.4,21.8,53.2,60.8,6.67,60.6,62.16
S03261,77.6,22.3,64.1,74.7,9.81,59.9,61.36
S03262,80.5,17.4,59.0,60.8,8.11,74.2,67.72
S03263,71.0,15.8,53.9,55.5,8.06,72.3,62.08
S03264,91.7,19.2,44.1,58.5,7.94,53.8,54.99
S03265,86.7,26.1,51.9,57.8,5.92,38.1,62.72
S03266,99.4,25.9,66.2,85.3,9.83,62.7,89.45
S03267,71.2,16.3,56.6,67.4,8.08,99.9,64.25
S03268,76.2,23.4,56.7,66.7,8.37,61.4,53.84
S03269,82.3,16.6,49.4,55.7,5.38,49.1,51.98
S03270,86.5,18.2,53.9,75.4,8.44,65.7,67.96
S03271,77.8,14.7,54.8,66.1,7.07,66.9,72.93
S03272,71.3,16.7,51.7,51.7,5.91,66.7,47.33
S03273,88.8,27.4,44.5,65.0,6.36,82.5,64.6
S03274,87.2,18.6,42.1,60.6,5.98,62.7,51.99
S03275,70.8,18.9,49.6,60.8,5.96,81.5,62.97
S03276,93.6,7.9,52.2,79.6,7.57,59.6,60.71
S03277,91.7,15.8,59.7,64.9,7.04,85.2,48.73
S03278,81.3,16.3,54.6,68.5,7.9,79.1,61.58
S03279,80.8,12.2,60.7,77.7,9.51,73.4,66.54
S03280,85.5,18.2,48.9,72.5,7.34,70.8,66.34
S03281,71.4,15.0,42.5,52.3,4.81,100.0,53.2
S03282,80.3,18.6,53.5,57.5,7.21,76.5,65.11
S03283,58.5,18.9,46.1,49.0,8.93,38.0,53.65
S03284,88.8,11.3,58.3,71.4,7.4,59.9,63.33
S03285,64.4,15.2,40.7,59.4,9.34,49.7,56.2
S03286,95.0,18.5,59.7,73.2,8.04,96.3,68.21
S03287,76.7,26.3,39.3,56.6,5.29,80.0,61.55
S03288,77.9,19.8,46.3,66.4,7.63,95.6,68.23
S03289,73.7,13.4,55.8,65.8,7.86,39.8,58.52
S03290,77.1,20.8,49.4,67.0,8.8,77.0,62.05
S03291,94.2,30.0,59.8,75.2,9.68,27.7,68.56
S03292,55.1,24.4,53.4,65.7,8.59,23.2,61.86
S03293,92.8,21.8,52.0,66.7,8.03,47.1,60.38
S03294,83.4,23.1,63.2,76.9,8.31,85.2,72.65
S03295,67.9,28.1,54.9,61.2,7.3,35.1,62.77
S03296,69.2,25.5,41.3,57.4,5.74,54.7,62.68
S03297,96.8,22.0,64.4,83.6,7.55,78.8,82.3
S03298,70.5,25.5,41.3,62.5,7.94,71.9,43.47
S03299,68.5,10.4,44.8,60.0,6.06,99.3,52.12
S03300,91.4,7.5,49.5,65.2,9.09,55.1,48.34
S03301,83.4,19.1,53.9,68.7,8.71,46.2,72.04
S03302,70.6,18.5,41.7,51.9,5.85,33.1,51.37
S03303,82.2,14.2,64.2,63.5,9.14,47.6,71.27
S03304,69.7,23.8,46.7,64.5,7.13,32.9,60.65
S03305,91.0,5.0,48.1,63.6,6.57,19.1,45.44
S03306,90.6,14.3,55.4,72.6,8.8,94.3,62.15
S03307,85.3,14.6,46.6,68.5,7.44,56.0,59.72
S03308,83.6,6.5,50.3,60.5,9.78,100.0,64.88
S03309,97.6,28.5,59.4,65.5,6.48,38.2,69.11
S03310,80.0,8.5,42.7,60.0,5.42,46.4,51.85
S03311,68.2,13.9,50.8,57.8,7.16,39.5,52.12
S03312,84.5,24.4,56.8,71.5,8.45,42.2,74.94
S03313,100.0,22.5,54.9,62.4,6.39,72.5,67.56
S03314,69.9,10.2,46.4,61.0,5.9,66.3,52.47
S03315,76.4,22.8,51.1,67.3,7.77,72.5,66.14
S03316,84.2,20.0,40.1,54.3,5.74,81.8,54.83
S03317,79.5,34.3,63.2,82.9,7.87,77.1,73.93
S03318,70.2,20.8,44.7,50.9,7.09,34.8,57.7
S03319,91.2,17.0,57.3,68.6,8.09,44.5,70.02
S03320,100.0,12.0,47.5,68.3,5.84,57.4,65.41
S03321,82.0,12.8,49.9,71.3,9.06,100.0,63.73
S03322,71.0,12.2,35.5,45.3,7.28,70.4,50.98
S03323,64.5,27.6,55.2,63.0,8.42,57.1,60.65
S03324,82.6,18.1,36.0,64.2,8.65,68.5,65.74
S03325,91.0,22.0,60.3,75.9,6.11,42.9,60.84
S03326,84.8,28.6,66.2,82.3,8.56,60.2,76.55
S03327,80.0,1.5,36.4,54.0,5.79,74.1,52.39
S03328,74.1,27.0,57.7,63.5,5.86,54.4,63.3
S03329,69.1,18.4,68.4,71.0,9.86,39.9,68.44
S03330,88.3,21.0,57.9,74.5,8.83,53.4,67.79
S03331,89.1,12.2,63.0,81.8,9.99,48.6,58.49
S03332,64.5,12.7,45.3,53.4,7.06,27.9,46.22
S03333,95.9,21.4,67.4,74.4,7.62,43.6,70.93
S03334,85.7,34.7,52.6,76.4,8.13,27.1,67.79
S03335,94.0,25.0,57.1,76.9,7.49,30.3,72.36
S03336,66.6,26.9,53.7,58.1,6.6,32.2,50.34
S03337,66.3,16.7,49.2,49.6,6.42,74.1,42.15
S03338,78.5,13.8,50.9,53.9,7.76,84.8,62.83
S03339,85.0,12.5,56.4,64.0,6.22,24.3,55.32
S03340,98.0,14.6,53.9,61.0,6.19,86.6,64.74
S03341,87.1,3.6,51.8,68.1,7.97,32.5,53.47
S03342,77.6,12.9,53.6,53.8,7.39,69.9,60.71
S03343,69.7,14.1,50.8,69.7,8.62,60.2,68.39
S03344,92.3,16.8,54.2,65.4,6.99,67.7,72.27
S03345,70.4,18.9,42.7,52.0,6.8,31.7,49.31
S03346,96.3,20.5,76.9,77.5,8.01,18.8,69.69
S03347,77.2,17.9,45.5,54.0,6.53,38.9,56.04
S03348,95.9,13.9,57.6,75.9,6.71,63.5,76.54
S03349,86.8,4.3,59.1,67.5,6.76,94.1,52.49
S03350,78.6,14.0,41.6,58.3,7.25,34.4,47.64
S03351,74.8,11.2,58.5,61.6,9.63,53.0,66.25
S03352,76.6,21.3,47.3,58.0,5.85,40.0,52.61
S03353,84.3,24.4,70.8,73.3,9.05,54.7,76.77
S03354,80.8,24.6,51.6,53.9,8.39,16.4,58.06
S03355,74.1,23.3,53.1,63.9,9.38,85.0,69.0
S03356,78.3,17.1,58.5,73.7,10.0,55.5,64.42
S03357,80.8,14.3,53.4,65.1,9.22,73.3,57.69
S03358,58.7,12.8,44.7,54.8,8.61,50.4,53.63
S03359,84.6,7.4,57.6,67.1,5.93,58.8,49.73
S03360,70.2,24.9,47.8,62.2,6.08,77.6,62.86
S03361,68.5,16.8,44.8,67.9,7.93,57.6,57.07
S03362,63.1,9.3,35.9,35.3,5.46,58.4,33.93
S03363,62.1,12.2,49.6,53.4,8.24,39.1,54.55
S03364,66.4,11.9,40.5,53.2,4.94,44.3,48.62
S03365,72.9,18.3,50.8,66.2,8.88,34.7,47.05
S03366,99.5,25.5,49.4,70.0,7.11,40.2,67.47
S03367,74.7,15.6,49.9,58.1,7.65,80.0,59.01
S03368,81.8,2.2,44.6,57.2,6.6,91.2,52.72
S03369,84.0,16.7,42.2,57.1,5.22,30.1,42.48
S03370,81.3,16.9,64.3,62.6,8.98,62.9,67.88
S03371,79.2,16.4,59.6,70.5,9.1,48.6,68.35
S03372,68.0,13.6,46.7,53.7,7.08,82.9,48.87
S03373,94.5,19.5,57.1,76.3,8.29,57.7,61.21
S03374,98.1,18.5,66.7,76.0,7.03,54.9,63.76
S03375,63.2,17.8,41.1,64.8,7.85,40.1,56.29
S03376,69.8,20.9,49.7,62.3,8.41,24.4,52.03
S03377,77.2,15.0,49.6,57.2,8.17,70.2,51.11
S03378,70.4,14.6,54.8,52.0,9.11,62.1,71.28
S03379,85.1,27.7,62.5,68.2,8.12,62.5,70.72
S03380,72.7,21.9,43.2,60.9,7.53,43.0,56.7
S03381,100.0,23.8,53.1,72.8,6.59,52.1,64.21
S03382,91.9,26.6,59.3,68.0,6.93,70.8,67.05
S03383,82.1,21.7,52.8,65.4,8.47,74.6,76.95
S03384,90.3,24.5,49.4,64.0,5.7,31.4,66.64
S03385,91.1,6.9,57.0,71.2,8.83,42.3,76.62
S03386,74.4,19.4,44.0,63.6,7.16,27.2,59.48
S03387,71.8,16.7,48.0,54.6,6.52,59.0,49.29
S03388,80.8,29.7,55.7,61.8,6.18,72.7,67.41
S03389,88.6,24.5,59.4,82.5,8.31,49.4,75.21
S03390,81.4,13.6,59.6,75.2,7.48,41.7,66.27
S03391,64.2,20.6,58.3,63.3,9.41,48.3,60.19
S03392,72.0,19.2,45.3,61.6,5.98,100.0,69.1
S03393,79.3,21.2,48.9,72.7,6.81,78.8,56.1
S03394,79.2,10.9,59.9,71.5,7.39,69.6,63.55
S03395,99.7,20.5,52.1,64.7,6.6,61.4,63.64
S03396,66.1,16.4,45.8,57.4,7.51,54.7,50.49
S03397,85.1,20.0,52.9,58.1,7.88,36.9,63.25
S03398,94.9,12.9,59.1,66.3,8.08,33.8,71.16
S03399,100.0,13.9,75.8,81.9,9.31,43.6,76.29
S03400,76.0,26.2,50.2,61.7,5.94,35.9,61.56
S03401,84.9,10.6,50.6,60.4,7.91,42.8,45.79
S03402,85.7,11.2,50.5,48.1,6.72,53.0,60.07
S03403,82.0,17.6,46.2,64.0,8.02,54.5,58.59
S03404,79.0,12.6,50.5,66.4,8.02,42.6,62.15
S03405,84.4,11.8,58.2,67.7,6.32,64.9,65.52
S03406,54.7,18.7,45.5,50.6,6.42,51.2,51.81
S03407,86.8,7.5,60.1,67.3,8.11,59.3,49.29
S03408,81.3,10.9,56.4,65.7,7.53,40.1,67.34
S03409,77.8,32.4,50.9,67.4,7.24,68.9,78.72
S03410,100.0,21.2,72.9,80.0,8.29,44.3,79.55
S03411,73.3,12.8,40.4,46.1,8.38,87.2,50.2
S03412,76.0,20.9,51.9,68.9,6.86,50.5,68.86
S03413,99.9,22.0,43.9,63.0,6.48,53.1,61.81
S03414,71.7,25.0,36.9,47.7,5.99,66.9,54.28
S03415,74.5,17.1,55.9,61.6,7.54,71.2,68.07
S03416,78.5,24.8,44.5,59.0,5.79,73.4,63.69
S03417,88.4,3.7,58.0,62.7,7.62,90.5,45.33
S03418,82.1,10.6,41.8,58.9,8.96,68.2,59.36
S03419,67.1,19.1,46.8,55.6,7.08,53.7,62.81
S03420,74.7,20.3,42.0,59.2,6.86,44.4,48.53
S03421,73.9,11.6,53.5,62.0,9.9,52.3,66.37
S03422,79.2,19.8,67.2,75.3,9.31,84.7,61.34
S03423,84.3,13.6,60.0,58.6,6.58,27.3,56.58
S03424,84.2,16.1,56.3,76.7,7.67,38.6,67.26
S03425,62.2,25.2,40.6,61.7,7.89,50.6,56.95
S03426,90.6,24.4,50.8,67.0,7.74,38.4,73.11
S03427,82.5,11.0,58.2,71.5,9.68,46.8,55.71
S03428,93.8,10.6,49.4,59.6,7.6,91.1,66.15
S03429,84.4,15.1,57.3,70.0,7.78,49.0,63.52
S03430,91.0,17.8,67.9,79.3,8.33,63.2,66.09
S03431,84.7,13.4,50.5,67.7,8.93,21.8,63.64
S03432,93.5,25.3,56.4,78.0,8.62,33.0,70.97
S03433,85.2,20.4,49.3,66.1,8.15,73.7,73.97
S03434,79.0,20.8,45.6,57.3,5.63,88.4,62.0
S03435,100.0,9.1,53.9,64.1,6.91,59.4,63.48
S03436,88.9,26.2,60.4,76.4,8.48,48.9,67.9
S03437,85.7,1.0,54.8,59.3,7.8,64.9,56.24
S03438,67.2,23.8,55.4,66.7,8.49,3.1,57.9
S03439,67.1,24.5,56.7,69.3,9.76,59.6,66.79
S03440,82.9,15.0,48.0,66.3,6.09,34.1,64.42
S03441,81.5,26.9,59.9,75.0,8.87,70.9,70.37
S03442,73.9,17.6,48.6,50.9,7.1,11.2,45.01
S03443,81.4,18.4,52.0,63.2,8.62,42.4,65.54
S03444,95.9,20.4,50.2,64.8,7.45,54.2,69.86
S03445,87.0,40.3,69.5,79.2,10.0,39.8,91.56
S03446,68.6,27.4,49.1,66.4,7.66,47.5,68.05
S03447,78.9,22.9,54.1,52.9,6.73,73.1,59.48
S03448,72.0,11.6,49.6,67.2,8.0,54.5,59.2
S03449,76.1,19.0,52.5,68.8,7.89,36.4,63.93
S03450,75.9,12.3,59.1,67.8,8.87,73.8,65.61
S03451,75.2,23.8,45.6,63.9,8.04,60.0,47.73
S03452,67.4,19.0,66.8,71.5,10.0,60.8,64.19
S03453,78.7,10.1,35.8,55.7,7.37,37.1,54.31
S03454,74.4,18.6,58.9,70.4,7.38,4.0,66.87
S03455,50.7,12.1,40.5,46.5,6.78,36.9,41.1
S03456,100.0,19.1,55.6,74.7,7.6,34.8,65.18
S03457,90.9,12.0,45.5,59.3,7.78,42.7,56.84
S03458,76.2,18.2,48.4,64.6,7.84,38.2,58.8
S03459,80.2,23.3,53.1,64.2,7.58,57.3,69.19
S03460,68.3,17.6,47.4,59.1,6.77,72.6,52.14
S03461,97.0,15.3,61.8,65.8,6.44,76.5,70.38
S03462,99.0,19.4,57.3,73.3,7.05,71.7,77.22
S03463,81.6,22.9,60.1,71.1,8.87,37.0,65.52
S03464,90.2,10.2,59.7,79.3,9.13,56.2,64.34
S03465,81.8,19.8,51.0,65.4,7.41,86.3,64.81
S03466,66.6,27.2,46.4,59.8,6.37,23.3,53.87
S03467,75.9,22.0,51.2,60.7,7.4,82.0,62.02
S03468,81.3,18.4,63.9,75.6,10.0,35.1,60.28
S03469,75.5,22.5,50.2,67.5,8.7,60.9,69.86
S03470,77.8,21.2,51.4,63.1,8.16,63.3,73.26
S03471,79.1,23.3,59.1,67.7,8.66,58.8,63.39
S03472,79.2,3.8,46.5,57.9,9.35,99.6,47.55
S03473,80.5,7.1,45.4,55.8,6.12,49.0,56.65
S03474,69.4,25.0,46.4,55.7,7.03,22.2,54.58
S03475,72.8,7.5,47.8,57.8,6.87,62.1,48.4
S03476,67.2,20.8,59.5,61.0,8.2,51.6,60.93
S03477,89.8,15.5,51.6,65.8,7.69,66.1,55.85
S03478,58.9,11.0,50.9,52.6,8.41,72.6,56.52
S03479,91.5,20.4,55.7,73.8,6.89,54.3,58.76
S03480,93.9,19.4,59.3,74.6,9.15,63.7,63.99
S03481,77.0,32.8,55.6,67.5,7.42,57.9,61.41
S03482,54.0,13.6,53.2,60.2,8.33,90.8,57.55
S03483,76.4,28.1,57.4,78.9,8.93,47.6,59.92
S03484,79.4,20.5,64.5,72.3,8.84,41.3,80.18
S03485,69.9,13.4,48.2,51.6,7.93,72.6,53.17
S03486,74.8,23.6,46.8,69.3,8.48,36.4,50.51
S03487,95.3,22.0,63.3,71.2,9.59,62.8,66.88
S03488,86.6,18.3,47.1,62.6,8.12,51.6,65.73
S03489,70.8,19.9,45.4,63.0,6.62,53.0,65.33
S03490,64.0,13.8,46.0,55.4,8.2,100.0,57.5
S03491,76.7,12.2,60.1,61.8,7.46,79.7,60.84
S03492,77.9,23.3,54.3,61.0,4.68,75.4,50.62
S03493,85.0,16.4,55.3,67.4,8.05,65.6,73.13
S03494,74.6,17.4,58.0,61.3,7.64,41.2,63.39
S03495,85.1,20.0,56.0,74.5,8.89,60.2,70.28
S03496,99.4,19.9,47.2,72.4,6.6,66.7,65.96
S03497,88.2,8.0,49.2,66.2,5.69,59.0,58.94
S03498,79.5,27.0,57.5,71.0,7.7,56.9,63.22
S03499,78.2,18.8,47.6,59.1,7.96,47.1,65.26
S03500,76.4,16.6,45.6,53.8,7.61,60.5,61.79
S03501,91.8,21.0,62.3,60.6,7.52,44.5,65.2
S03502,73.7,19.7,36.8,58.8,6.22,69.1,53.75
S03503,80.5,23.4,56.8,67.7,7.33,14.7,50.15
S03504,80.5,21.8,50.3,61.2,7.08,82.2,52.41
S03505,75.0,23.0,59.4,59.3,8.79,28.8,66.85
S03506,66.3,27.5,58.2,59.3,7.96,33.7,68.0
S03507,83.2,24.2,48.7,55.3,7.17,63.2,68.54
S03508,79.4,16.9,50.9,74.3,9.57,65.8,57.98
S03509,85.0,10.1,59.0,68.9,7.18,96.6,76.44
S03510,74.7,29.7,55.8,61.1,8.17,60.9,72.81
S03511,92.2,16.3,56.6,76.7,7.3,54.2,62.58
S03512,71.2,14.7,59.8,63.8,9.46,58.8,63.61
S03513,97.1,5.8,48.0,66.6,7.6,86.8,50.5
S03514,62.5,20.4,53.4,61.7,7.64,100.0,57.34
S03515,84.3,19.0,57.1,66.6,7.33,51.3,66.85
S03516,84.8,7.4,59.8,64.9,7.74,65.9,60.45
S03517,72.0,21.2,63.7,69.9,8.94,53.5,77.08
S03518,84.2,14.5,55.7,66.4,8.52,53.1,54.28
S03519,92.8,36.8,66.4,78.9,7.53,92.6,79.22
S03520,57.8,14.0,50.6,61.2,9.54,36.5,49.48
S03521,85.0,15.0,56.7,66.0,8.55,8.3,70.63
S03522,55.1,11.9,34.4,52.4,6.97,61.3,48.76
S03523,70.3,26.9,45.7,52.9,5.84,79.0,58.52
S03524,96.3,15.4,43.9,65.8,7.0,59.4,60.72
S03525,74.2,12.9,49.4,59.2,8.0,65.0,52.29
S03526,68.3,22.9,60.2,61.7,8.22,70.0,71.26
S03527,78.0,8.3,58.1,65.4,9.13,57.2,61.57
S03528,100.0,22.4,56.2,66.5,6.19,66.1,68.54
S03529,61.7,30.5,47.7,61.6,6.97,65.8,64.98
S03530,69.5,22.0,42.7,54.5,6.09,15.8,47.85
S03531,95.0,22.5,47.7,71.2,5.89,57.3,76.42
S03532,98.6,24.1,62.2,68.6,6.75,23.5,77.29
S03533,79.0,30.0,47.6,54.3,7.94,54.2,63.9
S03534,67.6,26.5,44.4,62.8,8.43,45.1,59.82
S03535,100.0,21.1,61.1,80.4,6.36,75.7,74.84
S03536,95.9,24.3,57.2,72.6,6.53,59.9,75.46
S03537,86.8,11.8,46.1,53.1,5.36,64.5,64.21
S03538,71.9,23.4,53.4,58.5,7.76,51.2,65.23
S03539,79.5,11.0,59.2,73.3,6.62,76.0,61.83
S03540,78.4,15.4,57.1,66.9,9.5,23.1,63.56
S03541,83.3,1.0,51.0,56.5,7.99,37.1,41.18
S03542,94.5,20.8,69.1,81.1,7.29,80.7,70.59
S03543,88.8,13.5,50.6,62.6,6.73,46.3,60.99
S03544,69.2,25.8,56.3,50.3,5.71,12.1,42.23
S03545,93.8,20.7,39.5,70.7,5.86,84.1,64.07
S03546,83.1,25.9,46.3,65.6,6.75,76.5,59.59
S03547,86.9,10.4,45.3,52.3,6.66,69.2,64.42
S03548,94.7,25.3,58.7,77.1,6.3,56.9,67.9
S03549,68.9,32.7,65.4,64.7,7.95,88.2,69.11
S03550,79.6,23.3,52.0,60.6,8.12,80.2,64.17
S03551,74.7,23.5,56.4,59.7,6.95,86.0,63.31
S03552,64.3,19.2,68.2,80.2,9.82,68.9,73.99
S03553,83.5,14.3,55.1,71.3,5.4,57.5,57.25
S03554,100.0,23.3,57.5,70.6,7.57,47.0,69.84
S03555,61.6,7.5,47.7,62.2,7.24,29.6,54.76
S03556,79.7,15.1,51.1,50.0,6.84,65.0,56.42
S03557,86.4,5.6,43.7,62.5,6.66,66.7,58.28
S03558,81.2,13.1,53.5,70.5,7.49,48.0,57.81
S03559,78.9,22.5,49.5,70.5,7.23,67.3,66.08
S03560,67.0,21.5,48.6,58.8,7.03,48.4,65.28
S03561,82.3,18.4,40.0,59.5,5.94,72.3,60.66
S03562,72.4,19.2,33.8,47.0,5.56,37.4,38.16
S03563,58.1,4.8,38.7,48.4,7.15,33.9,46.92
S03564,91.9,15.4,55.3,66.4,7.02,50.2,55.68
S03565,89.6,13.2,46.0,61.6,7.26,71.6,54.25
S03566,80.5,13.4,53.6,69.0,7.37,31.8,62.16
S03567,82.3,22.2,52.5,65.4,6.87,76.0,58.19
S03568,90.7,12.0,56.6,75.5,7.25,22.1,55.2
S03569,82.2,13.8,54.1,63.5,6.48,50.1,58.28
S03570,89.0,3.4,63.8,82.6,9.33,26.7,60.25
S03571,77.0,15.9,51.3,66.4,6.54,2.8,46.2
S03572,93.1,10.4,50.6,64.1,7.05,62.3,63.21
S03573,83.2,18.6,51.8,63.9,6.63,51.4,66.46
S03574,81.9,11.3,61.9,60.9,6.61,27.1,62.69
S03575,67.3,18.7,54.5,62.0,7.53,44.7,53.23
S03576,82.9,17.0,52.7,59.6,7.38,63.8,63.3
S03577,71.7,29.7,50.7,68.9,6.95,47.6,61.3
S03578,73.6,21.5,46.7,58.1,7.16,51.0,50.91
S03579,71.8,5.1,35.9,52.1,6.64,47.0,42.08
S03580,69.3,9.1,57.8,50.5,7.98,43.4,36.83
S03581,100.0,18.4,68.5,80.1,9.97,43.1,68.65
S03582,93.3,11.5,43.3,58.9,6.45,42.5,47.21
S03583,99.2,1.0,53.2,71.8,7.97,39.9,60.47
S03584,67.8,27.4,59.2,67.8,7.55,34.7,65.96
S03585,80.7,23.0,53.6,72.5,8.3,47.4,56.28
S03586,67.1,21.6,47.0,62.6,8.34,42.2,64.53
S03587,73.0,13.7,51.6,67.2,7.75,33.6,54.13
S03588,70.8,21.0,54.1,64.5,7.45,70.3,55.5
S03589,92.4,13.1,50.0,57.7,6.98,79.7,49.55
S03590,76.0,19.4,45.0,57.8,6.58,55.0,52.23
S03591,90.7,11.6,55.7,66.6,7.38,56.3,60.8
S03592,86.0,28.6,45.8,46.1,5.96,41.1,65.28
S03593,100.0,7.0,49.3,59.8,6.79,76.3,58.3
S03594,65.2,26.6,53.6,74.8,8.83,89.8,66.4
S03595,92.6,18.3,60.8,70.0,7.62,51.7,70.29
S03596,91.5,14.6,55.1,69.3,8.57,44.6,65.59
S03597,70.3,19.2,58.2,56.3,9.26,61.8,53.42
S03598,90.1,23.1,63.1,65.2,7.29,57.6,65.15
S03599,83.4,27.6,53.8,70.6,7.75,45.0,64.22
S03600,77.7,20.2,70.4,67.9,7.14,64.4,65.2
S03601,71.8,11.8,53.3,53.0,6.52,73.8,51.45
S03602,72.8,18.4,48.3,64.4,6.36,39.3,51.94
S03603,100.0,30.7,64.0,75.9,8.51,100.0,88.2
S03604,80.0,27.4,52.5,60.1,7.75,24.3,63.27
S03605,87.8,24.4,73.0,80.6,9.72,38.0,78.46
S03606,72.1,23.6,56.2,62.6,8.67,59.7,63.94
S03607,72.2,22.9,40.0,51.9,6.62,99.9,62.83
S03608,90.8,26.1,50.6,70.0,8.51,43.7,68.3
S03609,66.5,14.8,46.6,52.9,7.13,33.7,58.02
S03610,75.8,8.5,53.1,55.5,8.96,66.0,40.18
S03611,80.3,18.5,45.1,62.9,6.92,50.0,59.35
S03612,81.1,12.3,37.8,59.0,6.24,68.3,55.37
S03613,78.2,10.6,34.6,51.5,6.55,53.6,51.91
S03614,84.0,13.0,44.5,62.2,6.61,37.9,49.18
S03615,86.9,35.4,54.4,66.8,6.49,100.0,67.77
S03616,87.3,19.0,56.7,57.2,6.81,0.0,52.62
S03617,70.1,20.5,52.2,68.0,8.53,91.4,67.49
S03618,77.2,9.4,61.4,68.6,9.66,73.7,69.23
S03619,91.9,5.1,50.5,61.5,5.9,40.1,44.05
S03620,88.9,12.3,60.6,71.2,9.02,92.4,68.98
S03621,66.3,28.1,55.3,61.2,6.93,27.6,55.6
S03622,83.5,20.3,46.8,64.8,7.92,75.2,74.19
S03623,60.2,22.2,38.3,50.2,5.52,13.3,51.91
S03624,80.5,23.2,70.1,79.9,8.13,32.1,68.09
S03625,99.0,13.9,37.8,60.3,5.09,32.0,54.02
S03626,70.5,27.7,51.6,69.6,7.88,40.0,72.26
S03627,71.7,13.6,52.0,68.5,7.81,55.2,59.27
S03628,87.6,27.8,46.9,58.6,7.73,38.5,53.79
S03629,64.6,21.1,41.3,60.2,6.62,14.3,62.33
S03630,73.7,5.5,60.3,67.0,8.16,64.3,62.95
S03631,86.0,12.8,54.7,68.9,7.97,56.0,59.11
S03632,73.7,5.5,42.1,59.6,7.25,63.2,55.16
S03633,77.6,26.1,57.6,67.4,8.31,58.4,63.86
S03634,87.4,17.8,50.5,68.2,7.39,74.1,60.08
S03635,84.2,2.4,60.7,61.1,8.13,53.5,56.41
S03636,82.7,20.6,47.3,56.0,7.35,75.3,64.74
S03637,76.6,14.2,47.6,63.3,7.76,39.5,60.27
S03638,83.7,7.6,43.1,60.1,8.19,40.6,60.7
S03639,78.8,29.7,52.2,65.1,7.02,82.5,69.95
S03640,84.6,18.8,48.2,56.9,6.02,82.1,68.12
S03641,75.0,15.9,58.1,66.9,7.83,66.5,72.52
S03642,78.2,15.2,48.9,62.1,8.93,37.2,61.65
S03643,70.1,7.4,49.8,58.1,7.86,35.6,50.44
S03644,79.6,8.9,50.8,59.5,7.88,81.6,56.76
S03645,71.9,27.0,41.0,54.8,7.45,80.5,49.18
S03646,68.9,14.7,46.0,58.1,8.39,53.7,56.51
S03647,82.6,18.2,47.7,68.4,7.28,100.0,60.0
S03648,82.1,3.7,56.8,59.7,6.96,64.2,50.77
S03649,87.8,8.8,58.8,68.9,8.83,32.9,61.66
S03650,75.7,22.3,51.1,60.5,6.86,49.5,47.53
S03651,84.1,20.6,31.6,56.4,8.57,55.1,58.12
S03652,85.5,30.3,50.1,76.2,8.83,56.7,73.12
S03653,84.4,27.4,62.8,66.1,8.18,80.0,61.89
S03654,71.7,16.4,49.3,56.5,6.0,35.9,61.71
S03655,81.5,21.3,49.2,59.7,7.53,28.4,62.93
S03656,83.6,15.8,51.9,66.7,7.26,67.0,69.46
S03657,80.1,32.4,54.6,67.5,6.9,44.9,70.03
S03658,59.1,26.0,49.9,64.7,7.67,100.0,64.99
S03659,81.6,19.2,53.5,70.7,8.42,73.9,75.14
S03660,100.0,19.4,61.8,73.3,6.95,44.5,76.19
S03661,76.4,28.1,60.2,71.6,7.29,79.3,80.68
S03662,72.7,22.1,44.6,63.1,7.21,69.6,59.44
S03663,83.7,28.9,53.6,66.2,8.9,67.7,65.53
S03664,83.1,2.6,42.6,60.8,7.19,52.6,44.94
S03665,91.9,21.2,52.5,66.8,6.02,63.4,58.03
S03666,67.4,14.4,43.7,54.6,5.61,12.9,52.66
S03667,87.3,30.3,64.2,72.4,7.94,81.3,90.57
S03668,85.9,28.8,60.3,65.2,6.59,0.0,74.03
S03669,78.6,18.2,56.3,61.6,8.3,46.2,61.09
S03670,83.4,28.7,53.0,47.4,5.9,23.1,64.15
S03671,90.3,30.5,67.0,70.8,6.85,45.0,68.39
S03672,88.7,18.5,50.1,74.8,5.9,53.5,59.54
S03673,68.6,35.3,59.2,72.2,8.02,31.1,63.06
S03674,88.2,17.8,58.7,72.1,8.28,0.0,58.32
S03675,79.4,16.5,51.6,68.7,7.91,59.1,65.42
S03676,80.7,24.1,49.3,60.4,6.2,96.7,71.8
S03677,80.7,15.5,56.8,61.6,6.61,48.0,65.29
S03678,78.5,18.6,52.1,62.6,7.78,74.2,71.05
S03679,91.9,27.9,50.6,61.3,5.47,85.1,70.3
S03680,79.2,18.1,46.6,57.6,7.21,17.0,56.19
S03681,68.8,6.1,53.0,61.8,9.32,45.9,52.57
S03682,76.1,20.6,48.0,61.5,7.28,29.5,62.11
S03683,81.8,13.1,47.8,64.6,5.71,38.9,45.1
S03684,92.3,24.1,56.6,74.3,6.77,89.0,66.31
S03685,86.0,22.9,50.6,57.2,6.74,59.5,57.29
S03686,71.5,28.3,51.9,67.0,10.0,70.8,76.66
S03687,100.0,24.4,59.9,72.8,9.5,54.1,66.06
S03688,82.6,25.6,52.7,55.3,8.38,30.8,69.19
S03689,92.8,13.3,47.2,64.3,7.09,68.6,63.15
S03690,78.5,23.6,60.4,73.7,8.94,80.1,72.85
S03691,85.3,31.8,66.7,72.0,6.14,61.3,68.39
S03692,88.4,13.2,53.9,70.8,8.79,64.8,56.13
S03693,92.2,30.6,60.7,74.3,8.61,30.3,76.47
S03694,90.6,14.2,50.0,59.8,7.32,69.1,66.13
S03695,88.7,12.0,62.1,70.0,8.87,81.9,69.9
S03696,76.8,20.1,52.7,69.4,6.96,63.1,61.45
S03697,74.3,23.0,47.3,60.2,5.98,19.1,49.67
S03698,83.3,24.4,51.3,60.7,8.67,87.7,63.56
S03699,89.3,11.3,46.7,63.4,7.4,36.1,60.5
S03700,77.8,21.0,55.6,73.1,8.22,62.8,61.37
S03701,90.7,13.2,61.7,78.0,9.69,74.1,64.39
S03702,94.5,7.6,50.5,69.9,6.63,76.6,51.47
S03703,70.8,11.5,50.8,51.3,7.33,19.0,54.86
S03704,71.6,12.7,46.3,62.2,9.38,57.3,61.72
S03705,78.6,21.7,57.0,66.1,8.3,56.0,72.14
S03706,83.1,26.1,54.5,68.8,6.66,83.8,54.18
S03707,74.8,7.7,38.1,47.8,6.35,64.2,55.33
S03708,93.5,20.5,51.4,62.6,6.87,84.0,71.77
S03709,84.2,9.8,52.3,61.6,6.61,65.8,64.43
S03710,80.4,22.4,47.6,59.1,7.78,53.5,62.45
S03711,65.6,13.6,61.5,63.8,7.59,58.9,59.92
S03712,66.8,10.6,50.2,48.0,7.84,85.5,55.06
S03713,82.8,23.6,51.3,69.5,6.49,29.1,56.92
S03714,58.7,13.9,42.7,38.7,7.41,73.1,43.73
S03715,90.1,15.8,51.8,65.8,5.03,42.4,59.59
S03716,78.4,2.5,44.8,54.5,7.67,38.2,48.56
S03717,100.0,24.6,62.2,70.9,8.91,75.5,79.0
S03718,100.0,23.7,63.5,73.1,5.79,37.3,66.28
S03719,78.2,18.0,50.5,68.2,8.08,62.5,53.83
S03720,78.9,7.3,47.1,63.5,6.77,45.2,45.02
S03721,90.0,26.5,56.0,77.8,8.46,7.9,65.05
S03722,97.0,13.3,57.9,66.3,7.69,64.6,69.29
S03723,63.6,14.8,51.1,59.8,7.99,57.5,53.25
S03724,62.1,34.2,62.1,57.3,7.58,16.8,65.51
S03725,73.8,13.1,47.9,62.8,9.09,41.0,48.35
S03726,85.8,23.2,48.0,67.6,7.92,18.9,64.4
S03727,85.0,21.9,50.7,62.1,6.65,69.6,62.98
S03728,90.7,20.7,52.8,59.0,7.62,82.8,72.42
S03729,68.0,20.0,47.7,55.1,7.06,72.0,58.14
S03730,56.8,20.6,49.7,66.4,7.69,74.8,63.62
S03731,88.6,19.9,67.3,73.9,7.0,44.6,79.21
S03732,71.7,17.6,44.4,54.1,6.69,65.9,55.45
S03733,59.8,28.6,36.8,53.7,7.74,54.8,66.31
S03734,81.5,8.8,48.4,62.8,7.57,58.7,57.49
S03735,87.9,25.2,62.6,66.8,8.78,74.1,68.32
S03736,78.8,23.8,46.2,53.9,7.0,78.5,60.12
S03737,75.4,22.9,46.5,52.9,5.12,47.2,52.14
S03738,78.4,25.8,53.6,62.3,7.06,26.8,59.44
S03739,76.3,17.4,46.5,65.4,5.55,51.3,52.79
S03740,66.5,4.9,50.2,57.5,8.0,50.6,49.74
S03741,72.9,17.5,43.3,51.5,5.49,60.7,56.83
S03742,85.2,11.1,51.2,61.4,6.31,71.7,47.34
S03743,83.2,12.9,39.4,47.6,7.07,16.7,52.91
S03744,81.7,9.3,49.7,60.6,9.35,41.6,59.36
S03745,70.0,14.7,42.2,49.8,6.21,35.7,58.33
S03746,78.2,13.8,44.3,54.2,7.51,80.0,54.55
S03747,58.2,1.4,42.5,57.3,8.2,50.8,53.85
S03748,81.8,22.9,57.4,74.5,9.28,44.7,63.92
S03749,94.3,33.5,61.3,71.1,8.43,65.8,73.45
S03750,65.3,22.2,58.2,59.1,8.81,43.1,64.28
S03751,74.1,16.6,53.5,58.1,8.54,54.7,63.71
S03752,83.3,17.6,42.1,56.9,6.05,91.3,56.34
S03753,92.5,15.1,52.6,69.0,7.93,90.7,67.29
S03754,75.5,18.6,58.5,69.3,8.52,46.9,63.09
S03755,73.1,17.7,47.7,52.6,6.35,51.4,59.4
S03756,60.3,12.1,49.5,53.3,6.8,42.6,49.45
S03757,81.0,29.8,58.3,67.0,6.54,16.5,63.79
S03758,100.0,7.6,55.3,76.6,8.43,75.7,72.14
S03759,82.8,23.0,62.9,73.8,7.42,100.0,71.51
S03760,79.8,17.3,59.8,58.7,7.11,46.1,64.33
S03761,83.2,31.3,41.9,51.2,5.96,38.7,75.04
S03762,79.9,20.4,52.8,63.9,7.42,49.5,50.06
S03763,71.9,15.5,43.5,52.9,6.82,56.7,47.43
S03764,88.2,16.3,53.3,62.2,7.79,32.3,55.72
S03765,82.3,18.3,43.9,54.8,6.13,45.8,50.66
S03766,80.2,10.0,44.7,62.5,7.71,75.3,65.78
S03767,70.2,12.6,51.3,50.8,6.97,57.5,37.43
S03768,93.0,5.5,40.6,66.6,6.0,80.4,58.41
S03769,86.6,11.5,47.9,55.9,5.91,62.3,46.0
S03770,74.5,18.7,38.3,57.2,6.09,33.2,53.23
S03771,90.0,20.1,62.6,67.7,7.25,43.5,67.61
S03772,75.0,4.1,46.9,49.9,7.65,60.0,56.11
S03773,72.2,17.0,54.9,62.3,7.82,32.5,57.22
S03774,72.4,21.9,53.3,57.4,7.87,30.0,58.64
S03775,62.3,16.9,42.2,53.2,6.59,31.2,38.18
S03776,84.7,13.6,56.4,68.4,8.77,65.3,78.02
S03777,61.7,15.1,53.2,53.6,6.97,47.7,55.08
S03778,67.7,14.2,43.5,57.7,8.04,78.6,58.72
S03779,59.2,13.5,28.6,52.0,7.3,37.1,53.24
S03780,79.1,19.2,48.9,62.9,7.95,5.9,58.53
S03781,78.5,34.2,48.6,61.4,7.24,52.4,68.92
S03782,76.7,12.8,56.7,66.5,7.97,88.0,66.33
S03783,69.6,15.8,47.2,60.4,7.49,55.7,47.63
S03784,68.3,17.6,56.4,62.5,8.48,27.6,62.54
S03785,84.6,13.2,49.2,67.9,6.52,22.5,69.58
S03786,74.5,25.7,46.5,55.9,5.38,79.0,69.3
S03787,83.2,1.4,45.4,63.5,6.33,38.9,59.66
S03788,71.1,14.3,61.0,63.2,8.78,85.8,74.35
S03789,81.8,23.7,55.0,70.7,7.31,68.1,58.86
S03790,93.0,15.9,62.4,70.5,7.61,39.6,62.51
S03791,85.9,12.3,54.5,64.1,6.24,78.3,54.15
S03792,75.9,21.1,51.1,52.9,7.58,36.5,79.51
S03793,82.6,24.3,50.7,73.9,6.27,26.1,64.42
S03794,77.6,19.5,46.4,60.7,6.45,37.7,48.66
S03795,80.1,12.4,56.6,68.5,7.02,70.4,53.99
S03796,76.7,21.2,48.1,56.1,8.03,77.8,62.19
S03797,78.4,15.2,48.4,63.4,8.16,47.1,51.2
S03798,82.1,23.2,54.8,67.2,8.19,17.6,75.53
S03799,70.1,28.4,39.7,49.1,5.59,23.9,58.73
S03800,69.8,1.0,40.2,58.7,7.49,33.6,48.98
S03801,66.1,18.8,54.3,61.0,7.26,29.1,50.65
S03802,64.0,5.8,41.9,48.3,5.66,60.3,37.03
S03803,67.8,35.1,51.3,66.8,7.52,93.8,70.85
S03804,81.6,14.7,55.5,60.1,7.2,70.9,61.14
S03805,71.1,23.2,65.4,69.7,8.11,32.4,57.64
S03806,85.1,17.8,55.7,67.4,7.6,41.1,62.68
S03807,80.3,12.4,57.0,64.0,6.84,45.0,57.98
S03808,60.3,11.5,52.6,64.1,8.61,62.8,61.02
S03809,86.5,29.1,47.8,59.1,4.83,86.4,75.82
S03810,88.1,24.7,57.6,67.1,7.42,45.7,54.48
S03811,70.1,31.6,50.2,55.8,5.38,85.8,66.42
S03812,84.2,18.4,45.7,57.2,6.41,97.1,55.88
S03813,71.4,20.0,36.4,62.2,8.13,48.0,60.03
S03814,81.0,16.1,42.2,56.4,5.97,47.5,55.19
S03815,67.4,16.0,29.6,52.3,5.79,47.8,51.04
S03816,62.1,10.7,47.4,61.3,10.0,56.2,49.28
S03817,76.2,18.6,36.0,48.7,5.87,47.8,57.46
S03818,78.8,12.5,61.2,62.3,9.48,72.7,64.11
S03819,76.0,21.1,44.2,52.5,7.29,24.0,64.4
S03820,68.2,19.2,50.3,54.1,6.87,44.3,65.12
S03821,76.0,20.0,58.2,72.0,8.18,61.6,66.89
S03822,82.7,29.7,65.6,82.4,9.1,72.4,82.55
S03823,79.6,17.7,36.5,55.1,6.12,98.9,61.68
S03824,81.8,23.3,59.2,71.8,6.89,29.2,72.75
S03825,73.3,32.4,60.1,67.5,8.52,42.0,77.04
S03826,91.7,27.1,64.3,71.8,7.85,9.7,62.91
S03827,68.2,26.1,66.0,74.2,8.82,32.8,69.82
S03828,84.9,15.9,59.5,69.9,8.12,19.6,54.72
S03829,91.8,19.6,55.6,77.1,9.67,44.6,67.22
S03830,84.8,8.8,55.2,65.2,7.71,50.4,56.15
S03831,78.0,21.5,44.4,59.6,7.77,64.4,64.31
S03832,74.7,19.9,51.9,62.3,7.89,49.0,59.53
S03833,90.4,18.2,51.7,68.0,7.33,64.4,63.35
S03834,65.8,25.2,53.2,64.8,8.52,57.3,69.59
S03835,70.3,9.5,38.4,49.5,7.78,34.3,54.54
S03836,76.0,29.4,48.9,65.2,8.45,21.3,66.51
S03837,92.4,24.3,58.5,66.2,8.63,66.7,74.99
S03838,83.8,17.5,53.3,64.6,8.01,87.9,68.42
S03839,70.3,17.0,48.1,55.7,8.1,100.0,71.31
S03840,76.9,21.4,57.3,48.1,6.29,73.7,57.81
S03841,73.9,28.6,54.1,74.9,6.84,84.2,63.26
S03842,72.9,18.7,55.6,61.4,8.51,64.2,63.51
S03843,89.8,19.0,58.2,68.1,9.21,61.0,62.83
S03844,66.3,18.1,32.7,55.4,5.17,57.2,47.35
S03845,96.1,30.5,58.7,66.9,6.82,52.9,73.46
S03846,88.3,15.4,64.7,63.6,7.53,67.1,61.78
S03847,90.9,17.8,53.5,64.5,6.44,44.6,60.21
S03848,75.4,28.2,57.6,62.5,6.51,52.1,62.38
S03849,78.5,19.0,61.1,65.2,8.07,31.4,60.49
S03850,65.7,26.0,59.3,63.4,9.4,64.5,59.96
S03851,74.8,11.6,42.5,51.2,5.06,35.8,54.32
S03852,84.9,16.6,46.6,70.6,7.3,55.7,69.73
S03853,93.0,28.4,59.6,66.1,8.06,65.0,77.4
S03854,68.9,13.3,47.9,63.9,8.44,66.7,63.69
S03855,76.3,16.9,53.8,71.6,7.88,70.4,60.74
S03856,78.5,19.8,50.1,64.1,9.61,50.7,65.33
S03857,66.0,11.1,42.6,56.3,7.53,64.7,47.78
S03858,85.9,15.1,60.1,70.7,9.07,45.3,65.13
S03859,72.8,18.8,43.6,48.3,6.72,15.6,51.88
S03860,78.0,18.3,46.3,67.3,7.57,65.6,52.8
S03861,75.5,27.0,44.4,58.7,6.04,61.0,60.61
S03862,72.1,28.8,54.7,64.5,8.58,75.3,64.5
S03863,79.9,12.0,35.5,47.9,7.36,54.5,53.36
S03864,77.8,18.8,48.5,65.4,7.93,22.9,58.33
S03865,76.3,22.7,57.0,65.8,7.12,53.2,65.34
S03866,72.7,28.6,57.3,70.5,8.2,72.7,72.95
S03867,83.2,23.0,58.6,72.2,7.98,64.5,60.71
S03868,96.5,20.0,43.1,59.2,6.31,52.1,58.83
S03869,81.4,22.7,48.1,44.4,6.38,21.7,51.61
S03870,90.0,22.7,55.8,68.7,7.47,34.5,72.98
S03871,66.1,11.5,51.1,58.5,8.29,64.5,66.1
S03872,81.6,19.3,66.4,75.6,9.74,21.7,69.25
S03873,69.0,28.2,58.8,73.8,7.86,48.6,69.52
S03874,65.2,16.5,47.3,59.4,8.71,55.8,48.75
S03875,72.6,18.9,41.0,57.0,5.56,78.0,56.58
S03876,91.9,16.3,70.9,81.3,9.92,67.3,72.74
S03877,89.5,1.8,49.9,56.8,8.23,74.3,64.24
S03878,82.4,18.1,46.2,55.7,7.44,61.0,57.77
S03879,64.7,20.1,46.3,62.8,7.3,38.1,51.63
S03880,78.0,14.4,54.5,56.4,6.17,42.7,47.52
S03881,83.0,9.9,42.1,58.8,6.51,36.3,53.87
S03882,81.8,11.8,55.0,63.6,9.79,66.8,60.11
S03883,61.6,23.3,39.5,55.8,6.31,41.1,60.58
S03884,71.1,31.8,55.8,64.5,6.29,47.1,68.02
S03885,79.4,27.7,54.1,63.4,6.66,55.4,63.84
S03886,85.4,8.6,52.0,63.8,6.06,87.8,61.3
S03887,58.0,24.0,56.8,61.8,7.52,68.1,71.13
S03888,78.4,13.4,45.0,58.5,8.81,39.5,50.54
S03889,81.4,13.9,44.5,58.9,6.77,58.0,52.4
S03890,88.5,14.8,46.1,63.3,5.85,88.0,70.97
S03891,86.9,22.9,57.2,75.3,7.85,67.3,64.69
S03892,85.8,24.7,58.8,69.0,7.43,23.0,69.97
S03893,72.0,17.3,50.1,71.8,8.7,36.7,68.51
S03894,60.9,17.4,40.4,48.5,6.95,35.2,49.81
S03895,76.1,21.2,56.7,56.8,7.19,83.8,66.48
S03896,90.0,22.0,59.1,63.1,7.32,80.1,65.43
S03897,93.9,26.2,61.1,73.6,7.61,42.5,81.81
S03898,87.1,9.0,37.1,57.1,7.03,42.1,50.27
S03899,84.3,18.1,58.7,67.1,6.83,55.9,57.39
S03900,83.8,10.5,45.4,52.8,5.28,56.5,57.15
S03901,74.4,17.6,47.3,69.9,6.82,35.8,62.46
S03902,78.7,16.4,48.9,71.1,8.36,50.0,62.96
S03903,96.7,17.7,56.3,66.8,8.52,25.9,66.07
S03904,70.6,12.4,40.5,53.5,6.93,80.4,49.87
S03905,96.1,7.6,46.4,67.5,9.06,19.8,55.54
S03906,76.8,3.3,41.6,58.8,7.47,19.6,45.45
S03907,93.3,17.1,41.4,52.5,5.89,63.7,58.92
S03908,65.9,15.0,40.6,41.8,5.52,30.3,44.88
S03909,85.9,13.3,49.9,60.5,8.96,45.0,51.88
S03910,72.6,27.3,55.8,71.8,7.05,56.3,63.03
S03911,65.8,12.0,31.6,43.9,6.04,68.5,44.81
S03912,82.2,27.9,54.9,66.4,4.79,50.6,65.88
S03913,90.1,29.4,62.3,75.5,7.03,90.6,75.43
S03914,71.6,4.3,40.4,53.7,7.99,55.0,60.31
S03915,65.0,18.6,44.7,59.0,6.66,78.8,50.09
S03916,79.1,15.2,42.0,50.3,6.24,60.6,56.73
S03917,79.1,1.0,48.0,54.5,6.84,97.6,55.73
S03918,85.5,7.9,65.9,60.6,8.99,76.2,64.88
S03919,89.5,23.4,58.7,67.7,5.83,55.9,63.34
S03920,79.4,32.1,49.9,60.4,6.73,67.6,61.59
S03921,98.6,24.3,64.7,89.7,8.95,49.8,77.07
S03922,82.2,20.3,64.4,71.4,8.09,49.6,56.51
S03923,76.5,17.9,54.8,68.4,7.71,28.9,55.35
S03924,63.9,29.8,54.7,64.4,6.72,38.8,55.99
S03925,77.4,33.0,60.0,69.2,7.54,96.2,75.15
S03926,76.6,13.9,48.3,64.1,6.85,30.9,59.56
S03927,89.6,4.0,47.1,59.7,6.47,41.9,46.43
S03928,84.6,3.3,37.8,56.0,6.2,53.1,41.27
S03929,68.2,27.3,49.7,75.1,8.44,53.8,57.27
S03930,81.7,17.7,46.9,63.0,7.43,62.7,66.32
S03931,86.7,19.3,53.5,64.8,7.88,45.6,69.17
S03932,95.3,5.5,53.9,63.2,7.68,63.9,63.53
S03933,88.9,12.7,54.1,66.8,8.03,77.8,72.55
S03934,87.6,15.9,54.1,66.4,7.19,80.3,74.19
S03935,80.6,19.5,55.0,64.6,6.92,49.6,55.6
S03936,83.9,15.2,47.0,52.5,6.52,67.2,54.2
S03937,92.5,10.7,52.9,51.6,5.8,32.1,59.17
S03938,66.7,12.5,49.2,49.9,6.15,40.6,33.41
S03939,76.5,26.5,54.9,65.2,7.06,31.5,61.73
S03940,72.3,19.7,41.3,54.0,5.58,54.1,59.13
S03941,83.8,22.3,55.3,66.2,5.84,37.8,59.51
S03942,92.3,11.7,60.5,73.8,8.75,24.6,69.27
S03943,74.0,1.0,49.5,55.3,7.77,47.3,38.23
S03944,56.1,14.3,51.4,49.4,6.96,20.4,50.9
S03945,75.9,11.9,60.7,72.3,10.0,81.5,63.4
S03946,89.1,20.4,59.1,67.1,5.52,43.8,61.28
S03947,85.4,41.0,63.5,72.0,8.67,74.7,73.45
S03948,84.3,22.9,51.9,69.0,7.37,45.2,74.1
S03949,77.2,37.2,66.9,79.9,8.44,31.1,75.94
S03950,67.2,22.0,44.0,61.8,7.63,78.5,60.62
S03951,85.2,13.6,56.9,66.6,5.25,56.8,70.86
S03952,71.7,20.4,58.5,60.9,7.61,92.7,57.81
S03953,100.0,30.5,63.7,82.3,7.9,45.7,77.72
S03954,85.7,30.8,57.1,64.4,4.87,46.1,60.65
S03955,74.2,14.0,60.1,79.3,9.83,75.1,63.05
S03956,73.9,19.8,44.2,64.5,7.87,75.2,62.71
S03957,79.1,8.0,46.2,62.7,8.31,58.1,54.84
S03958,77.6,23.8,50.7,69.6,6.1,100.0,76.17
S03959,91.2,28.9,62.3,72.8,8.33,49.4,83.74
S03960,81.9,18.3,64.5,74.8,8.81,29.6,66.08
S03961,72.7,13.3,51.2,72.0,7.8,34.9,49.31
S03962,98.9,20.5,50.9,73.6,7.49,49.5,65.77
S03963,80.5,20.9,46.7,61.1,6.43,85.4,67.14
S03964,87.7,18.6,58.3,66.9,7.24,51.3,58.92
S03965,73.9,19.3,37.9,50.5,6.89,86.3,65.3
S03966,83.6,16.8,46.4,62.3,8.19,63.7,64.88
S03967,83.1,25.0,49.9,59.3,6.48,76.7,56.09
S03968,61.1,23.2,55.6,60.9,8.18,62.7,57.27
S03969,100.0,11.1,51.6,65.6,6.49,62.6,58.14
S03970,92.9,10.9,55.6,71.9,7.19,70.1,58.37
S03971,76.0,16.2,52.6,61.9,8.24,43.7,52.98
S03972,69.0,23.2,47.0,55.0,6.66,43.9,53.21
S03973,83.5,19.0,51.9,71.0,8.28,62.0,62.97
S03974,80.9,13.5,58.0,70.3,8.16,93.8,72.55
S03975,83.6,19.8,45.2,60.7,7.17,24.2,61.32
S03976,81.9,15.7,54.7,70.7,8.89,14.4,65.5
S03977,85.1,24.2,62.7,69.8,7.59,49.7,70.23
S03978,94.5,20.3,56.5,72.1,8.82,75.6,65.89
S03979,85.7,15.8,50.2,76.4,9.65,56.0,73.64
S03980,69.5,19.6,35.9,53.3,7.21,31.6,50.25
S03981,93.6,27.2,65.4,74.8,8.27,56.6,72.08
S03982,96.4,14.0,57.9,68.8,6.73,20.3,64.23
S03983,100.0,20.8,53.2,58.6,6.26,67.6,79.38
S03984,68.8,17.5,40.2,54.3,7.27,48.8,50.39
S03985,82.4,21.0,48.0,61.6,5.86,53.4,49.42
S03986,59.2,13.4,48.1,62.6,6.37,63.5,54.43
S03987,85.5,18.8,48.5,66.1,8.21,59.1,67.75
S03988,74.5,25.8,57.4,67.0,6.88,44.2,61.15
S03989,99.2,11.4,48.2,70.0,8.35,75.7,61.33
S03990,72.3,8.7,41.1,67.1,7.86,70.9,47.68
S03991,63.1,9.0,51.5,66.0,9.72,19.5,57.69
S03992,75.3,9.8,55.7,56.1,8.13,50.4,68.15
S03993,60.2,22.2,60.3,70.9,8.84,33.4,73.35
S03994,87.5,8.2,58.7,62.8,7.98,29.6,60.68
S03995,59.3,15.9,55.7,56.1,7.87,65.7,53.9
S03996,80.3,22.3,58.8,63.9,8.9,46.6,68.49
S03997,59.2,20.9,45.5,66.3,8.3,52.1,56.61
S03998,76.8,15.3,58.2,71.1,7.75,41.6,57.88
S03999,96.4,19.3,66.4,81.4,7.75,62.4,73.16
S04000,83.6,18.8,60.9,75.1,8.15,68.6,75.58
S04001,71.4,16.4,50.3,62.0,6.69,98.4,57.86
S04002,79.7,16.5,57.3,62.2,6.64,51.4,58.51
S04003,80.2,33.6,64.2,76.7,9.21,26.0,72.69
S04004,84.7,23.7,61.9,72.3,9.74,44.9,75.91
S04005,66.3,35.4,54.4,58.0,6.39,71.9,69.76
S04006,85.9,14.5,53.3,60.5,6.7,39.5,51.95
S04007,53.0,17.4,53.2,70.6,8.87,25.4,56.6
S04008,73.7,8.7,48.4,57.8,8.14,40.0,60.69
S04009,75.1,12.3,56.8,69.6,8.31,44.3,58.46
S04010,86.3,31.3,66.5,87.0,8.58,33.3,84.77
S04011,80.2,14.3,51.4,66.2,7.21,59.3,63.84
S04012,65.9,31.4,48.7,58.1,7.9,53.4,73.59
S04013,70.2,9.3,54.8,56.9,7.8,70.8,53.89
S04014,82.0,10.6,40.1,56.5,6.47,46.1,56.65
S04015,79.2,15.6,46.5,72.9,7.88,66.2,66.18
S04016,74.2,17.6,55.7,73.5,8.99,45.2,70.69
S04017,75.2,24.5,36.4,59.4,7.1,32.4,59.47
S04018,87.0,21.2,65.0,71.1,7.68,44.1,74.43
S04019,74.8,15.1,50.5,63.4,7.75,22.6,53.41
S04020,79.1,17.1,59.8,66.7,7.16,90.8,63.64
S04021,100.0,15.8,70.7,79.3,8.31,57.8,63.44
S04022,65.8,11.6,42.5,48.3,6.68,39.1,46.82
S04023,61.5,11.8,57.5,57.8,9.1,47.4,51.51
S04024,87.8,25.2,52.6,71.1,8.25,6.0,68.17
S04025,73.2,5.2,45.3,48.2,6.38,83.7,55.32
S04026,76.8,29.3,57.9,68.7,9.54,81.7,75.5
S04027,72.2,15.6,53.8,62.2,7.7,57.2,63.66
S04028,77.4,12.6,52.3,61.9,6.63,61.4,57.51
S04029,96.0,23.2,61.5,81.8,8.83,29.6,72.04
S04030,88.0,28.4,62.8,67.8,8.09,31.1,62.99
S04031,88.6,25.8,56.4,59.4,5.37,21.1,49.93
S04032,65.8,21.5,48.2,64.1,6.87,51.8,49.02
S04033,68.5,25.6,67.3,77.2,7.83,76.2,65.55
S04034,51.6,6.0,31.2,33.9,4.91,47.3,41.22
S04035,71.9,14.3,58.8,59.2,7.6,62.0,51.49
S04036,89.6,11.6,60.4,71.7,7.69,74.6,59.84
S04037,85.2,26.6,40.9,60.2,6.08,22.5,56.49
S04038,77.8,15.3,60.5,66.9,7.82,91.9,71.91
S04039,79.8,23.9,60.3,64.5,7.51,78.1,66.5
S04040,73.1,21.8,47.6,61.5,6.07,65.3,59.3
S04041,82.0,12.0,56.4,65.8,8.6,73.5,65.21
S04042,87.7,13.9,59.1,68.7,8.51,74.4,74.11
S04043,63.8,27.1,57.3,56.7,7.15,60.9,61.87
S04044,83.0,12.6,48.1,65.4,7.26,83.6,49.37
S04045,89.3,18.9,67.3,72.8,8.37,45.9,69.9
S04046,75.8,12.5,41.9,56.6,7.26,64.2,63.18
S04047,87.0,15.8,36.0,60.3,5.18,81.4,59.38
S04048,100.0,17.7,63.3,70.2,8.08,1.2,68.03
S04049,79.0,12.5,54.7,61.0,6.52,63.8,59.59
S04050,83.9,11.3,48.7,53.4,7.03,69.5,45.23
S04051,72.6,20.0,42.2,59.0,9.25,20.8,46.7
S04052,81.8,12.1,41.4,64.9,7.34,60.6,62.39
S04053,84.6,12.3,54.3,57.2,7.5,39.1,65.62
S04054,81.9,11.4,52.4,65.5,8.11,62.9,56.59
S04055,69.8,17.5,58.4,72.4,8.11,53.1,63.85
S04056,82.1,24.6,51.9,66.4,6.4,36.1,66.13
S04057,94.6,28.5,55.1,68.7,7.43,77.2,81.34
S04058,84.5,12.9,53.8,59.3,7.54,46.6,58.43
S04059,89.6,33.1,66.7,66.9,7.83,60.4,78.53
S04060,77.6,11.0,58.3,72.6,7.85,81.3,74.38
S04061,87.5,25.6,63.5,75.2,10.0,36.7,71.78
S04062,82.8,12.9,47.5,49.9,6.09,55.2,54.08
S04063,70.5,11.9,55.6,58.3,8.68,45.1,50.79
S04064,83.2,12.8,51.2,60.7,8.92,49.6,54.23
S04065,70.1,17.6,55.2,60.7,8.09,98.1,67.34
S04066,73.7,22.1,47.7,71.5,6.72,64.1,68.83
S04067,81.9,22.7,59.7,77.1,9.5,61.3,78.1
S04068,83.0,11.4,43.1,56.8,4.87,65.5,46.01
S04069,68.1,11.1,44.7,60.1,6.68,63.6,51.47
S04070,90.5,11.6,69.0,84.3,8.91,18.5,71.06
S04071,85.7,17.2,49.4,66.1,7.06,100.0,49.82
S04072,73.0,16.5,52.8,72.7,9.42,25.7,65.18
S04073,64.6,11.3,48.7,49.5,5.69,89.7,61.9
S04074,78.6,19.9,50.9,56.4,6.17,67.4,65.44
S04075,75.5,33.8,58.4,62.1,6.86,58.6,53.01
S04076,81.1,14.5,46.7,63.7,8.0,48.9,61.56
S04077,76.4,15.0,50.7,47.9,7.23,100.0,58.79
S04078,59.9,21.9,50.4,63.5,6.91,67.1,59.85
S04079,76.1,14.1,50.8,62.2,9.2,55.4,61.3
S04080,76.9,22.7,61.9,75.6,9.32,44.3,67.2
S04081,86.3,13.0,49.7,55.7,7.0,41.9,42.77
S04082,73.0,30.8,44.0,62.8,5.45,56.0,62.49
S04083,96.8,20.4,56.2,72.8,4.91,36.4,67.18
S04084,60.9,13.7,52.7,58.5,7.79,68.6,52.26
S04085,93.1,13.9,57.9,73.4,8.29,42.1,73.13
S04086,77.8,14.4,53.2,57.8,7.58,75.1,49.45
S04087,88.6,27.6,65.4,73.9,7.41,74.7,62.35
S04088,80.8,9.1,44.3,61.9,6.53,53.9,54.46
S04089,91.4,13.3,58.5,68.8,8.29,66.6,61.34
S04090,76.1,14.1,53.4,74.0,9.51,67.6,70.45
S04091,69.0,17.9,34.7,39.3,4.84,25.8,42.53
S04092,94.2,16.1,53.1,66.3,7.41,89.6,73.61
S04093,78.9,7.6,38.3,43.7,6.34,49.9,43.2
S04094,82.2,15.2,49.1,60.7,5.71,68.9,58.03
S04095,92.3,17.3,46.9,61.5,6.14,69.5,48.63
S04096,69.7,13.6,40.6,55.2,7.96,5.2,51.02
S04097,86.0,22.8,61.3,75.0,7.99,41.9,69.1
S04098,74.1,24.4,61.7,69.4,9.25,71.8,76.62
S04099,78.7,17.5,49.6,76.4,7.51,56.2,53.69
S04100,80.7,19.6,50.7,63.7,5.39,68.8,57.57
S04101,65.0,2.9,37.2,49.6,7.21,56.8,54.02
S04102,72.2,15.1,41.6,50.0,5.84,79.6,61.69
S04103,93.5,25.0,56.4,63.7,6.05,57.3,60.8
S04104,88.9,15.0,62.1,73.4,8.2,83.5,63.92
S04105,79.4,12.8,48.7,59.0,7.73,35.4,46.29
S04106,82.4,33.9,56.3,76.2,8.21,52.4,60.26
S04107,77.1,30.7,59.8,67.6,7.07,43.1,64.98
S04108,93.6,21.3,63.7,74.8,8.45,62.8,67.81
S04109,78.0,26.0,53.4,65.1,7.0,49.4,76.19
S04110,82.3,2.4,59.1,65.8,8.84,50.4,60.37
S04111,91.5,12.5,66.7,74.1,7.91,40.9,64.68
S04112,72.2,14.7,50.2,69.9,7.25,45.8,62.1
S04113,95.6,16.3,53.5,71.9,7.75,54.8,72.01
S04114,64.7,14.6,49.4,59.5,7.48,14.6,60.41
S04115,96.3,1.0,52.5,72.9,9.42,9.0,60.92
S04116,76.3,20.7,60.2,66.6,7.79,56.2,64.17
S04117,77.6,21.8,48.3,57.6,7.5,0.0,58.6
S04118,61.1,29.2,47.9,43.3,7.21,51.1,56.47
S04119,75.5,12.5,47.0,51.0,8.51,47.5,52.21
S04120,69.6,11.9,50.7,64.3,8.35,65.8,64.29
S04121,73.9,1.0,45.3,56.7,7.17,41.6,47.31
S04122,78.6,15.9,51.3,59.2,6.11,86.4,52.32
S04123,89.6,24.3,54.4,78.7,6.42,72.0,68.69
S04124,82.1,13.7,51.0,62.5,7.28,24.8,61.66
S04125,83.1,33.0,59.1,62.3,9.12,49.3,62.98
S04126,69.0,16.2,45.6,60.7,7.2,85.5,55.75
S04127,71.2,19.0,39.3,60.7,6.79,41.0,50.11
S04128,98.0,8.5,56.6,68.3,5.39,53.9,72.2
S04129,72.6,20.0,55.4,72.9,9.32,83.1,67.77
S04130,96.6,4.1,64.7,63.3,8.18,44.2,70.54
S04131,77.6,22.9,55.0,67.7,8.46,77.5,68.25
S04132,80.0,23.1,45.7,60.6,8.65,36.8,64.34
S04133,90.7,27.5,55.0,72.5,7.3,0.0,66.46
S04134,92.7,10.9,54.0,74.6,7.6,79.6,63.14
S04135,78.9,19.1,57.9,67.8,9.29,63.8,66.09
S04136,76.1,21.9,56.9,69.1,7.72,65.1,61.07
S04137,79.4,21.1,56.1,63.0,8.21,33.1,62.97
S04138,83.4,11.9,52.3,65.6,8.54,34.7,50.38
S04139,88.9,1.3,46.4,59.5,8.27,78.0,56.86
S04140,80.0,20.4,50.0,72.2,7.35,59.9,56.31
S04141,86.2,16.9,57.1,62.0,7.46,52.7,62.98
S04142,96.4,14.0,63.7,74.8,8.43,59.4,70.77
S04143,83.8,23.3,53.7,75.5,8.43,85.2,78.38
S04144,83.1,17.7,63.2,62.2,8.9,69.5,68.29
S04145,64.8,8.8,50.1,59.9,8.16,45.5,51.77
S04146,53.7,4.5,36.8,48.8,8.22,26.9,39.76
S04147,83.9,10.1,50.7,58.2,6.96,66.8,61.12
S04148,79.1,34.8,57.2,74.0,6.8,36.5,68.92
S04149,74.9,23.1,48.6,72.5,8.44,31.4,59.13
S04150,82.4,19.3,43.0,63.1,6.81,81.3,61.51
S04151,79.4,16.7,54.3,62.7,7.48,72.4,50.41
S04152,91.3,16.3,57.2,64.9,9.15,62.7,67.26
S04153,80.9,26.2,68.4,76.3,8.96,30.2,67.0
S04154,72.5,14.6,60.2,64.0,7.86,90.8,60.2
S04155,89.9,22.0,58.1,68.9,7.14,75.6,79.64
S04156,77.8,15.6,56.0,61.4,7.35,48.9,56.52
S04157,85.3,31.6,54.9,68.7,8.54,44.7,75.59
S04158,75.2,23.2,44.2,60.4,7.46,56.6,66.58
S04159,73.5,26.7,50.0,55.5,6.83,45.4,65.31
S04160,80.8,13.9,47.7,69.5,8.96,99.2,66.43
S04161,80.1,25.4,56.9,64.1,7.72,47.3,58.82
S04162,84.8,15.8,46.1,61.6,6.81,33.6,53.5
S04163,77.3,18.8,54.4,63.7,8.07,86.8,56.87
S04164,61.6,29.4,52.6,66.7,8.67,43.6,62.34
S04165,75.7,10.7,48.7,60.1,6.29,70.7,52.59
S04166,87.9,19.4,56.2,70.2,7.26,68.5,60.33
S04167,77.0,21.1,48.9,55.9,7.2,53.8,62.5
S04168,77.5,21.6,45.9,61.6,8.04,35.5,57.5
S04169,89.9,14.8,57.3,77.7,8.26,54.0,64.49
S04170,72.9,32.6,42.1,57.9,6.84,31.6,51.49
S04171,64.6,8.9,46.8,56.7,5.71,54.5,49.29
S04172,78.4,28.2,61.7,71.9,8.74,70.5,71.0
S04173,75.2,26.5,54.3,60.9,6.16,89.4,59.97
S04174,70.3,31.3,48.5,64.0,7.83,33.2,66.18
S04175,78.2,6.9,49.8,55.4,7.34,50.0,53.98
S04176,84.9,11.9,48.3,67.3,7.69,44.5,62.69
S04177,79.9,28.4,62.2,69.9,9.48,60.5,76.07
S04178,83.1,4.9,50.4,68.9,10.0,24.6,63.17
S04179,98.1,6.8,47.7,66.5,5.54,36.4,65.6
S04180,76.6,14.6,45.3,63.8,8.68,21.2,58.46
S04181,82.8,19.3,51.8,61.6,7.31,26.2,54.45
S04182,74.9,29.1,47.9,66.6,8.76,41.8,63.48
S04183,71.5,16.7,63.1,64.0,8.65,88.4,62.13
S04184,74.2,13.7,55.1,64.6,9.19,62.0,56.25
S04185,75.2,20.2,52.4,61.1,7.84,56.3,46.2
S04186,83.6,21.3,55.1,60.9,6.43,81.9,64.5
S04187,100.0,21.1,54.6,76.9,8.61,62.7,71.93
S04188,72.8,16.8,45.3,63.9,7.64,64.6,70.03
S04189,75.8,4.3,48.9,63.0,7.22,45.5,63.68
S04190,79.4,11.6,49.2,61.1,6.93,42.3,59.66
S04191,84.0,27.9,55.7,78.4,8.71,28.8,73.91
S04192,82.6,19.3,63.0,69.7,9.42,43.0,62.95
S04193,92.8,15.7,52.8,71.0,6.07,49.4,63.02
S04194,55.7,25.8,52.5,64.5,8.25,61.9,60.8
S04195,56.1,10.1,43.5,50.8,7.05,54.3,48.73
S04196,75.0,16.4,40.8,55.1,5.74,47.7,47.85
S04197,91.0,19.0,55.8,74.3,7.68,36.8,68.52
S04198,64.3,14.9,32.3,51.8,6.5,63.0,41.01
S04199,49.9,18.7,34.6,45.5,5.61,45.0,63.18
S04200,85.7,16.7,49.1,59.9,6.56,62.1,68.0
S04201,82.4,8.2,49.8,54.4,6.27,16.7,59.18
S04202,69.1,19.3,50.0,59.0,6.72,61.7,49.7
S04203,70.1,8.7,37.0,43.9,5.91,69.9,36.7
S04204,70.3,19.2,43.5,60.5,7.03,67.4,58.92
S04205,81.1,27.6,60.7,59.2,6.64,51.1,63.16
S04206,73.7,16.0,49.2,62.8,7.95,73.3,70.95
S04207,84.9,9.8,53.9,64.2,8.21,29.5,62.52
S04208,51.5,17.1,48.9,52.2,7.81,53.2,52.25
S04209,71.4,12.2,46.4,55.7,7.22,51.1,62.39
S04210,68.7,22.2,48.2,44.8,7.19,75.7,57.84
S04211,77.4,17.0,46.1,56.2,6.5,14.6,55.34
S04212,74.6,30.0,48.2,57.0,6.52,33.8,67.03
S04213,88.0,26.1,60.4,68.8,8.34,89.9,68.0
S04214,61.4,16.9,28.9,60.1,5.39,6.4,52.13
S04215,80.5,23.0,51.3,57.6,7.4,71.3,66.18
S04216,85.6,15.2,55.0,67.3,7.11,41.0,55.54
S04217,98.6,18.2,62.4,71.1,8.22,60.1,81.6
S04218,75.2,15.5,53.2,54.3,5.79,83.3,53.52
S04219,83.2,23.4,59.8,62.4,7.51,60.9,55.98
S04220,62.0,28.0,53.5,67.7,7.91,83.7,60.47
S04221,56.1,23.6,40.0,54.5,5.21,45.2,44.46
S04222,88.4,24.5,50.0,61.3,6.21,47.8,63.71
S04223,79.9,24.5,56.8,71.5,7.39,70.7,76.87
S04224,91.8,21.9,60.6,67.7,8.12,46.2,69.72
S04225,66.3,10.0,43.9,53.1,7.72,66.9,61.55
S04226,85.2,29.9,54.2,73.6,8.17,78.7,78.48
S04227,98.7,30.6,57.4,66.8,6.2,72.4,55.12
S04228,84.2,16.4,54.1,58.0,5.59,23.4,61.49
S04229,82.8,15.4,53.1,64.8,7.6,48.2,57.31
S04230,80.1,22.3,49.2,60.9,6.02,60.6,63.09
S04231,64.3,21.9,48.0,50.9,6.46,50.1,54.2
S04232,93.6,16.6,62.0,84.9,8.62,56.6,87.94
S04233,73.9,9.2,49.7,55.3,7.73,60.9,57.15
S04234,85.0,20.1,52.0,69.2,6.82,44.5,66.15
S04235,64.4,21.9,43.0,57.7,6.66,51.1,61.76
S04236,68.2,23.1,58.4,61.4,8.25,31.4,52.87
S04237,94.4,20.4,55.4,72.8,7.75,45.4,74.0
S04238,76.5,16.1,55.5,56.6,6.04,24.5,53.89
S04239,94.5,25.0,52.5,65.6,5.16,57.3,60.09
S04240,79.2,18.5,59.1,75.1,9.76,51.1,73.01
S04241,61.6,14.7,45.7,49.3,6.03,36.7,39.83
S04242,88.9,16.7,52.4,69.7,8.13,90.7,72.0
S04243,74.1,5.8,55.4,61.4,9.31,50.1,56.28
S04244,87.0,16.7,55.0,68.1,7.68,60.7,63.4
S04245,80.3,22.8,54.0,64.8,6.78,42.2,48.77
S04246,64.6,20.4,39.0,49.2,5.79,46.7,56.03
S04247,81.6,28.6,46.6,51.9,5.77,61.5,61.96
S04248,100.0,16.2,47.9,72.6,7.95,48.4,62.81
S04249,84.9,21.4,57.1,81.5,9.24,55.1,65.28
S04250,79.4,23.5,49.2,63.5,7.03,71.1,67.67
S04251,90.8,34.4,54.4,67.2,6.83,44.6,72.34
S04252,82.1,19.0,54.9,68.5,8.34,28.4,63.5
S04253,82.1,10.7,48.4,65.4,6.68,24.5,49.24
S04254,69.1,23.9,54.7,70.0,7.83,83.8,67.13
S04255,82.3,31.1,60.4,75.4,7.55,73.6,73.91
S04256,90.4,15.7,56.9,69.6,7.01,68.1,72.19
S04257,71.6,23.9,55.5,67.3,7.48,46.3,55.87
S04258,94.2,26.6,67.0,80.8,9.62,28.3,71.79
S04259,79.1,25.1,56.5,63.6,8.23,49.4,77.48
S04260,71.1,18.9,59.2,64.9,8.81,53.1,64.47
S04261,90.0,13.1,54.4,62.9,6.4,32.4,60.01
S04262,77.1,17.4,46.1,64.6,8.82,25.6,65.61
S04263,87.6,21.2,56.6,61.4,8.27,20.4,74.84
S04264,77.1,24.4,37.0,57.3,5.7,68.1,50.08
S04265,79.4,20.3,43.7,52.0,8.15,30.9,70.91
S04266,84.9,15.3,47.9,63.9,6.88,61.2,59.27
S04267,82.9,21.9,47.8,66.0,5.65,47.0,61.49
S04268,60.0,24.0,45.9,61.5,7.66,66.8,59.35
S04269,68.8,20.7,40.8,53.4,8.15,61.7,66.08
S04270,89.3,12.1,58.3,71.3,7.68,50.4,68.96
S04271,78.7,16.7,46.7,64.3,7.37,57.6,58.42
S04272,74.8,24.6,54.3,72.4,7.1,52.8,57.78
S04273,66.4,8.3,48.4,63.0,10.0,42.7,54.94
S04274,69.2,3.3,37.1,53.6,6.08,74.6,38.29
S04275,59.8,28.6,55.1,61.2,8.55,46.5,68.4
S04276,79.0,21.6,50.9,59.6,7.52,53.3,57.36
S04277,74.0,22.2,49.6,64.2,6.47,26.7,57.89
S04278,70.3,10.5,48.3,62.0,7.44,60.5,62.02
S04279,79.3,23.2,39.9,53.4,5.83,42.8,60.55
S04280,83.6,19.9,54.5,58.8,6.79,45.5,63.01
S04281,100.0,6.9,48.9,66.6,7.44,38.2,54.46
S04282,64.9,28.0,38.4,52.5,5.64,52.5,57.59
S04283,91.6,19.1,53.4,70.5,8.11,14.9,59.72
S04284,89.7,15.2,55.6,69.6,6.34,68.6,65.67
S04285,72.2,15.4,34.1,55.4,5.76,54.2,42.67
S04286,82.0,3.9,48.3,57.3,6.2,45.7,58.09
S04287,75.4,22.2,61.6,67.2,10.0,24.0,68.08
S04288,81.9,19.8,46.6,54.2,5.13,63.7,56.13
S04289,95.1,16.6,59.3,69.0,8.02,42.3,68.56
S04290,86.1,26.9,52.3,65.3,6.6,81.1,65.96
S04291,85.1,8.3,53.4,60.3,7.08,64.7,57.73
S04292,75.7,13.8,49.1,60.7,8.22,85.7,67.61
S04293,65.2,12.0,38.0,54.1,8.17,57.7,58.3
S04294,77.9,16.0,48.0,56.3,6.68,76.6,61.69
S04295,92.1,18.5,55.8,67.4,5.87,64.3,64.79
S04296,64.7,21.0,53.6,71.2,8.25,46.0,60.02
S04297,69.4,15.6,61.1,64.2,8.16,58.7,67.48
S04298,81.3,11.9,48.0,57.1,7.16,38.3,49.74
S04299,70.2,29.8,53.4,66.6,8.03,96.4,78.86
S04300,72.1,34.9,52.0,60.1,6.97,53.0,69.7
S04301,75.8,19.0,43.5,56.6,6.51,55.5,63.25
S04302,66.3,12.7,43.5,51.8,7.5,62.8,55.18
S04303,70.3,28.3,48.0,57.5,8.12,33.3,60.86
S04304,87.0,7.9,38.4,54.6,7.87,81.4,61.07
S04305,66.9,15.7,45.8,54.8,8.11,34.5,45.91
S04306,64.0,13.1,43.2,47.4,6.59,30.0,44.6
S04307,73.7,9.9,57.2,72.4,9.4,51.7,60.57
S04308,87.3,16.0,49.0,65.7,7.09,29.4,51.35
S04309,78.0,12.0,45.8,63.8,7.36,86.2,62.01
S04310,75.4,18.1,52.2,52.5,5.92,50.4,63.04
S04311,80.4,18.2,43.6,58.7,7.27,0.0,45.28
S04312,62.5,13.7,46.4,58.7,8.14,59.0,52.28
S04313,84.9,15.4,61.3,78.5,8.42,66.1,66.7
S04314,83.8,16.4,54.1,65.4,9.37,46.6,66.29
S04315,75.9,23.7,45.3,56.0,8.12,27.9,64.67
S04316,90.1,17.0,66.0,73.8,7.83,52.9,66.24
S04317,68.7,23.8,53.7,57.9,6.96,45.4,65.0
S04318,91.3,22.1,59.4,78.0,6.71,35.5,67.91
S04319,81.5,22.0,56.8,72.1,8.66,33.7,62.93
S04320,76.6,27.7,61.4,69.6,8.64,58.1,71.08
S04321,79.8,10.2,30.8,49.5,6.21,73.1,41.92
S04322,78.9,14.7,50.7,63.3,8.37,64.2,59.36
S04323,92.2,30.3,67.6,68.9,8.28,20.4,71.62
S04324,69.2,16.2,35.9,51.3,6.16,67.3,47.47
S04325,72.4,1.0,44.5,53.6,8.15,70.4,65.47
S04326,90.4,16.6,52.9,67.6,6.24,82.9,70.86
S04327,74.0,18.9,37.2,46.0,4.58,36.0,49.73
S04328,89.0,1.0,49.0,64.5,7.31,53.9,57.17
S04329,97.0,27.3,63.3,78.8,7.81,66.4,78.12
S04330,76.0,13.0,50.7,61.5,7.36,44.4,60.44
S04331,86.8,20.3,60.0,80.8,10.0,66.0,82.21
S04332,68.5,16.4,44.5,48.5,7.95,54.5,59.82
S04333,87.5,9.0,54.5,67.6,7.68,38.1,47.42
S04334,82.0,10.5,53.9,64.3,8.02,39.8,63.74
S04335,84.7,11.5,51.6,62.2,6.97,80.0,54.24
S04336,73.5,25.6,56.6,62.7,8.62,35.1,61.29
S04337,63.4,17.0,50.1,51.6,7.93,31.6,59.94
S04338,85.0,14.3,58.9,72.5,7.88,61.9,53.38
S04339,59.4,11.5,43.5,55.2,6.75,54.4,59.82
S04340,76.8,26.4,48.7,68.6,5.62,28.8,65.33
S04341,89.4,28.2,53.1,78.0,6.9,44.6,71.24
S04342,81.9,26.3,64.6,64.2,7.84,38.7,72.52
S04343,99.5,21.4,50.7,68.0,6.97,42.2,72.62
S04344,90.3,20.0,55.6,70.7,7.85,100.0,70.34
S04345,73.5,9.5,43.6,60.8,7.22,48.9,57.72
S04346,80.3,16.3,42.2,67.8,8.02,37.4,53.3
S04347,79.5,13.2,49.1,53.9,6.33,95.4,61.51
S04348,64.2,5.2,42.9,50.3,7.73,72.8,52.67
S04349,70.6,25.4,49.5,66.9,6.73,69.5,70.89
S04350,74.4,13.1,42.3,45.1,5.65,38.3,49.63
S04351,59.6,26.4,52.5,54.0,7.3,78.8,61.68
S04352,80.5,24.2,65.0,76.4,9.34,71.3,67.15
S04353,77.5,21.9,40.7,66.2,5.75,57.9,58.13
S04354,63.3,22.3,59.4,54.6,7.64,20.7,61.54
S04355,84.0,13.7,53.4,66.8,8.46,54.6,66.59
S04356,87.2,31.0,69.3,83.5,10.0,89.6,91.54
S04357,82.3,18.3,52.2,70.8,6.91,59.4,65.28
S04358,76.8,20.1,50.1,63.3,6.74,47.5,58.9
S04359,85.9,13.5,51.6,52.4,6.1,50.4,58.97
S04360,86.8,11.5,64.1,65.6,8.87,51.8,60.95
S04361,83.1,21.3,55.6,71.7,6.46,39.0,71.15
S04362,71.8,19.5,47.3,61.1,7.06,54.2,53.84
S04363,82.8,12.5,44.0,50.2,5.28,83.9,50.62
S04364,92.0,7.9,52.4,69.9,8.56,81.6,56.83
S04365,74.0,9.1,56.0,66.0,8.89,39.9,59.08
S04366,100.0,26.4,67.3,67.3,8.51,80.5,79.32
S04367,74.7,13.7,41.4,42.7,5.57,70.2,59.64
S04368,80.3,15.6,61.6,70.2,8.23,67.7,64.76
S04369,73.3,28.2,53.7,70.9,5.49,63.6,62.15
S04370,82.2,10.1,61.5,68.0,7.57,36.4,44.01
S04371,62.6,12.9,41.3,41.4,7.75,46.9,50.09
S04372,74.5,12.6,49.3,52.6,7.87,71.7,56.45
S04373,69.1,29.3,53.1,67.9,8.14,30.9,64.9
S04374,81.4,32.0,72.4,79.1,7.49,34.2,82.77
S04375,89.9,23.3,49.7,61.4,5.15,61.1,64.59
S04376,86.5,23.5,65.3,71.1,8.14,39.2,66.68
S04377,56.3,13.9,50.3,59.3,7.62,71.5,48.93
S04378,100.0,31.6,58.6,78.8,6.42,39.9,66.22
S04379,83.0,19.9,48.3,63.3,5.62,59.9,56.48
S04380,72.2,24.0,60.3,65.0,9.35,61.6,69.52
S04381,81.6,17.3,64.3,76.5,8.98,45.4,55.22
S04382,81.8,16.1,53.6,64.5,8.35,50.2,61.34
S04383,73.3,29.6,48.2,58.2,6.69,41.4,66.05
S04384,82.0,21.8,50.4,55.3,4.48,54.6,50.46
S04385,73.9,28.2,49.3,65.1,8.42,35.8,63.53
S04386,76.0,19.8,54.3,67.6,7.94,50.5,56.85
S04387,73.1,12.1,53.2,49.9,7.05,70.0,38.43
S04388,65.7,13.9,53.2,58.1,8.85,32.3,51.66
S04389,81.5,18.7,52.4,64.3,8.52,45.3,56.61
S04390,85.9,13.6,47.1,68.2,7.71,65.4,65.78
S04391,85.1,10.2,58.5,62.0,7.54,13.4,60.54
S04392,88.2,26.4,56.3,68.3,7.56,92.1,64.0
S04393,83.2,14.2,48.9,68.4,8.32,75.9,70.44
S04394,74.7,19.0,54.5,61.6,6.47,24.2,61.86
S04395,88.4,20.1,61.6,79.3,8.01,12.9,65.91
S04396,66.4,13.9,37.1,49.9,6.4,55.6,51.21
S04397,71.0,28.2,72.5,84.2,9.1,32.6,67.65
S04398,70.4,10.2,45.4,68.1,8.14,74.2,42.46
S04399,90.8,19.8,58.1,70.5,6.67,62.9,66.41
S04400,89.4,19.7,67.7,75.6,7.6,57.5,61.38
S04401,84.9,17.6,55.7,67.4,6.48,43.6,59.96
S04402,90.7,8.9,59.5,75.7,9.3,87.0,69.91
S04403,71.2,24.1,48.6,65.7,9.45,70.1,53.82
S04404,83.5,23.2,69.5,80.5,8.34,67.1,74.11
S04405,78.7,13.3,61.0,72.2,9.37,79.0,71.26
S04406,88.5,23.0,48.2,73.2,7.68,34.6,52.97
S04407,78.8,20.6,64.6,63.6,8.42,80.7,71.47
S04408,76.2,9.0,52.9,65.0,8.97,49.7,70.18
S04409,85.4,12.0,50.2,68.4,7.49,61.7,58.94
S04410,88.8,26.0,54.0,63.5,7.59,51.9,71.21
S04411,73.3,20.2,55.2,67.9,8.62,17.4,56.02
S04412,79.4,14.0,57.9,69.7,8.28,74.1,69.27
S04413,69.4,12.0,41.4,61.9,6.59,18.5,53.73
S04414,55.0,14.4,36.4,42.3,4.88,35.7,43.54
S04415,82.0,14.9,71.4,72.1,7.29,45.9,65.91
S04416,86.1,12.1,47.4,54.7,4.98,15.9,53.63
S04417,82.6,5.8,51.3,58.5,6.31,33.0,51.81
S04418,60.5,26.0,39.8,60.9,6.45,59.9,50.62
S04419,76.5,24.8,43.0,59.1,6.82,48.1,58.48
S04420,57.8,9.1,54.4,54.6,8.48,49.7,52.32
S04421,93.7,19.0,67.3,75.8,8.75,36.7,63.7
S04422,69.1,11.7,59.0,60.6,8.11,55.9,57.23
S04423,92.6,16.2,57.1,68.5,8.26,48.5,65.26
S04424,89.5,15.6,64.1,69.8,8.29,22.2,62.01
S04425,71.0,15.0,24.2,40.8,4.5,51.0,45.28
S04426,68.7,32.0,56.3,59.3,7.51,30.2,67.42
S04427,83.5,14.9,51.9,60.2,5.34,73.0,53.43
S04428,71.6,12.3,45.5,53.7,8.11,47.2,55.07
S04429,81.0,12.7,49.5,62.6,4.99,100.0,62.2
S04430,75.2,25.3,51.2,61.7,7.28,74.3,57.43
S04431,62.2,6.4,44.7,56.3,8.16,52.4,40.37
S04432,57.7,12.7,38.2,49.8,6.16,66.6,41.67
S04433,82.3,28.1,68.9,66.6,8.65,13.2,72.86
S04434,74.4,19.7,50.0,61.6,8.11,74.2,59.1
S04435,74.5,19.3,48.8,70.7,7.96,38.6,53.81
S04436,87.0,32.9,56.2,68.7,8.34,56.8,79.96
S04437,91.7,19.7,52.7,78.5,7.07,40.4,58.88
S04438,77.3,13.0,51.5,64.7,7.68,42.6,57.12
S04439,76.6,16.0,54.3,65.9,7.51,51.4,64.74
S04440,85.0,10.1,46.6,62.5,7.48,56.5,61.36
S04441,66.4,26.8,50.6,64.7,6.69,54.5,63.52
S04442,82.2,22.0,53.2,68.4,6.01,55.0,58.31
S04443,85.5,25.9,49.4,65.3,7.1,22.5,66.65
S04444,86.8,26.5,55.8,66.1,7.03,100.0,69.14
S04445,60.6,15.1,42.2,44.5,6.62,59.6,51.54
S04446,72.4,11.4,51.3,65.9,8.52,63.8,67.16
S04447,71.2,17.6,42.0,54.6,6.09,48.2,45.78
S04448,81.0,11.9,49.1,56.9,7.29,37.5,57.81
S04449,84.8,19.2,58.3,67.9,8.9,58.0,67.82
S04450,95.0,25.9,73.5,80.5,8.59,60.8,82.91
S04451,75.1,16.8,54.9,61.2,8.96,81.0,73.87
S04452,75.0,19.0,56.8,63.3,6.79,96.6,73.0
S04453,91.5,17.3,66.7,66.7,8.44,84.5,74.59
S04454,83.0,23.6,43.0,57.1,6.22,19.7,53.84
S04455,92.7,13.3,51.7,60.0,7.17,45.8,57.3
S04456,82.9,2.6,56.0,63.4,7.28,61.7,59.97
S04457,68.4,21.3,48.7,53.5,6.81,47.0,48.42
S04458,66.7,24.9,48.3,56.2,7.07,54.1,57.2
S04459,64.5,21.1,51.1,69.6,6.91,12.1,52.97
S04460,86.6,13.5,55.6,68.2,6.32,73.3,54.17
S04461,91.9,10.1,56.1,72.3,8.53,17.5,63.68
S04462,98.5,21.5,56.4,77.9,7.28,23.6,72.94
S04463,88.4,19.0,41.5,65.4,7.74,34.7,64.45
S04464,91.6,17.1,56.2,62.1,7.7,53.0,64.51
S04465,74.2,30.8,52.2,58.5,7.57,22.5,61.03
S04466,68.4,11.4,40.9,41.1,7.61,33.8,45.09
S04467,88.5,30.4,56.2,71.1,7.13,78.0,76.5
S04468,84.2,18.2,56.0,64.8,9.2,52.8,62.47
S04469,81.1,5.2,52.2,60.3,8.41,63.7,53.56
S04470,83.9,16.7,51.3,62.8,7.52,30.3,62.3
S04471,83.2,24.7,56.2,63.8,6.96,53.9,58.9
S04472,92.8,15.4,55.8,68.1,7.36,52.3,64.37
S04473,92.9,7.7,61.9,68.9,8.0,39.1,58.96
S04474,85.4,16.8,55.6,68.3,9.3,54.0,61.97
S04475,88.5,12.0,58.5,56.6,5.85,17.2,54.18
S04476,85.1,21.4,63.5,73.5,8.29,63.8,74.11
S04477,75.4,23.4,65.4,82.6,8.85,47.0,71.76
S04478,87.6,10.6,48.2,60.7,5.72,49.9,56.85
S04479,66.1,13.1,44.0,66.2,7.28,72.0,60.15
S04480,90.5,23.3,49.8,61.9,6.22,63.6,67.07
S04481,68.1,12.0,58.7,61.3,8.02,48.6,56.33
S04482,82.9,10.4,55.9,63.6,7.07,32.7,60.67
S04483,71.5,9.7,40.5,53.7,7.34,81.6,51.55
S04484,85.5,20.5,58.9,73.6,7.01,28.2,67.26
S04485,79.7,20.2,50.3,54.3,8.36,67.6,67.99
S04486,64.1,13.2,48.6,54.9,7.77,23.1,55.31
S04487,84.2,18.0,59.2,76.8,7.78,73.4,59.91
S04488,74.2,28.7,63.0,66.8,7.69,75.2,65.87
S04489,88.8,11.2,56.1,72.6,8.19,16.7,65.47
S04490,80.0,4.3,46.1,60.8,7.19,64.0,40.36
S04491,84.0,21.2,60.7,72.9,9.54,62.3,72.28
S04492,70.4,17.2,50.9,59.0,6.02,69.1,57.8
S04493,74.1,13.0,47.3,54.5,5.43,62.3,68.59
S04494,75.4,22.6,45.5,45.9,5.33,35.8,55.77
S04495,88.6,23.9,37.8,59.3,5.0,50.7,57.14
S04496,96.8,2.5,40.1,59.2,8.31,88.3,64.21
S04497,71.9,13.4,51.6,54.6,8.16,32.8,53.43
S04498,90.8,34.2,57.6,77.7,8.95,61.5,77.19
S04499,58.3,22.1,39.9,52.4,6.23,78.0,53.72
S04500,68.1,22.7,51.3,67.7,8.39,35.2,65.47
S04501,70.4,26.2,64.4,66.6,7.57,26.7,59.08
S04502,66.5,18.1,49.4,63.4,7.7,29.7,61.95
S04503,64.2,23.6,55.7,63.4,8.25,62.9,59.48
S04504,84.1,23.0,55.2,67.4,6.59,29.5,75.29
S04505,77.9,21.8,45.6,68.6,10.0,52.3,56.62
S04506,83.8,15.7,54.9,62.2,9.1,82.4,60.4
S04507,86.9,19.2,45.3,64.1,6.86,54.0,48.61
S04508,82.7,13.9,58.1,64.0,6.19,39.4,76.16
S04509,86.6,18.1,42.9,60.6,7.39,57.5,52.65
S04510,79.3,9.8,47.5,61.0,7.72,53.6,60.74
S04511,68.1,12.5,49.1,73.2,8.78,64.1,64.35
S04512,90.6,16.0,44.5,51.1,6.1,87.4,52.45
S04513,74.1,11.4,49.9,59.8,7.84,62.9,61.37
S04514,70.6,14.5,42.4,56.8,5.67,95.7,47.27
S04515,78.2,16.9,53.8,58.5,8.02,64.1,55.95
S04516,70.9,20.8,52.9,63.6,7.37,39.7,50.39
S04517,75.8,24.6,61.3,73.9,9.82,100.0,76.92
S04518,83.4,14.8,48.8,51.2,5.64,52.5,42.59
S04519,83.5,27.3,67.7,73.6,9.14,33.9,74.87
S04520,71.0,24.6,35.4,60.8,5.46,100.0,56.8
S04521,75.1,21.5,51.2,51.6,5.91,40.3,66.49
S04522,90.7,19.1,43.3,57.6,5.49,39.6,57.22
S04523,85.0,20.2,51.3,65.3,7.8,44.0,68.3
S04524,100.0,26.3,57.2,70.9,6.09,58.3,72.44
S04525,91.8,26.6,55.9,65.5,5.88,73.6,66.34
S04526,91.4,27.3,62.3,74.3,7.74,2.0,76.19
S04527,66.1,18.3,44.0,57.4,8.04,73.5,59.65
S04528,87.6,21.9,65.5,76.0,7.55,43.9,74.47
S04529,79.5,27.4,51.8,69.5,7.31,46.7,60.05
S04530,74.5,13.6,51.4,67.5,9.69,89.3,66.91
S04531,81.7,15.8,44.8,62.5,7.68,59.3,64.09
S04532,89.5,18.1,49.6,59.8,8.47,64.0,57.2
S04533,85.0,24.3,47.7,65.9,7.67,54.0,64.28
S04534,71.2,24.4,49.4,64.5,6.18,70.3,50.22
S04535,87.4,16.4,59.4,61.9,8.16,87.4,56.12
S04536,73.6,7.4,39.4,46.3,6.71,5.5,45.15
S04537,82.2,19.7,46.1,69.7,7.39,76.7,74.09
S04538,77.0,11.6,49.0,53.5,7.87,85.9,68.4
S04539,77.8,7.6,41.8,51.6,5.17,65.0,46.78
S04540,87.7,9.2,47.4,55.7,5.57,41.5,46.94
S04541,69.6,20.3,47.2,68.6,8.59,32.0,66.14
S04542,99.5,27.5,57.5,73.9,6.7,100.0,61.44
S04543,61.8,18.3,53.9,61.6,6.76,36.9,53.15
S04544,74.0,19.5,44.2,59.9,7.7,85.4,55.61
S04545,83.7,26.3,54.2,76.7,7.04,62.8,67.78
S04546,85.8,7.2,55.0,61.6,8.0,95.9,68.74
S04547,79.0,21.6,46.9,63.9,7.44,48.6,45.64
S04548,79.4,17.9,56.3,72.1,7.74,22.8,64.14
S04549,84.1,22.0,44.0,68.4,6.66,55.0,63.87
S04550,77.7,14.6,54.9,62.6,7.73,25.3,58.03
S04551,93.9,12.3,58.7,61.9,8.83,100.0,68.36
S04552,88.4,19.0,44.4,60.2,6.82,67.6,63.72
S04553,88.7,29.5,65.7,85.4,8.6,70.6,78.48
S04554,70.3,24.0,45.5,55.7,7.44,70.6,47.47
S04555,79.2,14.4,52.5,66.2,8.38,41.1,55.29
S04556,77.0,8.6,52.5,59.8,7.65,52.4,65.38
S04557,69.9,6.2,39.5,52.7,7.46,57.2,42.25
S04558,83.6,27.2,54.1,75.2,7.92,93.9,71.74
S04559,74.6,11.3,59.5,67.9,8.96,31.9,56.14
S04560,86.6,15.7,41.8,72.0,7.78,40.4,64.31
S04561,69.3,27.2,62.0,72.7,8.07,47.7,66.19
S04562,97.2,6.7,43.6,62.9,7.06,41.5,60.31
S04563,71.0,28.4,54.1,67.6,9.39,25.8,68.86
S04564,82.2,16.2,56.2,68.9,8.27,0.9,58.79
S04565,87.9,10.0,55.9,60.0,7.59,18.5,44.12
S04566,74.3,16.3,51.2,55.8,7.35,77.0,53.17
S04567,88.5,12.9,56.9,73.3,8.67,54.8,58.01
S04568,67.7,21.1,44.6,61.0,6.77,71.7,50.48
S04569,94.5,13.5,58.0,58.7,5.36,43.3,61.45
S04570,80.1,4.6,52.9,65.7,7.59,53.0,67.97
S04571,74.0,16.5,61.2,67.3,8.93,87.3,50.78
S04572,77.0,8.5,51.4,60.2,9.41,86.1,50.9
S04573,88.1,19.4,40.6,60.2,7.37,73.8,62.55
S04574,74.2,9.7,54.0,65.6,7.55,59.0,55.82
S04575,72.5,14.6,52.8,65.4,8.12,65.4,62.8
S04576,77.8,19.3,52.0,64.3,7.18,62.4,60.99
S04577,68.2,16.5,46.6,60.9,8.12,51.7,65.14
S04578,98.2,19.8,55.7,65.2,7.4,46.9,69.47
S04579,74.3,22.8,51.9,68.3,8.71,77.4,71.23
S04580,88.3,9.9,54.9,65.1,8.37,29.1,66.19
S04581,82.1,17.5,48.7,75.1,8.47,84.7,58.76
S04582,70.2,1.0,47.7,53.0,7.25,49.5,51.48
S04583,79.9,19.7,71.8,87.8,9.81,28.7,76.69
S04584,87.8,15.9,52.0,66.0,8.08,44.1,60.5
S04585,78.1,11.1,40.7,57.3,7.8,37.5,51.65
S04586,91.9,20.2,53.0,65.0,6.59,43.5,61.1
S04587,90.2,26.2,59.3,65.1,7.38,43.1,62.51
S04588,89.2,14.7,57.0,74.7,7.64,42.3,55.98
S04589,75.4,11.4,55.4,60.9,6.55,48.8,68.56
S04590,69.2,19.2,53.1,63.7,7.15,53.7,65.59
S04591,73.9,8.7,35.9,61.1,7.3,70.3,52.64
S04592,82.0,13.4,44.0,59.7,7.57,50.1,48.13
S04593,85.5,26.6,52.5,62.8,5.38,61.5,66.39
S04594,58.3,18.4,42.5,54.0,7.34,55.2,50.73
S04595,79.9,4.8,55.7,55.0,7.05,65.8,53.2
S04596,81.6,5.4,43.0,48.7,7.47,55.9,64.55
S04597,77.2,19.1,61.1,61.8,8.74,42.1,75.14
S04598,92.9,24.0,61.3,83.9,9.96,36.6,60.9
S04599,84.2,6.7,53.9,63.3,8.31,59.2,60.86
S04600,93.1,21.1,47.6,67.6,6.02,80.5,65.11
S04601,77.8,27.3,56.5,64.9,7.09,50.4,67.26
S04602,89.4,31.2,67.6,69.3,8.22,41.0,70.16
S04603,96.4,20.3,61.0,78.3,8.08,49.9,70.79
S04604,93.1,21.5,72.1,74.5,8.68,43.8,66.18
S04605,69.1,3.1,39.5,54.9,7.38,41.7,53.44
S04606,77.5,32.7,55.2,71.3,7.06,26.1,73.27
S04607,76.5,14.0,61.2,69.5,9.6,50.1,74.42
S04608,84.9,11.5,46.0,63.9,7.57,59.7,53.77
S04609,86.9,16.2,50.3,55.2,6.28,33.4,58.39
S04610,71.6,28.6,62.2,85.9,9.27,37.4,84.67
S04611,80.7,33.5,57.3,68.2,5.7,36.0,62.41
S04612,59.8,18.9,40.6,48.9,3.31,27.3,38.51
S04613,94.4,25.0,56.2,77.9,8.42,35.9,73.02
S04614,74.9,18.3,55.7,65.3,8.59,51.0,69.73
S04615,80.6,10.7,43.6,60.4,8.0,28.2,51.08
S04616,76.9,28.3,45.4,64.8,5.94,52.2,73.12
S04617,91.5,13.6,52.9,64.7,7.43,40.9,55.57
S04618,51.6,28.7,52.8,59.3,7.17,36.4,62.04
S04619,79.8,27.1,56.1,68.5,6.86,62.5,62.27
S04620,78.9,22.3,58.4,66.7,9.19,42.2,63.84
S04621,75.5,30.8,53.6,65.6,6.24,45.6,69.22
S04622,97.3,33.6,66.4,70.5,7.88,81.0,76.39
S04623,71.1,16.8,55.6,69.7,8.93,36.6,52.86
S04624,87.7,12.3,50.6,73.1,7.96,86.3,59.21
S04625,83.6,5.0,47.8,67.8,8.99,48.0,62.26
S04626,92.6,33.7,61.5,83.7,8.18,32.3,78.8
S04627,73.3,14.9,45.9,55.9,8.02,43.9,60.24
S04628,72.7,25.9,57.4,65.3,7.94,56.4,61.72
S04629,91.0,12.8,65.2,73.3,8.24,80.1,61.58
S04630,84.3,28.8,58.7,69.9,7.04,71.0,64.55
S04631,64.6,13.1,30.4,44.1,5.94,56.3,40.85
S04632,74.6,9.7,47.5,56.3,8.64,80.2,56.67
S04633,83.9,16.5,57.1,78.1,8.89,17.4,58.27
S04634,88.4,14.3,45.8,59.4,7.8,60.0,66.15
S04635,73.2,22.2,49.6,68.7,6.84,61.2,64.57
S04636,50.9,17.6,40.5,49.1,5.63,61.4,42.25
S04637,85.2,22.4,63.8,72.3,7.6,22.8,65.57
S04638,67.8,16.0,53.9,59.9,5.88,34.7,48.64
S04639,59.8,13.3,32.1,52.8,5.71,51.7,45.13
S04640,51.7,13.9,41.6,37.0,7.48,77.3,42.31
S04641,88.1,32.3,55.6,70.8,6.58,93.3,84.68
S04642,81.3,19.6,49.9,65.3,7.91,41.7,52.42
S04643,77.7,4.1,47.1,58.6,7.31,28.8,43.31
S04644,93.9,14.4,52.5,70.6,6.77,71.3,62.07
S04645,86.4,18.7,51.8,58.6,5.45,100.0,61.4
S04646,96.2,30.9,66.0,69.3,6.48,77.1,74.22
S04647,66.1,25.2,48.0,50.7,6.52,40.0,61.46
S04648,79.7,11.5,42.6,51.0,6.03,100.0,56.5
S04649,63.8,34.9,45.2,62.6,7.11,68.7,58.42
S04650,77.7,17.8,59.5,65.8,6.12,39.2,66.02
S04651,77.5,26.7,58.9,71.8,7.3,93.7,72.93
S04652,86.3,9.9,54.7,63.3,7.79,37.6,67.14
S04653,80.5,1.2,43.0,52.6,6.51,42.6,47.95
S04654,86.2,8.1,62.1,76.8,8.01,69.5,70.68
S04655,87.0,1.0,43.1,60.4,5.87,54.5,33.73
S04656,100.0,32.8,48.4,72.7,6.17,55.7,67.93
S04657,76.8,19.5,52.8,54.1,7.36,55.8,53.78
S04658,70.6,11.5,42.4,67.1,8.32,77.3,61.7
S04659,82.5,21.2,58.6,69.5,8.54,8.5,60.31
S04660,72.0,19.3,64.0,71.2,9.43,60.7,73.06
S04661,94.8,22.3,46.5,68.3,7.05,49.2,69.62
S04662,77.2,26.5,48.0,63.8,7.35,40.0,58.93
S04663,74.3,16.0,51.2,58.0,6.26,39.9,56.64
S04664,75.3,11.8,41.3,54.4,6.0,2.3,47.28
S04665,87.2,23.8,59.4,73.9,7.77,39.0,68.98
S04666,78.4,23.6,53.1,67.4,6.57,80.8,68.67
S04667,73.6,18.7,60.2,74.4,8.98,71.6,65.03
S04668,96.7,33.2,52.7,63.5,5.75,51.2,58.58
S04669,71.4,14.9,35.0,52.2,8.08,26.8,55.41
S04670,80.4,11.7,49.0,63.2,6.29,71.4,63.15
S04671,86.5,20.9,42.6,52.8,6.52,81.2,49.33
S04672,63.7,13.3,53.3,60.5,8.15,75.7,57.18
S04673,84.8,21.5,51.9,60.4,6.69,35.6,55.2
S04674,69.4,12.2,43.5,57.5,6.88,37.7,58.45
S04675,88.2,15.2,54.9,60.6,6.53,88.1,68.8
S04676,70.4,31.2,49.3,65.3,9.64,30.8,62.02
S04677,86.9,15.2,49.9,61.5,6.76,64.6,51.86
S04678,91.1,12.4,56.6,69.1,7.56,19.4,62.63
S04679,88.6,26.2,58.0,74.9,7.26,49.0,62.64
S04680,82.5,10.6,48.4,67.2,7.77,66.7,64.49
S04681,77.7,13.1,44.8,58.7,6.76,54.4,54.16
S04682,74.2,22.0,60.2,60.2,7.26,65.5,72.51
S04683,94.7,24.6,65.5,88.9,7.97,30.5,84.11
S04684,73.0,26.5,45.6,58.5,6.46,38.6,68.16
S04685,69.6,12.8,59.4,66.5,8.81,64.6,63.63
S04686,86.7,22.2,64.2,75.7,8.92,68.9,66.31
S04687,72.0,14.7,53.8,64.6,8.23,59.4,51.06
S04688,70.5,13.8,51.3,55.7,7.58,73.9,60.26
S04689,65.6,26.4,32.7,48.7,3.91,21.9,52.11
S04690,75.2,14.2,60.0,74.8,8.01,45.7,64.16
S04691,79.2,19.9,56.8,54.9,7.03,91.5,54.18
S04692,82.4,19.1,53.8,65.0,7.2,80.7,58.78
S04693,89.5,10.5,47.3,52.9,5.22,67.7,54.33
S04694,85.3,24.8,57.0,75.0,8.09,51.9,65.52
S04695,78.1,21.9,44.1,63.2,5.76,75.7,54.59
S04696,78.0,4.1,50.8,59.3,7.64,63.6,48.29
S04697,85.1,19.9,52.7,68.5,8.59,24.7,63.43
S04698,92.7,12.6,53.4,61.5,6.94,74.9,60.03
S04699,81.3,25.7,59.8,60.1,8.96,37.7,62.02
S04700,75.3,7.9,47.2,55.1,6.6,70.2,52.49
S04701,70.1,15.5,56.2,62.3,8.22,22.7,59.56
S04702,65.5,20.5,46.3,54.8,5.93,87.0,57.82
S04703,86.7,18.4,62.1,56.0,8.74,49.5,58.96
S04704,85.8,23.3,47.0,58.2,8.55,32.8,61.2
S04705,85.8,7.4,55.0,58.1,8.06,41.2,57.29
S04706,78.7,29.6,54.3,66.4,7.03,48.3,66.74
S04707,94.1,21.7,54.6,69.5,5.82,54.9,56.73
S04708,75.2,27.5,49.0,56.5,7.03,81.4,60.94
S04709,89.6,24.1,67.8,75.6,8.83,56.4,76.93
S04710,79.6,17.9,53.9,61.9,7.66,11.6,55.54
S04711,73.9,9.0,37.4,60.6,5.64,30.4,50.5
S04712,85.9,14.1,45.2,57.4,6.15,100.0,58.25
S04713,84.1,29.1,66.7,74.3,9.0,57.7,71.59
S04714,83.6,27.7,57.4,66.3,8.09,74.0,77.17
S04715,80.8,13.7,46.5,48.4,6.02,48.8,50.88
S04716,79.6,1.0,39.2,53.8,5.38,34.9,43.51
S04717,100.0,16.5,61.5,70.4,6.75,45.4,63.2
S04718,91.8,16.0,51.3,60.2,5.28,57.6,67.45
S04719,87.2,16.3,46.0,63.7,7.31,45.8,68.23
S04720,81.1,21.7,55.2,63.4,10.0,93.4,76.14
S04721,90.1,24.1,51.3,72.9,5.58,42.7,69.31
S04722,85.2,24.9,51.3,57.1,7.28,33.9,57.09
S04723,80.3,21.1,44.9,73.8,9.07,71.2,63.65
S04724,77.0,5.4,45.5,59.2,8.4,73.6,50.39
S04725,79.2,15.6,48.9,59.5,7.32,55.6,64.4
S04726,48.3,34.1,44.7,57.9,7.32,43.0,72.5
S04727,82.1,20.6,53.7,61.2,6.11,17.0,62.66
S04728,75.1,20.6,37.1,60.9,7.18,79.4,68.57
S04729,95.9,20.5,53.9,72.0,7.79,72.4,71.54
S04730,80.2,20.9,61.8,74.6,8.83,46.2,70.07
S04731,68.1,1.3,37.1,54.3,6.76,56.2,41.95
S04732,79.5,16.3,43.5,58.5,7.27,50.5,60.67
S04733,69.5,17.7,41.4,58.9,6.36,87.6,61.24
S04734,84.7,27.0,59.8,73.5,7.77,34.2,75.28
S04735,82.9,18.3,54.4,74.2,8.44,42.6,65.87
S04736,89.6,6.5,49.3,62.7,8.26,40.7,58.8
S04737,72.1,21.0,49.3,65.1,6.1,61.2,58.47
S04738,80.3,12.4,53.2,59.6,7.68,56.1,55.07
S04739,66.3,9.5,35.3,39.5,6.69,59.0,50.72
S04740,87.0,12.2,56.6,62.0,8.71,37.4,50.1
S04741,85.2,21.8,46.5,61.9,7.31,84.7,53.57
S04742,85.0,26.8,57.9,67.3,5.68,45.9,61.47
S04743,80.0,21.4,59.8,67.2,7.24,78.8,58.05
S04744,84.1,22.4,54.6,72.1,8.05,100.0,75.74
S04745,96.0,21.3,65.2,69.2,7.79,37.5,66.48
S04746,77.1,18.7,45.1,67.7,6.89,61.8,64.99
S04747,81.4,22.9,51.1,70.3,6.8,52.4,71.36
S04748,69.1,1.1,36.5,52.9,6.31,95.6,46.8
S04749,71.3,18.8,48.2,65.2,7.03,49.4,60.26
S04750,81.0,10.7,47.4,50.8,6.47,60.0,60.67
S04751,91.0,26.1,61.4,78.5,8.66,59.5,79.78
S04752,77.4,17.0,47.2,62.4,6.42,53.0,44.81
S04753,77.6,18.2,52.7,68.5,7.65,70.1,60.37
S04754,75.9,7.5,55.3,65.9,7.57,56.9,60.02
S04755,74.7,25.1,44.0,65.1,8.63,64.6,65.4
S04756,82.9,22.4,69.8,77.4,8.81,59.3,66.2
S04757,65.0,21.9,49.2,66.7,8.34,42.9,50.32
S04758,92.8,12.3,55.0,65.3,7.92,49.6,66.12
S04759,73.3,12.6,52.6,60.2,6.24,66.1,50.43
S04760,87.2,19.6,54.5,62.0,6.22,66.0,61.27
S04761,67.3,13.1,46.9,54.1,6.49,79.9,54.1
S04762,86.7,21.0,65.2,60.2,8.4,92.2,68.02
S04763,86.7,2.9,48.7,57.0,7.59,44.6,47.77
S04764,83.8,14.6,60.8,67.6,8.54,57.7,64.15
S04765,70.1,30.6,49.1,62.7,8.7,51.1,62.31
S04766,82.5,21.1,53.7,62.5,6.63,32.9,70.63
S04767,68.2,19.2,52.4,54.8,7.54,66.3,59.5
S04768,77.5,31.9,62.5,68.6,7.48,70.6,86.05
S04769,90.3,1.6,53.2,68.4,7.11,33.5,47.52
S04770,88.0,12.3,52.0,62.2,6.86,47.5,56.75
S04771,80.2,15.2,53.6,73.2,8.92,45.6,61.98
S04772,70.3,24.0,49.3,67.4,7.56,24.8,55.98
S04773,86.5,24.1,54.1,65.0,7.52,54.3,63.71
S04774,80.2,11.9,39.6,58.5,6.54,32.1,49.49
S04775,56.8,25.0,60.2,56.7,8.31,58.2,55.35
S04776,87.8,15.2,55.9,59.4,6.29,60.4,70.61
S04777,79.8,26.5,57.8,69.6,8.05,62.9,67.92
S04778,92.0,10.8,60.1,72.7,8.08,63.8,70.63
S04779,69.0,17.1,51.6,67.2,7.0,85.6,65.92
S04780,48.2,14.6,36.7,47.3,7.88,38.8,55.26
S04781,82.8,25.4,59.7,70.7,7.72,39.8,61.61
S04782,82.9,14.3,59.3,67.2,7.45,68.1,70.44
S04783,63.1,17.7,42.9,64.0,7.52,52.4,55.32
S04784,70.2,21.5,41.3,64.2,7.57,77.5,72.17
S04785,100.0,21.8,52.8,73.2,7.66,66.2,72.84
S04786,76.9,24.2,52.8,68.7,7.57,93.4,59.54
S04787,87.3,19.5,43.5,62.0,6.18,53.2,66.68
S04788,73.5,15.1,47.7,64.5,7.32,25.4,63.02
S04789,59.1,15.6,42.1,58.0,7.82,61.8,45.81
S04790,78.3,18.2,52.0,62.0,7.62,53.6,65.12
S04791,77.3,19.7,52.2,66.3,8.64,65.7,73.82
S04792,76.0,17.0,52.6,64.9,8.24,68.3,64.9
S04793,78.9,18.1,52.3,62.3,6.46,44.3,52.8
S04794,82.6,7.4,43.2,55.8,7.3,34.8,58.37
S04795,78.5,22.7,53.7,66.0,7.13,52.1,67.0
S04796,67.4,19.3,43.6,54.4,7.49,7.4,51.85
S04797,84.9,25.0,55.7,65.4,7.5,56.6,63.61
S04798,60.5,18.0,48.0,57.2,8.23,46.9,59.79
S04799,59.5,5.8,44.9,53.9,7.71,72.2,43.97
S04800,87.4,15.5,59.1,77.4,8.98,15.3,67.09
S04801,85.1,16.6,61.5,72.9,7.79,55.1,72.91
S04802,79.4,23.2,50.4,67.7,6.5,86.5,73.02
S04803,66.0,3.5,38.0,58.5,6.94,68.5,44.75
S04804,72.9,18.3,57.8,62.6,8.22,74.6,53.34
S04805,77.4,21.6,48.6,62.1,5.56,61.8,54.41
S04806,64.0,13.4,46.3,56.2,5.88,21.8,54.08
S04807,72.6,18.5,49.4,61.9,7.51,58.3,54.76
S04808,86.5,13.6,48.3,70.0,8.64,63.2,69.63
S04809,94.3,12.9,73.0,78.9,9.07,33.4,65.78
S04810,75.8,15.1,45.6,62.2,7.24,52.5,53.57
S04811,87.6,13.0,49.7,59.5,8.77,0.0,57.26
S04812,60.9,22.8,52.4,59.5,7.59,48.3,64.14
S04813,86.6,12.9,41.3,60.2,5.66,46.3,44.64
S04814,72.0,11.7,45.3,62.4,7.49,83.0,58.21
S04815,83.1,30.4,55.4,63.0,6.76,42.9,67.66
S04816,77.5,24.7,55.9,67.9,8.6,49.7,60.69
S04817,93.2,5.0,49.7,58.6,7.47,53.4,58.52
S04818,71.3,12.6,52.7,55.3,5.97,43.2,51.51
S04819,86.3,19.7,48.4,62.6,5.7,69.4,53.45
S04820,77.2,20.3,46.5,66.4,7.47,15.2,58.55
S04821,78.4,7.6,45.5,57.1,4.6,77.7,44.1
S04822,78.2,26.1,47.9,63.3,6.88,54.8,58.68
S04823,71.5,23.8,51.5,59.7,7.78,81.0,68.11
S04824,79.9,21.4,43.9,58.0,6.23,0.1,53.33
S04825,79.4,27.5,59.7,83.9,8.69,6.3,75.32
S04826,82.4,21.2,58.3,63.6,8.93,49.2,65.19
S04827,80.8,21.1,49.5,55.3,6.28,65.1,53.42
S04828,88.0,28.9,57.7,71.1,7.14,43.9,71.99
S04829,89.2,25.7,65.8,79.7,8.69,66.7,78.1
S04830,69.5,12.1,51.3,63.4,7.5,74.6,49.82
S04831,88.7,22.4,44.8,62.6,5.83,68.3,68.17
S04832,68.1,13.4,42.5,47.5,7.33,57.1,60.53
S04833,85.9,21.5,57.4,65.4,6.48,56.9,67.63
S04834,86.2,21.3,54.3,61.1,8.83,42.7,65.65
S04835,60.9,8.3,48.5,57.9,8.23,53.9,64.26
S04836,80.9,17.1,56.0,67.0,7.12,34.5,64.06
S04837,75.3,19.9,41.9,58.5,7.67,39.3,58.63
S04838,72.4,14.9,41.7,47.7,5.93,65.3,61.37
S04839,93.5,20.2,59.0,65.2,6.6,45.7,74.33
S04840,73.5,23.6,56.6,60.5,9.36,40.2,56.05
S04841,71.9,17.8,47.4,59.4,7.56,64.0,55.16
S04842,80.8,19.6,61.2,86.1,8.62,62.6,73.87
S04843,86.9,27.7,64.6,73.1,7.78,50.7,78.79
S04844,78.6,21.3,53.4,65.7,9.08,52.0,58.23
S04845,91.7,19.4,59.4,66.9,5.1,63.3,68.49
S04846,85.3,11.3,40.2,53.0,7.27,74.4,52.93
S04847,58.2,22.7,43.9,53.4,9.47,59.0,62.67
S04848,74.7,20.3,51.9,61.9,8.65,31.2,57.87
S04849,74.4,27.0,56.0,73.3,9.09,50.6,54.89
S04850,84.8,18.3,51.9,66.9,7.49,46.9,51.82
S04851,53.8,5.3,35.1,44.3,6.86,33.9,34.2
S04852,100.0,6.1,46.3,66.2,6.27,65.0,54.31
S04853,85.3,23.1,50.0,71.7,6.18,66.5,64.24
S04854,81.5,14.0,50.7,68.4,8.47,69.5,59.42
S04855,91.8,21.1,62.5,68.4,8.12,35.2,67.55
S04856,100.0,18.8,58.3,62.9,7.42,58.1,63.66
S04857,88.7,16.8,54.9,59.8,8.11,54.9,63.03
S04858,89.5,17.3,54.8,72.3,7.67,61.1,71.17
S04859,81.3,11.9,60.8,64.9,8.65,57.6,62.47
S04860,78.6,17.9,52.2,69.8,8.64,54.7,67.01
S04861,75.2,13.9,37.9,51.0,6.22,52.3,55.25
S04862,71.7,15.4,43.9,60.1,7.83,77.1,56.65
S04863,73.1,15.7,41.9,56.7,5.5,37.8,40.74
S04864,66.5,16.4,50.9,55.4,7.66,51.5,57.43
S04865,79.2,24.5,61.3,74.3,8.23,76.6,65.97
S04866,63.2,17.1,51.9,52.1,5.92,38.8,57.02
S04867,81.9,25.2,57.8,63.8,7.0,39.8,72.58
S04868,79.6,28.8,50.1,69.4,7.51,69.7,65.82
S04869,81.5,24.0,54.0,70.1,7.78,26.5,65.76
S04870,74.8,21.7,37.7,59.0,7.17,68.2,62.12
S04871,100.0,20.3,52.7,62.3,6.09,45.2,58.54
S04872,93.6,24.1,54.2,68.1,7.44,63.2,68.24
S04873,67.6,18.6,28.7,50.4,5.52,30.6,38.13
S04874,82.3,24.9,66.8,82.8,7.22,78.7,78.47
S04875,73.9,22.3,47.8,69.2,6.97,30.7,70.2
S04876,69.9,15.5,35.1,50.8,7.34,69.5,53.12
S04877,66.6,24.3,46.4,54.3,6.83,31.5,51.55
S04878,84.3,18.6,58.1,72.7,5.69,91.2,65.97
S04879,73.2,17.3,59.9,66.9,7.06,53.6,53.3
S04880,89.7,14.7,57.7,68.1,8.62,94.0,64.62
S04881,89.9,19.2,60.6,74.1,9.01,38.6,66.38
S04882,93.7,25.0,73.2,76.7,10.0,46.1,74.02
S04883,71.5,24.2,56.7,73.6,9.53,79.2,70.68
S04884,84.8,20.5,52.7,70.2,6.06,26.5,63.66
S04885,86.3,22.2,58.9,76.1,7.01,41.0,66.78
S04886,75.3,26.9,46.9,67.9,7.47,64.9,69.83
S04887,72.3,17.0,58.4,62.0,7.4,34.6,61.23
S04888,96.1,10.2,49.5,70.5,7.58,65.4,59.43
S04889,82.3,27.1,59.3,81.7,10.0,58.4,73.98
S04890,86.4,14.3,49.6,66.0,6.2,24.7,56.8
S04891,71.8,13.2,51.2,62.5,6.64,74.4,54.33
S04892,67.8,5.4,54.5,63.3,9.47,29.8,58.28
S04893,74.3,22.0,49.1,55.8,6.76,70.4,46.5
S04894,78.8,6.6,51.3,70.9,7.97,57.6,58.17
S04895,69.4,12.7,57.4,63.9,8.74,45.9,61.07
S04896,79.9,22.1,55.2,73.2,8.08,32.9,68.84
S04897,63.1,23.1,44.4,69.7,7.73,61.6,67.01
S04898,68.8,13.4,47.1,64.3,8.63,37.5,55.97
S04899,86.7,17.1,56.1,71.0,6.43,79.2,68.92
S04900,86.0,11.9,45.4,55.7,6.9,79.9,60.72
S04901,76.1,14.2,42.3,55.5,8.14,87.8,59.26
S04902,69.8,19.9,40.4,57.9,5.02,60.6,44.64
S04903,69.7,14.5,52.6,60.8,9.2,46.9,65.75
S04904,76.3,16.3,56.7,58.2,7.86,49.1,60.3
S04905,86.4,7.7,42.6,51.8,7.68,47.6,52.01
S04906,89.3,25.9,53.6,64.0,5.54,60.0,57.26
S04907,75.0,21.6,54.0,59.7,5.96,63.7,44.78
S04908,68.5,23.6,44.0,62.4,7.02,79.6,71.38
S04909,82.7,27.0,59.1,66.4,8.47,55.4,70.98
S04910,71.8,12.2,27.5,52.1,5.01,26.9,37.92
S04911,74.8,15.5,57.8,59.9,8.45,46.9,52.84
S04912,93.3,4.7,55.4,59.4,7.07,86.1,56.96
S04913,88.3,40.0,60.5,74.7,7.23,23.9,79.36
S04914,81.6,17.0,45.2,62.2,7.8,69.8,64.31
S04915,67.3,25.3,55.5,66.6,7.82,47.2,67.29
S04916,82.1,9.3,46.0,52.5,6.65,37.3,46.79
S04917,90.6,25.0,43.0,68.2,8.25,62.9,65.92
S04918,76.2,31.0,51.3,51.3,4.72,86.2,61.71
S04919,93.5,17.6,61.4,59.5,6.96,61.8,63.87
S04920,92.9,10.9,62.4,79.8,7.68,49.7,69.16
S04921,96.6,17.0,47.9,71.3,7.09,29.1,72.26
S04922,83.1,2.4,30.1,48.1,5.31,53.0,45.19
S04923,85.9,17.7,54.0,58.0,8.41,28.4,57.99
S04924,94.1,23.7,56.7,65.9,6.0,48.8,56.64
S04925,84.5,17.7,47.5,65.4,7.42,53.7,62.22
S04926,75.0,16.0,41.0,55.5,7.68,7.8,49.37
S04927,75.5,21.7,56.3,72.9,7.52,82.8,68.58
S04928,82.4,22.2,56.3,73.1,8.9,30.2,69.29
S04929,67.1,6.4,48.2,51.1,7.44,51.3,59.2
S04930,78.6,18.6,53.5,57.2,8.01,65.7,62.71
S04931,91.0,35.1,59.5,78.1,7.43,81.2,79.24
S04932,58.1,8.7,44.4,57.8,8.24,39.2,46.29
S04933,95.3,17.4,59.4,78.3,9.17,4.8,59.76
S04934,91.2,31.6,57.4,81.1,7.67,76.6,81.77
S04935,75.4,25.7,49.3,67.2,8.44,30.0,71.23
S04936,85.4,14.4,60.8,72.1,9.25,62.2,65.05
S04937,80.0,19.4,64.9,76.4,9.13,63.4,58.17
S04938,92.3,18.0,51.4,72.5,7.04,0.0,69.95
S04939,89.8,12.8,68.3,78.0,8.74,22.7,74.3
S04940,66.0,17.5,50.9,59.8,7.8,45.8,56.39
S04941,85.9,16.0,58.8,75.4,8.84,3.3,70.98
S04942,77.9,18.8,57.7,67.5,8.18,28.2,62.42
S04943,80.8,12.8,57.6,63.3,7.83,57.5,61.94
S04944,72.7,9.1,46.0,58.9,8.02,53.2,44.48
S04945,97.5,17.7,61.5,71.8,7.81,61.1,76.12
S04946,90.4,30.0,66.3,75.6,7.85,64.0,64.25
S04947,72.6,18.6,47.2,55.2,7.31,21.4,65.62
S04948,66.7,15.7,46.5,61.5,7.2,29.3,65.09
S04949,76.1,23.3,54.3,70.0,9.62,70.2,53.06
S04950,84.3,16.9,51.8,69.5,8.07,85.5,74.36
S04951,82.4,31.1,52.7,68.8,6.81,35.7,65.16
S04952,92.5,18.0,49.4,61.3,7.17,60.2,64.94
S04953,87.9,22.9,59.4,79.4,8.77,71.1,63.76
S04954,89.7,12.7,52.7,62.9,6.62,59.8,57.69
S04955,83.3,21.5,51.4,60.0,5.72,50.0,52.49
S04956,66.1,19.9,38.6,52.4,5.81,42.2,46.37
S04957,78.0,17.6,41.5,56.0,5.43,94.7,63.14
S04958,90.6,14.5,54.6,77.1,5.94,56.9,68.66
S04959,79.5,13.5,42.7,59.1,6.08,62.8,59.44
S04960,85.0,20.0,64.2,71.5,9.16,61.5,66.6
S04961,76.8,22.4,48.0,71.6,7.44,38.8,58.19
S04962,69.7,17.1,49.7,50.6,7.06,56.0,45.1
S04963,78.8,20.0,51.7,57.9,5.77,48.6,61.7
S04964,83.1,17.7,36.5,55.4,7.33,48.2,67.9
S04965,73.4,18.7,49.3,56.7,5.42,61.3,64.12
S04966,77.6,16.6,57.5,65.8,7.06,36.7,60.16
S04967,70.6,18.1,54.9,69.3,9.98,30.9,66.49
S04968,91.2,36.9,65.8,80.6,8.3,65.1,81.08
S04969,77.1,20.2,46.1,63.7,7.25,44.4,64.89
S04970,94.5,22.5,62.6,74.8,8.34,48.1,81.74
S04971,95.3,21.1,70.5,81.7,6.87,16.4,66.58
S04972,79.2,16.2,35.2,46.5,6.54,74.3,49.68
S04973,69.9,27.1,55.0,55.3,9.54,65.5,63.95
S04974,59.1,16.0,45.9,55.6,6.13,69.2,51.67
S04975,65.3,25.4,56.3,60.2,7.08,62.7,65.76
S04976,66.3,15.7,40.1,63.7,7.87,24.7,53.6
S04977,93.8,11.3,46.9,67.4,6.38,59.6,54.06
S04978,81.2,20.6,52.1,69.3,8.28,42.8,59.16
S04979,83.9,10.3,45.8,57.6,7.13,35.7,47.47
S04980,57.8,21.7,48.3,61.5,8.3,65.0,58.23
S04981,68.0,9.6,39.4,52.7,8.2,88.2,59.24
S04982,88.9,15.8,51.7,65.5,7.21,84.9,65.8
S04983,82.9,8.0,50.4,64.3,9.55,67.4,64.13
S04984,78.5,37.8,55.0,68.7,6.7,54.4,63.49
S04985,85.6,6.4,50.8,64.4,9.12,50.7,52.21
S04986,96.4,18.1,60.2,79.8,8.91,36.9,71.6
S04987,77.8,26.0,54.1,72.3,9.63,49.6,76.78
S04988,80.7,25.3,60.9,67.1,7.71,73.2,73.25
S04989,81.9,24.0,49.7,60.7,6.55,91.5,59.48
S04990,100.0,15.8,65.0,73.1,9.99,38.7,85.3
S04991,59.0,27.5,46.7,46.9,7.1,15.1,41.94
S04992,86.8,24.4,53.3,70.5,6.52,44.4,65.13
S04993,78.9,19.5,51.5,61.4,7.27,73.1,62.19
S04994,85.7,19.7,55.6,58.9,6.32,96.4,61.83
S04995,73.4,15.9,49.6,63.9,8.13,81.2,63.86
S04996,79.5,11.6,43.5,53.8,6.77,80.7,53.5
S04997,87.1,26.7,56.1,68.5,7.16,38.0,57.86
S04998,100.0,27.2,60.8,71.2,8.66,38.6,72.87
S04999,88.1,11.8,54.4,70.5,8.25,28.5,62.64
S05000,71.5,16.9,43.0,57.9,7.52,41.7,60.83
S05001,75.8,17.0,57.4,67.4,7.71,73.3,71.4
S05002,75.5,17.8,46.0,57.9,7.51,87.5,54.29
S05003,62.0,18.5,52.5,58.9,6.98,61.9,66.49
S05004,76.7,24.6,52.8,57.3,7.5,49.9,59.48
S05005,87.3,12.8,59.6,80.4,8.09,33.7,61.89
S05006,67.3,12.1,41.4,56.2,7.35,52.7,49.52
S05007,90.5,26.7,47.6,76.7,8.0,59.1,58.06
S05008,84.9,14.8,39.7,56.3,6.5,25.7,51.22
S05009,72.7,9.2,60.0,56.1,6.78,73.4,63.53
S05010,78.6,14.6,44.4,55.4,6.62,46.5,57.27
S05011,96.0,15.7,60.7,70.0,6.82,72.2,67.52
S05012,87.3,28.9,54.5,71.9,9.04,54.8,74.01
S05013,80.1,24.5,57.8,78.6,8.37,60.9,77.36
S05014,77.6,26.0,52.1,58.0,6.21,41.0,55.22
S05015,80.8,23.7,72.7,71.6,8.02,48.1,75.44
S05016,74.9,24.6,49.3,65.3,7.03,67.8,63.18
S05017,59.0,13.2,37.6,41.1,6.68,52.4,41.31
S05018,100.0,16.6,54.4,66.7,5.72,32.9,64.61
S05019,81.6,11.1,48.4,64.3,8.67,57.2,60.13
S05020,84.0,16.5,50.4,62.9,5.86,62.7,53.89
S05021,79.4,22.8,52.9,66.7,7.44,82.5,58.79
S05022,72.6,18.9,42.3,65.6,6.36,78.1,55.35
S05023,78.1,27.2,60.2,66.0,8.43,53.7,65.2
S05024,64.0,10.0,44.3,50.1,7.1,44.1,56.3
S05025,100.0,21.5,63.3,77.8,7.34,50.4,70.02
S05026,67.7,9.3,55.2,60.3,7.38,44.5,51.82
S05027,69.7,18.7,47.3,61.4,7.86,65.1,65.8
S05028,75.6,23.2,50.0,55.8,7.52,75.8,69.74
S05029,92.9,16.5,47.3,76.2,7.45,79.8,60.78
S05030,80.1,21.9,54.6,66.8,6.88,46.8,55.21
S05031,67.6,11.3,36.8,40.8,5.61,44.8,47.8
S05032,92.5,6.4,50.3,64.7,6.16,46.6,54.64
S05033,87.3,21.9,65.1,68.3,8.36,16.4,63.96
S05034,85.4,30.2,52.3,72.2,7.13,30.9,73.87
S05035,87.2,11.0,46.8,54.2,6.7,54.3,53.74
S05036,100.0,26.6,61.8,77.3,5.81,62.6,82.97
S05037,100.0,18.3,56.2,61.3,5.44,64.8,63.33
S05038,73.1,8.7,48.2,51.6,6.66,39.4,51.37
S05039,96.2,10.1,55.4,71.1,8.57,45.2,77.56
S05040,83.8,18.1,42.7,56.8,6.83,49.6,59.3
S05041,85.0,15.2,49.9,62.0,7.98,47.4,56.22
S05042,63.1,8.8,35.9,41.2,6.78,68.8,39.43
S05043,78.3,6.1,53.7,61.2,8.27,28.8,52.44
S05044,71.9,12.1,48.3,62.1,7.08,32.0,55.45
S05045,88.3,19.4,47.0,71.0,6.02,49.0,66.81
S05046,90.7,18.0,51.8,70.4,7.18,27.7,53.68
S05047,59.3,14.5,54.2,65.5,9.7,17.0,57.66
S05048,79.8,19.4,57.0,61.9,9.65,25.1,71.77
S05049,91.2,25.3,56.0,71.4,8.08,50.1,71.17
S05050,78.1,20.8,63.8,65.0,7.34,67.6,73.12
S05051,87.3,17.2,51.8,58.9,7.86,68.0,53.38
S05052,83.5,24.5,60.3,64.0,7.88,86.8,67.26
S05053,83.4,11.3,53.2,67.1,7.45,57.0,60.51
S05054,77.3,16.4,43.2,57.4,8.03,59.7,61.24
S05055,67.8,16.6,44.7,50.0,7.75,50.0,48.9
S05056,68.8,9.3,49.8,53.7,7.12,51.0,54.34
S05057,87.1,15.1,48.2,62.3,6.07,96.6,63.12
S05058,80.2,3.5,37.2,50.2,6.95,60.2,48.06
S05059,78.6,31.4,61.1,65.9,8.46,62.0,73.67
S05060,75.8,11.4,45.2,53.7,7.46,32.1,54.7
S05061,76.9,29.1,58.3,73.0,7.86,63.2,65.6
S05062,90.5,18.3,70.4,63.3,7.16,68.2,66.16
S05063,76.6,22.0,50.8,59.3,6.23,77.2,52.82
S05064,66.6,14.6,49.8,57.0,7.21,67.6,46.39
S05065,87.4,19.5,49.6,59.2,6.27,52.5,61.44
S05066,78.0,22.6,42.3,52.9,6.2,51.6,45.16
S05067,80.3,22.7,64.1,77.6,8.95,53.6,69.12
S05068,96.1,23.4,53.5,74.3,7.0,57.1,71.01
S05069,79.8,15.4,47.2,60.0,6.61,80.4,58.28
S05070,82.9,14.6,68.5,71.7,9.44,76.5,82.22
S05071,68.2,6.8,46.0,57.9,8.48,70.1,56.24
S05072,77.8,21.7,58.5,67.7,7.05,95.6,64.18
S05073,86.1,25.6,60.2,71.0,8.01,1.9,70.59
S05074,64.4,29.3,46.8,61.2,7.22,45.8,52.75
S05075,82.0,20.1,52.9,61.8,6.67,54.8,67.04
S05076,81.0,12.6,48.1,46.8,8.07,41.6,51.95
S05077,80.4,6.1,52.8,59.9,7.11,36.4,60.46
S05078,90.4,25.3,65.2,77.4,7.59,20.7,72.67
S05079,83.3,5.4,53.2,65.1,8.73,48.8,62.01
S05080,94.8,15.6,67.1,77.7,8.59,72.9,68.07
S05081,70.1,16.4,47.6,56.0,6.84,70.5,48.96
S05082,81.4,17.5,59.6,67.3,8.08,40.0,56.59
S05083,80.8,18.3,66.1,67.9,6.15,59.4,52.97
S05084,69.3,19.0,65.7,77.1,8.04,82.2,64.71
S05085,89.6,1.1,49.1,66.3,7.68,24.6,50.72
S05086,100.0,18.1,61.3,78.0,7.95,51.8,76.49
S05087,79.8,2.4,39.8,55.7,7.14,60.7,43.68
S05088,85.1,23.1,67.5,71.0,10.0,55.2,85.91
S05089,80.8,14.1,50.2,66.4,6.42,72.0,53.0
S05090,72.9,2.9,44.1,62.0,8.67,25.0,45.89
S05091,61.8,12.3,48.3,54.9,6.26,34.9,40.72
S05092,72.9,14.0,49.0,60.6,8.11,68.6,58.37
S05093,66.1,26.3,49.5,64.6,8.19,21.0,59.13
S05094,97.0,19.4,60.2,71.5,7.57,71.2,68.63
S05095,78.8,20.4,47.9,64.8,6.91,64.0,63.39
S05096,76.5,26.3,54.0,61.5,7.67,69.8,70.97
S05097,88.9,17.3,66.0,63.0,7.82,45.6,58.27
S05098,68.8,23.3,53.1,60.4,9.65,65.2,64.65
S05099,72.3,22.8,52.2,61.3,6.45,31.6,63.67
S05100,80.7,9.0,44.0,56.0,6.83,46.7,46.15
S05101,90.3,28.3,53.6,69.8,7.84,55.7,86.44
S05102,85.0,8.1,49.1,54.8,7.19,37.0,68.06
S05103,82.5,24.4,70.6,74.7,7.38,59.4,69.99
S05104,80.8,7.4,57.6,61.3,8.78,32.1,51.35
S05105,84.0,22.2,47.2,59.7,4.12,60.4,51.39
S05106,82.0,31.0,51.5,58.6,6.78,89.8,68.27
S05107,69.7,16.5,40.0,47.2,5.41,29.9,52.15
S05108,80.5,16.2,38.5,50.4,6.07,54.5,41.84
S05109,69.3,22.3,68.5,76.0,10.0,22.6,63.1
S05110,80.8,15.7,55.4,64.0,8.22,38.3,62.11
S05111,75.2,30.7,59.1,72.4,8.64,69.0,63.0
S05112,100.0,19.3,59.5,78.6,7.4,46.4,67.85
S05113,79.6,15.8,66.6,79.7,8.41,69.8,70.88
S05114,66.0,14.2,42.1,51.7,5.38,62.1,48.49
S05115,78.7,11.5,52.2,59.0,8.75,53.7,54.48
S05116,85.2,13.6,60.1,71.9,6.52,34.4,61.51
S05117,96.7,15.5,53.7,75.2,6.86,68.7,68.8
S05118,74.1,14.6,40.9,57.8,8.11,61.1,50.73
S05119,64.2,13.4,37.9,59.7,7.88,24.4,53.42
S05120,88.2,32.7,58.3,73.9,7.6,35.7,73.73
S05121,66.2,10.8,42.6,42.7,5.86,0.0,47.0
S05122,75.6,19.0,56.4,61.6,7.62,27.7,61.57
S05123,77.4,22.1,50.6,63.2,8.65,48.7,64.27
S05124,79.3,22.4,50.0,60.7,6.86,33.9,59.0
S05125,86.9,17.6,53.9,65.0,9.08,38.4,62.73
S05126,73.2,16.3,53.1,54.9,6.45,82.8,61.63
S05127,77.3,21.2,60.0,73.6,7.51,75.6,66.05
S05128,79.9,19.9,69.9,66.3,9.34,41.1,71.33
S05129,81.5,16.2,51.6,58.4,6.68,70.9,62.19
S05130,81.0,7.1,64.0,72.1,8.76,79.3,58.02
S05131,84.4,14.7,55.3,67.7,9.87,67.4,64.28
S05132,88.4,10.0,54.0,67.8,7.71,61.0,60.78
S05133,83.9,13.3,43.6,57.3,6.87,77.0,57.57
S05134,84.5,18.2,54.2,66.4,6.57,70.4,65.09
S05135,64.2,20.5,54.5,58.6,9.07,30.7,60.78
S05136,80.5,30.5,46.0,58.1,9.03,51.2,66.82
S05137,84.8,14.2,64.2,70.8,9.24,44.0,63.74
S05138,87.3,23.4,61.0,61.8,7.46,78.0,73.85
S05139,73.1,20.1,51.1,64.0,8.75,43.4,63.96
S05140,73.4,27.1,54.5,59.0,7.44,40.0,61.9
S05141,74.3,22.0,39.5,50.2,6.44,75.5,53.69
S05142,85.4,10.9,50.9,73.5,8.85,60.2,64.78
S05143,90.3,5.9,67.3,75.6,9.46,97.2,68.54
S05144,75.9,20.2,41.0,48.5,6.28,37.8,44.2
S05145,89.1,14.3,50.0,62.2,6.25,44.6,52.27
S05146,81.2,11.1,42.1,58.1,7.55,77.4,64.25
S05147,78.8,9.1,54.4,54.4,8.65,29.4,58.24
S05148,77.9,19.1,51.1,62.1,6.14,81.4,56.16
S05149,87.5,28.6,62.8,78.0,7.77,30.9,69.31
S05150,83.3,15.1,52.9,61.0,6.79,67.2,54.52
S05151,100.0,22.1,70.5,78.3,8.34,18.1,69.87
S05152,71.5,17.3,43.1,52.8,6.54,55.9,59.92
S05153,85.2,9.0,47.3,65.2,8.43,27.6,56.46
S05154,74.7,23.1,48.0,60.1,7.31,93.5,67.5
S05155,71.3,10.3,35.7,49.7,6.38,33.6,56.93
S05156,79.9,18.2,52.8,60.2,7.58,38.4,57.57
S05157,81.4,15.6,44.0,66.0,5.17,65.7,48.48
S05158,100.0,24.3,60.9,72.1,6.83,43.0,72.37
S05159,78.2,10.6,40.8,61.4,7.9,69.0,51.16
S05160,68.7,20.7,43.1,54.5,5.37,40.8,52.59
S05161,82.7,12.1,49.1,43.2,4.41,39.2,49.99
S05162,59.3,14.4,39.8,44.4,4.69,54.4,56.0
S05163,79.1,1.0,39.9,52.3,9.09,30.7,51.83
S05164,80.2,32.6,56.4,73.5,7.41,62.9,68.04
S05165,87.9,21.9,49.4,58.4,6.86,72.5,66.53
S05166,89.7,12.6,56.8,72.2,8.63,66.1,70.51
S05167,75.0,10.1,44.4,61.5,7.01,67.9,61.82
S05168,78.5,14.5,62.0,68.6,7.82,16.5,55.29
S05169,72.3,23.0,52.0,62.7,7.53,45.8,68.96
S05170,68.7,4.8,44.8,51.5,6.93,50.5,61.76
S05171,83.1,17.0,53.5,65.2,7.85,84.1,71.52
S05172,67.3,30.4,57.8,60.2,8.43,43.4,74.07
S05173,75.9,10.1,46.4,59.0,7.28,9.0,49.49
S05174,70.0,18.6,52.3,65.2,6.95,34.9,68.06
S05175,85.5,33.4,55.0,64.9,7.09,41.8,65.79
S05176,98.0,22.4,58.9,67.5,4.74,11.9,62.32
S05177,67.0,18.9,52.5,60.4,7.84,74.4,57.06
S05178,61.5,21.5,42.4,53.8,6.05,23.6,47.88
S05179,78.8,15.2,58.2,64.1,8.26,63.9,62.51
S05180,80.2,27.1,57.6,60.4,7.39,33.2,57.49
S05181,82.2,15.2,57.2,60.6,7.63,85.1,58.33
S05182,75.5,4.3,49.5,48.5,8.34,49.5,45.77
S05183,78.0,15.3,45.9,61.8,6.39,45.4,64.97
S05184,83.7,11.2,53.2,66.8,7.94,65.6,70.64
S05185,90.4,16.0,52.6,67.3,7.82,34.9,77.92
S05186,60.4,16.2,50.9,53.2,7.28,66.5,53.93
S05187,76.3,26.4,59.1,64.3,6.39,45.4,63.7
S05188,82.1,22.9,59.9,70.0,8.21,43.1,71.66
S05189,70.8,19.8,61.0,64.1,8.34,53.2,55.52
S05190,97.3,18.0,64.5,71.8,7.64,33.2,61.95
S05191,73.6,10.6,42.4,60.4,6.22,51.2,42.3
S05192,79.6,2.7,50.3,52.1,6.87,61.8,56.03
S05193,85.6,18.8,46.1,68.1,7.43,8.8,54.72
S05194,74.1,23.6,55.7,58.3,8.33,76.8,70.42
S05195,61.5,17.2,33.5,54.9,5.6,71.3,46.86
S05196,75.7,14.3,47.0,46.4,6.82,17.9,51.3
S05197,90.3,21.3,46.1,66.6,7.02,14.8,60.29
S05198,76.6,17.4,57.2,61.2,7.4,71.8,62.58
S05199,71.5,29.8,46.2,57.6,5.94,70.3,57.79
S05200,89.3,26.6,62.2,71.4,7.24,67.5,76.88
S05201,76.7,24.7,51.6,66.4,7.13,26.5,60.94
S05202,74.9,23.3,37.4,45.3,6.25,91.6,58.03
S05203,81.5,9.0,46.4,59.6,7.36,39.9,55.17
S05204,87.7,22.6,50.7,66.3,6.85,59.8,58.18
S05205,100.0,20.6,60.6,71.7,8.09,60.0,78.88
S05206,88.3,22.2,61.8,68.5,6.44,86.9,63.67
S05207,91.6,21.4,67.0,70.9,7.61,57.5,74.58
S05208,74.9,21.2,47.3,61.9,6.53,63.3,63.57
S05209,69.7,36.9,45.2,62.6,6.78,53.5,55.75
S05210,80.6,17.5,48.7,64.4,7.86,31.1,58.76
S05211,81.1,24.6,58.2,71.9,7.78,8.6,68.73
S05212,69.2,14.7,45.7,62.5,7.0,55.7,53.57
S05213,78.2,23.5,42.9,55.2,7.18,26.8,57.07
S05214,84.0,24.6,47.1,72.1,5.76,62.0,64.6
S05215,83.6,20.6,66.9,76.7,9.18,58.0,69.0
S05216,85.0,29.7,61.5,70.8,8.32,57.5,74.17
S05217,82.9,11.8,53.7,77.0,8.28,33.9,62.35
S05218,74.9,14.6,41.4,51.4,5.59,75.7,51.02
S05219,74.9,19.5,46.1,52.8,6.79,64.5,50.99
S05220,68.0,24.2,52.5,58.4,7.1,31.4,61.17
S05221,97.8,19.3,51.7,61.9,5.18,96.4,49.0
S05222,80.1,27.0,62.8,77.7,8.57,50.8,73.09
S05223,77.8,13.4,58.5,67.6,9.24,28.3,62.09
S05224,70.7,10.0,54.4,65.6,9.97,39.8,54.67
S05225,100.0,20.2,57.3,70.2,6.24,24.8,56.73
S05226,69.3,17.5,45.6,64.0,7.64,82.2,61.61
S05227,75.7,21.8,56.5,66.7,9.09,76.6,65.45
S05228,84.2,17.8,60.4,66.7,7.2,69.8,65.29
S05229,86.0,15.6,51.2,59.9,6.82,66.0,48.87
S05230,89.6,17.5,46.8,57.9,5.26,80.0,61.37
S05231,98.1,18.2,62.9,79.0,8.86,50.2,77.52
S05232,85.1,15.9,45.9,66.0,7.48,63.5,59.91
S05233,69.4,16.6,47.2,65.1,6.62,38.8,50.22
S05234,77.4,15.2,61.6,66.4,7.84,51.9,64.81
S05235,83.1,24.0,50.6,64.5,7.68,64.0,63.33
S05236,100.0,19.4,60.7,76.0,7.7,0.0,72.68
S05237,66.0,33.8,51.9,60.2,7.24,42.6,63.76
S05238,92.0,19.1,61.6,72.2,9.45,58.3,57.9
S05239,81.8,14.1,50.6,64.2,7.34,53.4,45.19
S05240,88.4,36.7,70.5,79.8,9.44,46.0,76.26
S05241,79.0,20.9,48.1,62.5,8.18,66.8,65.53
S05242,71.6,24.9,57.1,68.7,7.92,40.8,61.54
S05243,87.5,22.1,55.6,69.7,7.36,30.6,67.94
S05244,86.5,22.4,48.3,77.6,8.67,78.7,65.4
S05245,89.7,21.7,58.9,75.2,7.64,75.9,82.04
S05246,79.9,10.3,47.0,54.0,6.38,43.0,51.33
S05247,74.0,20.6,42.4,54.4,6.34,53.6,57.11
S05248,64.4,8.7,47.0,49.2,8.01,71.9,45.86
S05249,88.2,16.8,43.0,55.3,6.41,55.9,54.67
S05250,84.2,12.9,47.5,68.3,7.43,65.6,63.12
S05251,70.3,20.5,54.0,63.4,8.77,64.5,62.77
S05252,74.6,20.3,42.2,52.6,7.86,48.6,40.46
S05253,75.3,21.4,42.2,47.8,6.63,65.3,58.78
S05254,65.2,20.0,47.3,54.0,9.19,35.7,61.42
S05255,71.8,13.8,50.8,57.2,8.16,62.9,61.84
S05256,68.7,16.2,54.4,63.4,8.72,53.5,66.85
S05257,75.9,24.4,39.3,51.5,4.78,47.8,54.85
S05258,72.6,25.5,47.7,65.8,7.9,30.1,76.27
S05259,63.7,10.0,48.6,53.1,8.51,57.6,54.57
S05260,100.0,7.3,61.6,81.5,9.54,55.8,55.12
S05261,92.5,12.9,44.8,59.4,5.74,38.2,56.94
S05262,72.2,25.3,67.4,74.4,8.95,23.1,75.35
S05263,82.7,26.5,62.6,72.1,9.47,22.1,62.31
S05264,84.2,11.5,43.1,60.3,5.08,49.9,51.12
S05265,91.9,20.2,55.7,63.9,8.07,61.1,73.71
S05266,71.8,30.8,61.9,63.5,8.24,92.0,66.72
S05267,90.9,20.9,58.4,64.6,7.11,54.1,64.02
S05268,74.5,28.0,41.4,64.8,6.91,22.5,64.74
S05269,66.6,25.0,48.5,60.4,8.3,50.9,53.51
S05270,87.2,11.6,47.4,56.5,6.76,80.0,57.47
S05271,92.9,16.7,54.7,67.0,7.24,41.3,57.42
S05272,100.0,18.2,64.9,77.8,8.47,77.4,71.61
S05273,68.0,18.7,48.6,57.8,9.6,58.5,61.97
S05274,87.0,24.4,57.7,71.7,8.15,67.9,76.09
S05275,75.9,20.9,62.4,67.0,7.66,92.2,68.32
S05276,87.8,1.0,47.5,56.8,6.88,18.3,46.71
S05277,65.3,8.8,37.0,42.6,6.29,72.9,53.16
S05278,67.4,2.7,39.5,58.7,8.83,53.1,53.92
S05279,72.2,19.2,46.7,56.9,7.32,36.0,44.84
S05280,80.8,19.7,50.5,51.9,8.88,53.0,66.39
S05281,73.6,20.0,47.2,61.4,7.1,88.8,60.81
S05282,86.6,11.3,52.9,65.0,6.72,81.7,59.88
S05283,90.3,22.7,58.4,76.2,8.0,15.0,74.96
S05284,86.0,23.0,52.3,68.7,7.41,39.6,63.5
S05285,96.2,9.2,39.1,59.4,6.05,73.9,61.17
S05286,84.2,7.7,61.7,68.6,9.68,54.6,71.24
S05287,67.8,18.0,44.1,53.1,6.75,54.6,54.22
S05288,93.6,30.5,64.1,81.1,8.61,23.6,78.13
S05289,73.9,29.9,51.5,65.7,8.51,40.1,70.46
S05290,89.1,21.9,49.1,56.0,5.99,27.8,61.74
S05291,95.7,12.9,48.1,61.7,6.3,21.9,62.73
S05292,84.6,24.2,46.3,63.3,7.14,29.8,55.52
S05293,65.0,14.8,38.1,41.0,6.46,36.4,43.08
S05294,70.8,12.6,53.8,68.4,9.57,39.8,53.01
S05295,93.2,3.0,52.5,64.1,7.26,38.2,66.21
S05296,78.3,18.7,50.9,58.3,8.57,75.4,52.4
S05297,80.8,13.6,45.6,60.2,8.12,36.9,65.31
S05298,87.6,18.7,53.4,66.9,7.82,83.5,68.61
S05299,87.0,1.9,54.0,67.9,7.55,45.3,50.96
S05300,82.8,19.2,52.1,72.5,8.98,63.8,59.05
S05301,77.9,1.0,43.3,59.3,6.51,64.4,49.31
S05302,76.9,25.6,55.8,72.1,9.57,37.0,67.2
S05303,88.6,21.7,57.9,63.2,5.96,48.4,65.3
S05304,85.5,16.0,52.9,62.7,8.44,44.9,49.08
S05305,77.4,21.9,51.5,56.8,5.81,62.4,57.6
S05306,90.8,11.2,58.2,66.9,7.12,52.4,56.18
S05307,78.7,18.5,61.5,67.4,7.61,40.0,70.82
S05308,71.5,23.6,41.4,62.2,6.92,57.4,61.19
S05309,72.4,1.0,35.5,49.4,7.28,61.8,42.88
S05310,70.2,14.9,50.2,46.0,5.84,92.0,61.77
S05311,77.3,17.8,53.7,55.3,6.32,56.4,54.86
S05312,92.3,16.6,53.5,64.1,8.1,55.2,63.65
S05313,71.9,28.2,33.5,51.5,7.54,63.6,60.03
S05314,81.9,10.1,48.2,45.4,6.67,36.0,56.87
S05315,73.4,13.7,44.4,68.9,9.09,20.5,58.14
S05316,77.4,4.6,37.8,40.5,6.04,48.8,53.19
S05317,64.9,28.6,50.6,57.3,7.07,76.4,59.29
S05318,77.8,16.3,51.0,64.4,6.89,79.7,54.31
S05319,78.1,14.9,62.3,71.1,8.24,17.4,71.7
S05320,85.4,17.6,51.5,57.9,7.56,68.3,59.68
S05321,82.2,22.5,47.9,69.6,7.37,11.3,65.11
S05322,68.0,20.4,48.1,60.1,5.29,64.2,60.07
S05323,90.8,36.5,66.5,78.1,8.54,63.0,91.79
S05324,82.1,21.2,50.8,64.3,7.24,20.5,58.94
S05325,82.0,14.7,52.3,59.5,7.64,75.0,63.68
S05326,79.9,14.1,45.9,59.9,6.6,89.9,53.09
S05327,74.8,15.3,50.6,60.0,6.41,53.8,53.28
S05328,82.2,7.5,65.0,68.5,9.3,57.8,58.75
S05329,84.8,18.3,42.9,60.6,5.37,84.6,63.14
S05330,62.5,23.5,47.3,57.0,6.23,32.5,60.3
S05331,74.6,13.7,45.3,78.2,9.28,33.0,63.48
S05332,77.5,12.3,45.4,56.2,8.27,38.2,50.96
S05333,82.6,28.6,58.4,75.4,7.11,55.7,65.52
S05334,91.9,8.0,56.6,65.7,9.0,55.7,58.49
S05335,72.3,3.5,40.2,57.3,8.04,43.9,51.92
S05336,75.0,9.9,49.0,46.9,7.78,49.0,43.22
S05337,74.9,7.2,53.3,58.4,7.77,44.2,52.0
S05338,72.0,20.7,43.5,62.1,8.06,45.2,51.03
S05339,76.5,15.5,62.6,68.8,8.11,39.6,65.65
S05340,87.7,16.5,64.9,65.9,10.0,39.8,62.05
S05341,69.5,26.1,54.3,60.8,7.27,15.0,71.9
S05342,84.3,13.2,51.3,70.7,7.3,50.5,66.86
S05343,63.0,23.4,54.7,63.2,6.02,15.9,55.87
S05344,74.4,28.6,59.3,72.1,7.44,70.0,70.99
S05345,76.7,14.8,54.6,79.4,9.74,43.8,68.33
S05346,96.7,23.2,66.8,69.5,8.68,52.6,66.8
S05347,77.3,16.3,44.4,56.3,6.85,47.5,62.91
S05348,58.0,24.5,45.9,56.4,7.54,50.1,56.18
S05349,60.0,7.0,46.8,46.5,5.94,80.3,42.1
S05350,80.3,6.5,47.5,57.8,6.34,28.0,54.16
S05351,86.1,15.3,57.6,74.1,7.68,22.5,56.27
S05352,83.8,11.8,56.5,64.7,6.91,57.4,63.4
S05353,81.7,14.4,51.0,49.6,6.25,45.1,56.53
S05354,91.6,16.5,52.0,71.5,8.09,62.2,61.69
S05355,74.6,23.0,61.7,66.9,7.4,69.3,71.2
S05356,88.9,15.1,51.4,50.9,5.62,32.9,59.28
S05357,63.7,12.2,41.5,45.3,5.01,67.1,44.47
S05358,71.0,15.5,46.9,48.5,6.82,34.6,55.35
S05359,61.9,12.6,46.0,49.5,5.59,56.5,40.31
S05360,77.3,11.5,54.0,55.3,5.26,30.3,54.76
S05361,79.5,6.7,50.3,55.5,8.85,57.6,47.46
S05362,81.1,18.5,58.6,67.9,7.38,54.6,64.33
S05363,80.6,14.0,50.3,56.4,7.18,32.9,60.24
S05364,70.7,24.8,38.8,63.4,7.27,27.8,59.91
S05365,78.1,7.9,35.9,52.6,6.13,70.0,58.84
S05366,65.0,14.2,50.5,57.5,7.99,45.9,50.44
S05367,93.6,30.7,65.7,82.2,7.34,75.2,79.17
S05368,77.0,11.4,50.1,60.1,6.59,44.1,41.81
S05369,75.1,16.3,52.5,62.5,6.77,81.0,56.42
S05370,95.9,9.5,65.3,68.7,6.03,36.0,59.24
S05371,67.6,8.6,47.1,53.5,7.01,84.5,61.59
S05372,68.7,28.8,49.6,63.3,7.21,58.5,62.76
S05373,69.0,19.2,46.9,65.3,6.98,63.0,63.87
S05374,79.3,18.9,62.2,50.9,7.57,34.9,54.57
S05375,84.3,6.1,41.8,67.5,7.41,69.6,54.04
S05376,87.4,20.5,63.4,66.6,7.78,70.3,62.75
S05377,100.0,26.1,64.1,79.7,8.63,48.5,69.77
S05378,57.5,26.0,45.0,48.9,8.21,12.3,49.23
S05379,86.1,22.7,50.1,75.7,8.65,32.7,63.37
S05380,74.4,10.1,53.8,52.1,6.48,32.7,64.18
S05381,74.1,20.2,44.0,63.7,6.89,64.0,58.54
S05382,73.8,22.7,54.4,64.3,8.28,45.7,55.18
S05383,70.9,5.4,42.0,55.1,8.31,46.1,47.64
S05384,96.8,10.2,64.1,64.0,6.69,43.7,67.81
S05385,88.4,24.2,59.4,78.2,8.23,84.4,68.32
S05386,80.2,24.1,42.6,58.5,6.37,55.9,68.26
S05387,93.5,7.2,51.9,70.2,8.08,59.0,67.55
S05388,64.9,23.6,57.6,52.3,7.47,42.6,57.59
S05389,66.7,18.7,37.5,46.4,5.84,54.4,45.94
S05390,58.2,23.5,43.5,55.3,6.98,35.5,48.38
S05391,73.0,13.6,63.2,62.3,10.0,61.9,64.99
S05392,81.6,22.5,56.8,69.5,7.74,32.1,67.29
S05393,81.0,23.9,54.4,68.1,10.0,69.9,77.87
S05394,81.5,15.5,47.9,54.7,5.77,40.3,56.54
S05395,65.9,18.1,49.7,63.0,8.4,74.0,57.96
S05396,88.0,13.5,44.3,56.9,4.46,93.1,63.42
S05397,82.4,29.6,62.1,65.5,7.5,55.0,74.05
S05398,87.3,17.2,57.8,75.2,8.26,81.2,64.01
S05399,61.1,11.5,46.9,59.2,8.51,70.0,54.32
S05400,83.1,13.0,47.7,49.9,6.54,26.3,57.02
S05401,68.1,18.9,59.0,64.2,8.75,57.2,64.48
S05402,76.0,23.3,46.3,62.1,6.86,65.0,54.72
S05403,85.3,8.6,37.2,56.5,7.3,67.0,55.0
S05404,80.9,30.9,53.5,49.9,6.98,58.6,59.95
S05405,71.5,20.2,48.4,57.9,6.14,58.3,57.01
S05406,80.1,21.3,56.3,73.8,9.38,55.1,60.52
S05407,64.7,17.3,44.3,55.7,7.56,57.7,49.51
S05408,91.5,18.1,57.3,72.3,8.8,30.5,79.61
S05409,77.9,17.0,54.8,71.7,8.75,50.3,61.5
S05410,91.2,25.1,46.4,56.3,6.34,25.9,67.42
S05411,74.7,17.9,58.8,71.5,8.96,45.0,63.94
S05412,74.8,23.4,38.0,60.7,8.1,43.2,52.19
S05413,72.4,15.0,48.4,48.8,6.25,41.9,45.54
S05414,88.8,19.4,58.7,74.0,8.04,34.0,61.88
S05415,72.9,12.4,47.5,65.2,6.27,60.4,67.93
S05416,86.4,26.5,50.9,72.7,9.43,48.6,68.98
S05417,76.2,12.2,53.8,66.8,8.48,46.6,60.9
S05418,60.2,15.7,42.0,47.9,7.41,26.8,53.55
S05419,74.3,15.8,63.9,66.3,9.02,49.0,66.92
S05420,68.2,15.5,44.3,47.7,5.6,77.9,56.43
S05421,80.3,23.1,44.0,62.0,6.6,78.2,58.18
S05422,68.1,15.8,36.8,50.5,7.2,62.5,44.9
S05423,89.3,27.8,61.7,74.7,10.0,49.1,69.27
S05424,79.1,12.3,51.1,62.8,6.22,66.2,47.49
S05425,78.2,19.2,52.7,68.1,5.45,41.7,55.46
S05426,86.6,12.6,48.3,59.2,5.77,49.0,33.13
S05427,89.6,20.9,59.7,64.7,8.59,40.1,71.35
S05428,79.8,17.9,47.9,60.8,6.79,73.2,62.92
S05429,72.3,16.9,48.7,60.5,7.31,70.6,52.47
S05430,62.3,26.3,59.4,69.3,8.42,54.3,56.96
S05431,73.1,13.4,46.0,56.3,7.31,89.6,65.66
S05432,73.8,22.1,56.2,69.4,7.74,63.3,70.3
S05433,81.1,12.6,49.5,66.8,8.14,62.1,58.87
S05434,76.5,18.8,55.8,62.0,6.98,60.0,56.64
S05435,86.9,9.6,54.4,68.7,7.3,29.8,58.95
S05436,73.9,13.4,55.5,67.6,7.79,37.1,50.23
S05437,79.4,17.4,66.2,65.8,8.54,53.9,67.29
S05438,91.8,30.7,41.3,68.8,6.55,54.1,59.34
S05439,83.4,18.7,47.0,55.1,3.88,66.8,40.23
S05440,79.4,29.6,60.8,70.1,8.32,41.6,64.88
S05441,74.0,19.5,56.8,65.9,8.61,56.4,57.68
S05442,73.7,15.3,51.5,67.8,7.74,56.8,70.68
S05443,71.5,28.8,55.3,71.8,7.82,57.6,77.17
S05444,74.6,21.1,51.4,63.7,6.82,55.3,53.59
S05445,87.6,13.5,60.2,70.9,8.1,26.9,62.63
S05446,77.8,21.3,60.5,68.8,8.52,9.8,60.21
S05447,66.5,16.0,47.5,71.1,7.57,36.2,68.29
S05448,97.7,4.1,59.4,70.6,10.0,44.4,53.65
S05449,83.2,24.6,49.6,59.3,5.62,31.4,62.12
S05450,65.9,25.7,48.4,61.7,7.7,53.9,68.52
S05451,75.6,30.9,61.2,61.7,6.09,76.8,63.12
S05452,81.1,21.0,48.9,70.9,8.56,69.5,65.95
S05453,97.0,16.3,55.5,58.8,5.6,64.3,67.42
S05454,68.9,23.8,50.3,54.3,5.9,74.7,51.24
S05455,89.8,23.9,51.4,64.3,6.74,36.5,67.49
S05456,94.0,29.5,62.6,70.4,7.82,45.9,63.23
S05457,73.7,17.7,55.6,67.0,6.79,67.3,51.09
S05458,77.2,16.8,46.8,52.7,6.8,45.5,60.4
S05459,69.6,13.0,54.7,55.4,7.28,46.6,49.16
S05460,78.0,21.8,58.5,62.7,7.21,92.2,66.0
S05461,79.6,7.2,49.7,68.2,9.28,56.9,52.39
S05462,86.6,23.4,51.6,75.7,8.32,90.3,71.88
S05463,90.9,22.1,56.5,71.6,7.11,18.5,55.26
S05464,72.5,22.1,51.2,60.6,10.0,42.4,71.57
S05465,60.3,19.0,30.8,47.7,8.09,63.2,56.38
S05466,79.8,28.7,49.0,70.4,6.34,56.9,61.35
S05467,82.9,24.1,68.8,73.5,7.81,13.9,57.01
S05468,82.5,13.8,50.8,57.2,8.14,50.4,57.7
S05469,76.7,13.9,49.6,70.3,6.67,100.0,58.36
S05470,81.2,11.8,51.0,57.0,6.24,59.9,52.2
S05471,95.2,21.9,57.9,71.4,7.6,67.1,75.68
S05472,83.8,11.0,47.8,57.4,7.07,42.1,62.68
S05473,76.3,25.6,66.0,68.8,9.27,59.9,73.05
S05474,75.0,27.3,56.4,74.4,8.39,54.8,77.53
S05475,78.3,11.8,46.8,59.3,6.73,77.4,39.3
S05476,96.4,16.7,62.9,75.4,8.01,76.7,68.39
S05477,78.2,18.1,50.0,59.1,9.02,63.2,60.08
S05478,79.8,24.2,41.4,56.0,5.83,56.4,62.8
S05479,75.2,29.3,40.7,54.8,6.27,21.4,55.71
S05480,91.0,6.2,55.1,61.6,7.49,20.7,59.88
S05481,99.6,15.8,56.4,73.4,7.54,56.6,64.15
S05482,84.5,16.1,57.6,65.2,7.44,72.5,59.37
S05483,80.8,8.2,48.5,63.2,7.13,81.6,61.72
S05484,80.4,14.6,41.8,61.9,7.11,37.2,55.8
S05485,56.2,21.0,45.1,53.3,7.96,24.8,55.28
S05486,87.5,16.0,63.2,75.1,8.86,73.7,61.81
S05487,81.3,7.2,45.8,55.9,6.92,38.7,56.19
S05488,84.3,38.1,74.3,79.5,10.0,23.5,74.27
S05489,72.9,19.9,54.9,62.6,9.85,45.1,74.22
S05490,76.2,18.8,60.3,69.8,9.1,44.8,63.93
S05491,75.9,10.3,40.0,53.9,8.25,81.4,52.49
S05492,90.2,19.8,61.6,82.8,9.91,72.3,79.57
S05493,76.2,16.9,47.2,67.9,7.15,40.3,58.2
S05494,100.0,4.8,42.6,63.5,6.5,83.0,61.55
S05495,84.3,10.5,55.8,64.9,6.87,57.5,57.07
S05496,67.2,23.6,42.6,55.1,6.3,76.2,60.99
S05497,78.7,31.6,51.9,78.6,7.65,81.5,70.98
S05498,73.5,20.6,59.8,76.1,7.86,49.7,70.5
S05499,58.1,25.7,49.6,57.4,7.74,66.4,66.29
S05500,96.0,16.9,61.2,71.0,7.49,46.9,57.22
S05501,87.0,17.4,44.3,64.6,7.66,73.6,64.24
S05502,85.3,25.6,57.5,67.6,9.58,56.8,81.68
S05503,81.7,29.6,71.0,67.0,8.24,74.2,76.87
S05504,66.2,27.1,59.2,60.1,8.61,85.5,80.97
S05505,75.2,10.5,42.6,55.9,7.73,65.9,48.73
S05506,88.4,17.5,50.0,56.8,5.56,53.1,59.39
S05507,69.5,19.9,37.0,58.0,5.32,53.5,55.36
S05508,54.7,16.2,59.8,56.6,10.0,0.0,53.24
S05509,77.7,20.7,36.7,49.7,6.86,40.7,46.95
S05510,78.6,23.7,52.9,54.4,6.76,73.7,74.56
S05511,81.4,25.0,57.1,65.2,7.79,74.4,74.0
S05512,87.3,29.8,53.3,68.4,8.16,40.3,72.65
S05513,86.4,15.7,54.1,67.3,8.31,58.3,64.19
S05514,82.6,8.5,58.5,69.2,9.63,51.2,63.66
S05515,92.0,20.5,51.2,68.1,9.3,68.8,72.53
S05516,64.8,31.2,41.0,50.6,6.53,99.2,68.55
S05517,85.0,14.7,55.1,70.2,8.66,69.2,60.81
S05518,86.3,22.8,49.1,60.2,7.04,41.6,62.51
S05519,67.6,22.9,46.6,62.6,7.33,53.4,56.98
S05520,65.0,19.3,43.9,46.3,6.19,83.0,46.74
S05521,72.5,18.0,38.3,48.3,5.47,26.8,45.71
S05522,73.4,11.5,47.8,68.8,7.46,42.7,57.77
S05523,87.5,2.0,47.7,69.4,6.35,69.2,53.03
S05524,73.9,10.2,55.8,57.2,8.61,80.9,59.05
S05525,71.4,15.3,40.2,61.3,7.16,67.2,59.82
S05526,73.9,25.7,50.0,71.7,7.87,42.9,71.41
S05527,91.2,17.3,63.7,80.3,9.14,65.7,87.63
S05528,80.1,14.4,36.8,53.0,5.72,63.3,56.74
S05529,78.2,11.8,47.7,48.7,6.63,62.0,49.49
S05530,78.9,22.6,54.0,66.2,7.72,53.1,70.7
S05531,92.9,27.5,44.5,69.6,7.88,56.1,66.35
S05532,72.5,25.4,53.2,67.5,8.82,36.9,60.83
S05533,93.2,22.2,62.5,77.3,8.54,100.0,78.03
S05534,82.1,7.7,48.6,56.9,7.62,58.1,63.75
S05535,78.4,15.5,49.1,59.9,7.86,66.0,55.85
S05536,100.0,31.6,64.5,66.6,7.9,50.6,76.55
S05537,69.4,25.9,52.0,63.3,5.74,71.9,63.38
S05538,76.5,7.2,50.4,54.8,7.31,29.0,46.27
S05539,67.7,17.6,44.6,56.4,7.8,20.1,45.69
S05540,89.5,20.5,48.6,68.2,8.05,54.4,56.79
S05541,96.9,12.7,55.3,64.0,6.39,96.1,70.93
S05542,96.7,1.8,40.4,52.2,5.98,79.2,48.82
S05543,92.2,18.7,52.0,68.3,7.22,38.8,59.8
S05544,78.0,12.5,58.1,60.2,9.86,65.3,64.78
S05545,76.3,12.5,53.2,63.8,6.52,42.3,63.94
S05546,63.3,15.5,58.3,66.9,8.91,63.5,54.13
S05547,100.0,17.1,63.9,75.4,9.4,65.1,61.47
S05548,84.7,17.9,50.6,62.3,7.55,73.5,71.34
S05549,75.1,11.8,39.0,49.2,6.68,23.7,52.21
S05550,93.3,16.5,69.2,73.6,8.12,29.7,61.76
S05551,70.3,5.7,44.3,54.5,7.73,53.5,48.0
S05552,84.1,20.2,55.0,63.0,6.47,34.4,54.79
S05553,78.3,1.0,45.1,62.4,6.71,32.8,53.15
S05554,86.4,16.0,52.0,57.6,8.04,60.4,67.54
S05555,79.4,24.4,54.0,63.6,8.62,36.7,69.03
S05556,65.5,10.6,36.0,54.3,7.11,100.0,52.52
S05557,80.8,23.0,60.4,78.6,7.42,44.3,69.79
S05558,90.5,26.1,59.4,69.0,8.3,49.6,65.87
S05559,79.7,1.0,54.7,65.7,7.29,61.0,51.77
S05560,87.8,16.9,50.3,58.8,7.14,24.8,58.88
S05561,69.5,1.0,39.2,48.0,6.59,65.2,43.27
S05562,79.7,17.2,42.2,57.8,6.57,61.8,56.53
S05563,73.8,17.9,55.8,65.0,10.0,48.0,54.59
S05564,87.5,1.0,40.9,55.3,7.26,60.5,56.38
S05565,80.3,31.5,63.7,68.0,9.14,63.6,66.85
S05566,86.9,20.0,61.5,77.5,9.52,83.7,59.89
S05567,90.9,12.1,61.7,64.7,7.28,100.0,60.44
S05568,86.9,28.3,49.9,64.9,7.94,33.8,65.22
S05569,82.7,5.4,56.7,60.0,7.62,29.1,67.29
S05570,70.0,9.4,34.8,44.5,5.57,57.1,42.29
S05571,80.0,1.9,43.6,53.8,5.64,13.4,46.71
S05572,74.7,30.6,47.7,63.7,7.56,68.0,67.49
S05573,76.6,20.3,51.5,74.6,6.99,57.3,53.83
S05574,76.3,22.6,44.2,63.9,9.77,62.3,64.05
S05575,70.2,20.1,44.9,57.4,7.22,48.9,55.14
S05576,60.4,22.0,55.1,71.4,9.84,60.1,65.46
S05577,73.3,18.5,59.1,64.7,6.93,64.4,63.82
S05578,81.9,19.9,47.4,67.1,9.79,59.0,70.86
S05579,66.5,18.8,50.1,59.7,8.11,28.1,52.03
S05580,80.2,13.7,49.7,64.3,8.18,58.4,63.03
S05581,99.0,17.7,44.4,70.0,6.89,92.1,61.09
S05582,90.2,19.9,51.1,75.0,8.19,59.8,61.94
S05583,96.4,18.8,60.5,81.5,9.53,57.7,83.75
S05584,83.9,7.7,52.3,64.8,7.33,86.2,48.03
S05585,91.7,8.6,52.0,65.4,7.09,40.1,55.18
S05586,72.8,25.6,43.5,69.5,7.2,72.8,64.31
S05587,73.6,15.9,44.3,59.8,9.44,44.4,55.38
S05588,52.6,22.1,50.7,61.5,8.53,76.7,60.32
S05589,91.9,10.4,57.3,77.1,9.24,71.0,59.21
S05590,95.4,7.7,64.3,77.0,7.88,46.8,53.85
S05591,74.5,12.1,46.6,55.0,7.55,49.7,49.15
S05592,77.5,16.4,59.2,80.7,8.01,74.6,67.44
S05593,72.5,13.3,55.5,72.8,8.78,17.9,59.13
S05594,83.8,27.1,60.1,74.9,7.2,46.2,72.72
S05595,91.2,19.3,63.4,70.3,9.14,67.4,62.07
S05596,62.6,30.9,54.9,68.4,7.94,48.8,61.83
S05597,84.1,20.8,31.8,40.2,4.61,57.7,49.86
S05598,77.2,1.1,47.8,58.5,8.56,14.2,44.93
S05599,81.1,25.4,46.2,60.9,5.97,37.9,60.62
S05600,84.6,7.4,60.9,66.2,8.53,68.6,60.18
S05601,78.1,19.6,49.3,72.6,8.58,40.0,66.5
S05602,79.0,12.6,49.6,62.6,7.9,29.0,58.86
S05603,77.9,33.0,62.9,67.3,8.15,76.2,61.2
S05604,89.7,28.1,63.9,80.1,8.82,65.3,84.55
S05605,84.2,12.8,51.0,64.3,6.91,33.2,44.57
S05606,82.2,17.1,62.0,61.4,8.45,57.8,54.98
S05607,67.3,19.7,54.6,70.9,8.9,33.9,61.9
S05608,76.2,24.0,55.9,70.3,9.61,52.0,69.96
S05609,89.0,18.2,43.1,65.3,6.17,58.5,58.05
S05610,80.4,10.8,54.4,66.3,7.99,38.8,55.7
S05611,86.6,13.0,44.4,57.6,6.35,69.8,56.02
S05612,97.7,18.0,52.3,68.9,6.3,72.9,68.03
S05613,90.4,26.6,65.7,74.7,7.93,60.3,66.01
S05614,80.9,21.0,52.3,66.5,7.59,63.3,57.14
S05615,74.9,12.6,50.3,66.2,8.87,25.9,53.29
S05616,54.5,22.5,42.9,53.4,7.08,82.2,62.84
S05617,78.3,15.3,48.8,63.4,7.34,53.2,60.79
S05618,76.7,24.2,47.9,61.2,7.75,36.3,64.81
S05619,83.9,35.7,65.7,69.5,6.47,57.9,81.82
S05620,78.5,15.5,45.0,62.1,6.63,69.9,62.16
S05621,76.8,23.6,61.6,77.9,8.84,65.2,71.21
S05622,62.2,12.8,37.1,47.4,6.84,33.3,56.29
S05623,70.6,17.2,56.6,67.1,8.92,70.2,57.56
S05624,84.8,18.2,56.8,61.6,8.23,53.8,62.17
S05625,97.2,16.6,51.4,73.7,5.64,65.0,70.51
S05626,79.0,35.2,60.1,77.6,8.14,39.0,60.0
S05627,83.3,15.9,56.8,64.6,8.13,75.9,59.18
S05628,89.5,22.1,56.4,68.6,8.01,58.7,72.41
S05629,71.9,4.5,43.9,60.8,7.33,78.8,52.89
S05630,83.7,21.0,54.2,65.1,6.37,24.3,63.79
S05631,72.6,26.0,50.4,69.1,9.12,27.0,53.49
S05632,88.6,14.3,45.4,57.8,7.38,50.2,53.25
S05633,81.5,1.0,45.2,58.5,6.44,84.4,55.25
S05634,83.0,17.7,42.5,61.2,8.05,94.3,56.59
S05635,72.2,18.1,37.0,55.2,6.61,37.2,57.66
S05636,87.1,23.1,63.2,67.3,6.36,56.1,67.83
S05637,100.0,32.1,70.4,78.3,7.05,58.1,70.46
S05638,69.9,15.3,42.4,55.3,6.7,69.4,55.94
S05639,76.6,12.0,51.9,56.3,6.41,72.7,60.04
S05640,82.3,9.8,59.4,78.9,8.47,32.7,64.99
S05641,87.9,19.4,57.3,63.0,7.36,56.3,67.34
S05642,74.4,21.4,55.5,69.8,9.0,14.8,53.3
S05643,51.7,14.2,43.1,50.4,6.47,71.2,62.13
S05644,93.6,23.5,56.4,70.5,5.43,48.2,82.01
S05645,87.6,21.3,59.8,57.8,7.68,30.9,72.11
S05646,62.6,18.3,44.4,51.6,9.73,61.7,58.21
S05647,73.9,11.7,62.4,63.3,8.14,47.6,57.27
S05648,95.7,14.6,77.7,87.6,10.0,80.2,75.41
S05649,94.5,1.0,40.9,59.4,7.9,37.1,57.81
S05650,89.4,19.7,59.3,69.0,7.78,99.5,75.33
S05651,78.2,18.2,56.1,59.9,4.91,72.1,54.01
S05652,80.8,19.3,60.3,64.5,8.01,80.8,65.64
S05653,78.7,21.5,59.5,69.9,7.7,34.4,72.01
S05654,91.3,20.7,46.2,65.5,7.01,90.8,64.23
S05655,71.2,17.2,53.5,63.8,7.34,30.7,58.57
S05656,71.9,18.3,51.0,68.5,7.42,50.8,68.36
S05657,90.1,8.2,56.1,64.7,7.28,81.1,68.09
S05658,79.6,13.9,52.0,68.3,10.0,65.1,69.24
S05659,93.8,18.4,48.6,60.8,7.05,30.2,54.47
S05660,73.3,12.8,48.2,53.3,7.7,77.7,49.77
S05661,79.5,24.0,50.1,63.2,7.02,61.8,58.42
S05662,70.8,13.4,49.8,61.5,8.44,46.7,54.23
S05663,80.1,19.5,50.4,67.4,7.71,24.2,62.3
S05664,65.2,18.8,45.7,59.2,7.16,63.7,55.77
S05665,75.1,23.2,41.3,55.9,5.19,51.7,54.19
S05666,65.6,24.3,50.3,69.2,7.79,58.1,60.89
S05667,86.9,22.9,46.0,62.3,7.13,23.3,55.8
S05668,87.2,3.3,52.5,61.8,7.43,46.6,52.45
S05669,62.7,26.4,46.8,57.0,6.08,64.6,71.97
S05670,93.3,28.7,57.0,69.7,9.22,92.5,79.42
S05671,100.0,14.6,68.1,81.0,8.53,50.9,71.77
S05672,80.5,19.7,52.9,68.5,9.22,83.9,58.13
S05673,73.6,11.8,59.5,66.7,8.88,70.7,56.09
S05674,100.0,4.4,58.0,73.3,8.21,59.7,63.24
S05675,66.8,12.8,48.4,56.4,6.13,34.8,59.12
S05676,80.2,14.2,58.7,72.2,9.71,35.6,66.25
S05677,81.8,15.5,51.9,59.6,6.39,67.4,59.8
S05678,93.5,11.3,59.0,76.4,7.18,44.5,70.43
S05679,83.6,12.9,65.6,63.6,8.35,42.7,57.09
S05680,75.0,17.9,59.8,63.8,8.41,51.4,71.29
S05681,70.5,12.6,52.3,58.5,8.19,51.7,54.43
S05682,76.6,21.8,42.7,55.3,7.02,73.0,65.75
S05683,69.9,22.8,33.9,44.4,6.77,44.9,62.19
S05684,80.5,34.7,64.1,85.7,10.0,71.0,74.58
S05685,74.4,25.9,48.4,65.5,7.45,63.8,63.54
S05686,65.1,19.7,43.5,52.8,7.31,21.5,57.79
S05687,92.6,13.7,51.5,68.2,6.64,60.9,59.79
S05688,75.0,20.1,56.1,64.2,7.79,1.6,58.2
S05689,67.3,20.3,46.0,57.1,7.74,37.1,54.17
S05690,78.3,14.4,55.8,59.2,7.48,64.3,48.33
S05691,80.7,23.5,55.6,67.7,7.96,54.8,72.25
S05692,62.5,8.2,50.4,56.8,9.62,19.6,46.95
S05693,83.3,16.3,61.7,62.0,6.79,32.6,46.71
S05694,69.5,21.9,51.4,66.2,7.55,2.8,64.9
S05695,97.1,16.0,53.9,63.6,6.72,28.1,64.44
S05696,85.2,16.6,57.4,75.0,7.85,66.6,58.08
S05697,76.0,17.0,59.3,60.4,6.82,43.9,65.65
S05698,72.5,12.2,45.9,49.0,6.87,58.4,56.11
S05699,79.0,26.2,51.7,64.3,5.75,55.3,62.04
S05700,86.1,10.9,51.4,61.8,7.62,55.7,56.81
S05701,79.7,20.2,53.6,58.0,8.02,75.5,62.33
S05702,77.8,20.9,56.1,71.2,9.73,50.9,68.69
S05703,80.6,11.4,48.5,55.7,8.06,73.2,53.04
S05704,74.0,18.5,59.0,53.9,6.96,5.5,63.02
S05705,76.6,11.6,40.9,57.0,5.87,77.2,56.06
S05706,59.1,27.7,35.2,57.5,6.03,29.2,52.41
S05707,89.7,10.0,48.6,58.5,5.95,33.5,64.89
S05708,83.0,13.4,64.4,79.2,9.75,40.9,66.16
S05709,72.3,9.4,55.6,65.7,7.85,76.7,67.81
S05710,99.0,8.5,45.6,66.8,6.8,37.2,59.86
S05711,80.9,29.1,59.0,66.2,6.35,41.9,70.34
S05712,69.6,21.8,59.4,59.5,6.47,35.8,56.7
S05713,88.6,19.0,48.7,65.5,6.77,60.1,50.93
S05714,84.0,13.4,55.6,71.8,9.08,69.9,68.21
S05715,83.9,24.4,47.8,58.3,7.46,89.1,57.35
S05716,75.7,12.2,54.9,57.3,5.76,100.0,53.0
S05717,84.5,23.6,53.7,71.1,10.0,68.0,71.2
S05718,77.4,11.9,42.9,53.9,6.13,62.3,48.58
S05719,85.6,13.5,54.9,60.8,6.79,30.7,57.79
S05720,61.0,23.3,48.6,54.4,9.07,93.2,62.63
S05721,75.7,24.0,48.2,61.8,8.0,59.3,53.95
S05722,97.2,22.2,56.6,69.2,6.94,49.2,68.97
S05723,72.3,10.7,57.4,56.7,6.02,62.8,50.47
S05724,74.0,14.9,44.3,59.1,6.34,42.3,47.31
S05725,75.5,19.1,46.6,51.5,6.41,8.2,41.24
S05726,67.9,12.1,39.9,55.4,7.51,66.4,43.26
S05727,57.9,27.6,51.5,50.6,7.73,81.8,60.09
S05728,77.7,1.2,50.9,58.3,7.32,66.1,52.45
S05729,81.4,12.5,47.0,49.6,7.45,54.9,58.22
S05730,79.5,14.4,50.3,55.2,6.24,55.3,65.82
S05731,78.6,1.0,43.8,56.9,7.85,58.4,59.14
S05732,80.4,8.2,42.4,53.9,9.04,57.8,61.43
S05733,90.2,22.4,58.7,63.0,7.3,53.8,73.1
S05734,78.1,18.2,63.4,72.3,7.28,55.5,65.63
S05735,74.3,29.0,46.9,54.7,7.6,86.1,64.76
S05736,77.2,28.8,59.7,70.5,8.84,64.4,80.01
S05737,85.8,21.0,59.4,74.4,6.43,57.1,67.07
S05738,94.1,20.2,61.6,76.6,9.24,68.2,74.14
S05739,73.7,18.5,43.3,59.7,8.01,68.2,65.96
S05740,81.0,1.0,47.5,55.0,7.53,73.9,50.48
S05741,83.4,8.2,63.4,66.6,8.96,39.9,60.95
S05742,70.1,18.7,42.0,53.3,6.08,45.4,44.63
S05743,80.2,22.3,56.8,58.0,8.13,38.7,60.26
S05744,65.3,20.0,43.6,62.6,8.02,70.3,56.76
S05745,62.3,11.8,40.9,51.5,6.38,69.4,47.55
S05746,83.7,24.6,59.2,61.6,8.05,29.5,70.24
S05747,76.2,28.4,56.0,72.3,7.84,62.8,62.35
S05748,82.0,24.6,51.5,68.6,7.29,82.4,75.34
S05749,79.8,24.9,60.0,72.7,8.54,50.3,56.54
S05750,70.2,14.1,49.9,69.0,6.81,61.3,60.96
S05751,79.5,25.5,59.7,69.5,7.82,69.6,73.22
S05752,67.7,19.0,46.5,65.5,7.34,28.6,60.97
S05753,93.9,21.6,51.4,67.2,6.76,58.0,71.72
S05754,66.4,20.6,62.4,67.9,8.1,80.4,63.4
S05755,78.0,17.1,51.3,59.5,7.25,43.1,65.94
S05756,69.6,12.0,40.3,41.7,5.73,71.6,43.66
S05757,85.7,17.4,38.3,46.4,5.34,55.5,48.97
S05758,76.7,24.9,50.5,65.2,8.45,41.5,76.71
S05759,74.8,14.9,41.3,53.2,6.04,53.1,53.26
S05760,88.5,24.3,60.2,65.8,7.84,44.5,73.39
S05761,80.3,23.2,51.9,63.7,7.57,37.2,65.65
S05762,85.2,15.9,51.8,66.2,7.06,49.9,65.11
S05763,70.2,27.7,50.6,73.6,9.85,56.4,56.77
S05764,66.0,15.5,56.2,57.7,7.72,51.7,59.27
S05765,81.1,28.6,54.0,71.0,8.41,49.7,69.11
S05766,76.8,21.0,54.5,73.9,7.84,59.5,70.98
S05767,86.3,17.9,49.9,68.0,7.22,65.6,58.13
S05768,79.2,11.8,47.9,56.7,7.48,32.1,61.98
S05769,82.1,17.4,53.0,68.7,9.25,50.0,57.61
S05770,63.8,16.6,52.5,62.3,8.81,15.5,54.36
S05771,98.9,9.2,56.2,77.0,9.84,51.8,58.39
S05772,78.4,16.5,53.8,64.4,7.77,58.0,54.71
S05773,87.0,12.4,48.6,63.6,6.45,66.4,58.36
S05774,71.6,22.1,53.1,66.7,6.97,58.1,69.67
S05775,83.1,27.1,56.0,60.2,6.07,66.0,64.54
S05776,67.0,9.4,46.4,51.0,8.42,56.3,44.79
S05777,84.5,30.0,57.3,71.6,6.8,41.5,55.6
S05778,76.4,17.1,37.1,48.5,3.83,32.7,51.42
S05779,80.3,11.2,65.5,77.1,10.0,49.7,63.07
S05780,87.0,23.3,51.6,71.0,6.82,39.7,61.34
S05781,67.7,14.9,44.1,45.6,6.81,52.6,57.4
S05782,73.2,17.4,53.1,61.9,9.51,45.2,61.07
S05783,84.6,15.2,43.8,57.8,6.05,63.4,54.43
S05784,100.0,12.3,72.6,74.4,8.86,56.0,71.92
S05785,78.6,23.1,54.1,61.6,6.8,63.9,71.38
S05786,85.9,16.0,48.9,54.3,5.91,63.8,58.52
S05787,78.9,7.9,51.9,63.1,9.55,51.4,46.26
S05788,99.4,21.9,69.1,74.7,8.61,52.6,69.0
S05789,62.5,9.6,44.3,57.5,8.6,65.0,51.56
S05790,80.9,9.9,51.9,67.7,7.94,100.0,66.61
S05791,63.7,26.3,65.2,69.5,8.22,35.2,58.04
S05792,54.9,9.6,31.8,56.4,6.02,55.8,45.61
S05793,83.0,1.8,51.6,65.9,7.63,31.1,53.4
S05794,81.4,22.4,52.3,67.6,6.39,54.6,68.59
S05795,77.2,15.9,48.8,57.4,5.83,41.5,48.57
S05796,78.9,16.5,51.1,62.2,7.99,52.6,61.39
S05797,100.0,15.8,58.0,80.9,8.89,58.1,80.24
S05798,77.4,19.6,51.8,61.1,7.04,45.2,65.01
S05799,85.1,12.7,48.5,62.4,7.25,19.3,60.29
S05800,73.5,28.3,35.3,53.9,6.13,83.5,56.64
S05801,83.0,7.7,44.8,62.2,7.51,71.8,57.18
S05802,77.6,21.1,53.2,70.5,8.41,52.4,64.21
S05803,75.9,22.5,48.6,69.4,8.45,37.1,68.47
S05804,98.2,12.7,58.8,70.6,8.15,56.7,69.37
S05805,91.8,10.8,46.6,63.0,6.76,62.2,54.58
S05806,81.4,25.1,52.1,65.9,6.72,70.4,75.12
S05807,57.0,11.1,58.9,67.3,8.45,72.2,65.08
S05808,76.4,13.8,60.0,58.0,8.47,76.0,56.3
S05809,100.0,24.2,63.0,75.2,7.29,20.2,68.28
S05810,77.7,18.2,60.8,62.4,6.99,48.9,60.27
S05811,91.0,5.4,55.3,65.8,8.9,74.9,66.81
S05812,94.4,30.2,58.6,68.4,7.07,36.5,65.28
S05813,82.2,14.3,48.0,66.5,8.4,79.4,58.23
S05814,71.6,15.2,55.9,49.6,7.34,91.2,63.0
S05815,55.6,19.8,53.3,54.2,6.24,78.8,58.09
S05816,86.8,22.4,66.8,67.5,9.43,68.2,60.04
S05817,71.9,31.7,62.9,65.6,7.64,46.0,71.88
S05818,81.8,6.4,30.0,50.2,6.65,60.6,39.39
S05819,67.5,23.8,59.2,58.8,5.83,28.1,54.02
S05820,77.3,23.2,47.7,62.7,5.95,39.4,56.57
S05821,80.3,17.0,64.7,74.1,7.05,40.8,61.21
S05822,82.7,23.5,71.9,88.2,9.81,56.2,72.65
S05823,68.9,24.5,53.3,61.0,6.8,47.2,53.87
S05824,92.0,8.3,55.8,76.1,9.24,60.2,68.41
S05825,74.0,30.2,54.6,72.8,7.34,72.6,58.69
S05826,63.3,7.1,28.0,41.5,6.08,40.8,37.67
S05827,78.9,10.1,53.2,67.2,6.93,58.0,62.37
S05828,80.3,16.2,31.7,41.4,5.96,46.7,51.54
S05829,81.6,31.5,51.9,66.7,6.47,58.8,58.37
S05830,93.6,15.8,61.6,77.1,6.44,68.7,55.03
S05831,77.6,17.8,48.8,57.7,5.22,73.4,49.68
S05832,78.8,28.0,51.1,68.0,9.32,68.4,56.37
S05833,69.0,15.9,40.9,55.1,7.75,63.3,55.39
S05834,88.2,9.8,45.9,67.7,6.68,26.6,53.29
S05835,81.8,15.1,53.0,56.7,7.77,33.4,56.03
S05836,75.8,27.6,56.1,62.3,6.5,38.5,65.84
S05837,61.0,18.5,40.5,51.4,4.29,62.2,53.6
S05838,94.4,31.5,61.8,81.6,10.0,29.2,79.47
S05839,67.7,23.2,54.4,68.6,7.73,61.8,61.79
S05840,74.1,13.5,51.2,62.7,6.79,60.3,52.57
S05841,83.6,18.4,49.3,56.9,5.18,16.3,52.58
S05842,68.0,12.0,56.1,59.9,5.71,33.2,53.62
S05843,65.1,13.3,56.5,57.4,9.49,75.9,65.29
S05844,58.8,45.0,65.3,62.3,9.3,68.9,66.34
S05845,87.2,25.1,70.4,73.7,8.4,38.0,65.17
S05846,74.5,24.0,53.4,61.8,6.16,34.3,59.55
S05847,100.0,13.6,58.9,71.1,9.31,6.0,53.67
S05848,70.1,29.0,61.6,69.1,8.04,84.4,71.02
S05849,70.8,25.7,51.7,64.5,8.29,55.8,70.37
S05850,74.3,31.2,50.2,56.1,8.04,92.7,80.82
S05851,82.4,30.8,46.0,58.7,5.69,51.2,62.71
S05852,75.3,7.6,50.5,61.3,6.06,60.7,58.12
S05853,86.1,10.2,53.4,65.7,6.89,72.8,59.69
S05854,70.2,11.0,55.7,58.8,8.27,87.8,68.33
S05855,66.2,11.4,44.7,55.0,5.84,65.0,47.72
S05856,62.0,20.3,47.9,65.6,7.29,55.0,59.78
S05857,57.8,14.0,45.5,51.1,7.29,55.6,54.43
S05858,74.8,32.5,61.5,74.9,8.45,34.1,73.39
S05859,77.0,31.3,54.2,71.3,8.31,47.4,64.61
S05860,73.7,18.0,38.8,51.8,6.29,56.0,44.83
S05861,92.4,31.7,62.4,72.5,9.24,82.6,83.67
S05862,92.3,28.4,58.1,77.7,6.1,46.4,71.23
S05863,76.7,14.8,50.2,69.4,8.81,76.3,63.32
S05864,62.1,3.9,53.1,53.0,6.84,53.4,53.68
S05865,74.3,16.5,53.2,68.7,7.7,79.9,67.17
S05866,74.0,13.5,50.4,63.7,7.77,68.5,60.85
S05867,73.4,19.4,47.7,66.9,7.74,67.2,65.02
S05868,73.0,18.6,58.1,57.0,8.31,74.6,58.94
S05869,73.5,18.4,44.4,57.8,7.97,71.7,62.07
S05870,76.1,21.7,56.8,75.1,8.44,76.3,58.3
S05871,73.6,9.5,46.6,72.2,8.06,97.6,59.81
S05872,82.1,20.9,49.8,59.2,5.98,87.3,65.32
S05873,83.6,14.9,56.1,64.5,7.82,64.3,58.11
S05874,70.9,19.4,40.9,59.0,6.82,46.2,56.18
S05875,92.7,24.7,44.0,65.0,6.17,62.3,65.48
S05876,70.2,9.4,39.9,56.1,7.15,16.5,43.62
S05877,63.8,16.0,52.6,48.4,7.72,71.6,62.01
S05878,83.8,17.2,56.1,65.8,7.8,33.8,64.09
S05879,71.8,14.4,49.9,66.3,8.77,77.4,50.97
S05880,83.2,24.3,71.5,65.3,9.07,94.6,73.7
S05881,56.0,13.0,52.2,48.3,7.9,26.0,58.93
S05882,93.9,14.1,63.2,64.0,8.12,54.0,65.34
S05883,86.7,13.0,48.6,66.8,7.61,33.7,55.42
S05884,65.0,25.6,58.9,61.0,8.42,20.4,58.76
S05885,65.2,14.6,50.4,53.1,8.08,52.9,54.02
S05886,96.7,21.2,53.6,70.3,7.43,67.7,60.82
S05887,72.6,31.8,61.1,67.1,10.0,70.1,81.22
S05888,71.7,17.5,41.2,57.8,6.84,58.1,60.63
S05889,57.3,25.8,48.7,73.0,9.25,21.7,68.67
S05890,76.5,29.7,42.9,56.6,5.87,57.5,51.08
S05891,77.7,25.2,62.3,61.1,8.48,25.1,66.16
S05892,87.2,17.9,59.0,69.9,9.22,26.5,72.77
S05893,66.0,22.5,36.8,52.4,5.21,35.1,44.92
S05894,64.8,9.0,48.3,58.1,7.67,76.0,53.1
S05895,84.5,12.5,54.3,70.8,8.36,65.9,56.74
S05896,90.1,13.8,61.0,67.1,7.8,61.5,69.54
S05897,64.3,33.7,54.4,63.1,7.95,37.7,63.85
S05898,90.8,12.3,45.4,51.2,7.66,47.2,56.27
S05899,80.4,12.2,43.5,59.7,6.19,27.6,46.02
S05900,90.9,10.7,53.7,64.6,10.0,82.3,74.98
S05901,79.3,21.9,54.7,65.3,6.9,98.9,65.2
S05902,54.8,19.0,52.9,53.5,8.02,66.1,60.77
S05903,78.5,25.6,42.4,59.2,6.72,69.6,63.28
S05904,90.6,22.7,47.8,65.7,4.77,51.8,55.19
S05905,71.1,8.3,50.0,53.8,6.39,22.6,39.54
S05906,76.1,12.3,34.6,47.3,5.76,38.1,46.49
S05907,78.2,27.6,55.9,69.6,8.81,45.7,75.12
S05908,51.0,16.6,40.8,45.6,6.77,47.3,35.55
S05909,96.7,26.3,64.3,69.6,6.88,42.7,81.96
S05910,71.0,17.0,48.5,66.2,6.22,56.0,61.82
S05911,85.1,11.2,56.3,56.5,7.61,38.0,59.03
S05912,79.1,15.9,52.2,64.7,6.64,98.4,60.45
S05913,92.6,11.2,55.1,69.0,8.69,27.7,67.9
S05914,84.1,14.0,63.0,65.1,7.86,72.7,56.8
S05915,77.7,19.4,45.7,61.3,6.81,49.8,60.92
S05916,71.1,21.6,36.9,58.1,8.52,64.3,60.65
S05917,88.0,6.9,40.3,65.6,7.51,65.2,67.12
S05918,61.3,17.9,45.8,50.1,7.53,58.1,51.38
S05919,86.5,13.9,45.5,56.1,5.74,32.3,54.3
S05920,69.0,13.5,43.9,61.1,7.41,48.4,53.94
S05921,92.5,18.9,58.2,70.0,7.89,58.4,64.2
S05922,81.6,14.1,63.4,73.9,9.1,57.1,75.45
S05923,86.4,27.7,57.1,74.2,6.6,34.5,61.61
S05924,80.8,26.3,66.3,79.4,10.0,80.8,66.95
S05925,62.5,26.3,44.9,55.8,8.17,5.1,58.3
S05926,71.4,14.5,39.9,50.2,5.68,50.0,45.41
S05927,86.7,11.3,53.2,68.9,6.49,36.6,59.84
S05928,81.7,18.6,58.5,71.2,9.21,58.6,71.08
S05929,91.8,16.9,62.7,73.3,8.99,75.3,71.22
S05930,84.0,13.7,55.7,67.5,7.52,26.9,60.33
S05931,70.3,9.8,48.2,51.5,7.68,100.0,42.49
S05932,72.0,17.7,54.9,58.5,6.1,59.0,60.43
S05933,81.0,15.2,53.1,66.7,9.09,62.6,64.85
S05934,56.9,22.8,38.2,49.6,6.31,26.2,61.09
S05935,96.7,22.7,51.0,69.5,8.51,54.1,75.82
S05936,84.4,25.7,65.2,73.8,9.12,74.4,64.62
S05937,92.3,9.2,49.8,64.2,7.56,59.2,65.99
S05938,64.2,20.8,59.3,72.2,8.66,57.8,56.48
S05939,92.4,12.9,62.4,64.0,9.72,54.0,71.78
S05940,100.0,9.5,54.4,73.0,7.82,27.4,71.5
S05941,66.8,15.0,40.2,53.6,7.29,27.3,62.3
S05942,87.7,25.5,61.6,71.1,7.42,78.4,68.08
S05943,80.0,15.4,48.3,57.9,6.61,72.6,61.87
S05944,64.6,29.0,49.7,61.4,6.58,75.6,67.71
S05945,84.9,21.8,60.0,75.1,8.03,38.5,70.52
S05946,88.3,15.2,54.7,56.9,7.3,51.8,50.29
S05947,74.0,26.1,48.9,73.8,7.89,79.6,67.7
S05948,91.7,21.1,54.3,66.1,5.71,30.4,65.3
S05949,63.3,11.5,49.7,56.7,7.39,77.6,54.0
S05950,65.1,31.0,57.5,59.9,8.74,43.3,60.4
S05951,81.4,19.8,52.8,59.4,6.16,37.9,57.46
S05952,80.3,18.1,56.6,72.6,7.52,54.4,69.36
S05953,72.8,12.0,39.0,51.0,5.27,32.7,49.82
S05954,88.1,26.3,49.8,66.1,5.93,17.1,65.02
S05955,85.3,21.6,71.1,73.5,8.47,56.5,69.62
S05956,88.6,22.4,62.9,80.8,7.13,65.7,72.95
S05957,78.8,14.4,56.9,68.2,9.69,79.3,53.05
S05958,86.0,23.8,61.4,77.3,8.02,67.1,70.67
S05959,75.5,24.4,49.0,63.2,8.14,94.3,63.03
S05960,100.0,13.3,49.2,66.8,6.21,82.2,62.7
S05961,71.9,8.1,37.7,54.3,7.04,69.8,43.37
S05962,100.0,22.1,58.4,76.1,6.62,64.4,72.1
S05963,80.3,7.0,46.7,60.5,6.22,79.6,65.46
S05964,66.2,19.1,57.2,61.2,8.3,10.7,58.87
S05965,93.7,14.9,57.1,77.1,8.54,45.4,67.54
S05966,81.3,26.5,63.0,66.5,7.98,17.8,81.84
S05967,88.5,15.3,54.7,58.9,6.51,68.3,54.7
S05968,92.2,25.8,74.1,77.4,7.9,40.1,77.02
S05969,83.4,14.4,55.1,62.6,5.2,100.0,68.91
S05970,74.1,25.0,66.2,67.3,9.09,44.6,66.16
S05971,89.8,32.4,59.9,69.6,5.94,57.1,75.13
S05972,80.0,10.5,40.4,47.9,6.16,47.0,50.91
S05973,86.9,20.0,57.0,67.2,7.64,45.2,58.39
S05974,58.5,37.2,65.8,72.5,7.74,30.1,68.05
S05975,84.5,18.5,56.4,62.6,7.41,29.4,61.29
S05976,73.6,18.4,41.4,49.0,6.17,11.4,46.99
S05977,96.5,23.5,64.9,79.7,8.86,65.9,65.63
S05978,86.2,18.3,42.1,53.8,5.48,46.5,52.61
S05979,82.4,6.0,38.6,65.1,5.72,93.7,44.2
S05980,84.9,25.9,58.1,70.2,7.37,30.1,69.97
S05981,70.0,4.0,44.6,56.8,5.98,84.5,52.56
S05982,96.2,15.1,55.7,65.9,8.97,86.4,60.38
S05983,99.9,26.5,53.1,71.6,6.09,80.5,70.32
S05984,83.9,15.5,49.5,62.2,9.37,59.7,54.99
S05985,95.9,13.1,58.3,71.6,8.74,48.2,64.36
S05986,74.3,24.2,45.1,59.9,8.98,80.5,60.08
S05987,72.0,12.0,52.9,70.2,9.76,39.2,63.85
S05988,80.4,9.4,50.3,63.2,7.6,60.4,47.68
S05989,84.3,19.9,39.8,58.8,6.28,54.1,63.48
S05990,76.1,16.7,44.1,65.7,7.38,37.2,64.9
S05991,85.4,9.3,48.6,60.8,6.82,60.6,55.49
S05992,83.1,22.5,50.7,68.6,6.65,69.8,55.85
S05993,70.0,21.3,49.8,70.0,7.68,36.4,48.18
S05994,85.2,15.5,53.5,65.3,7.13,64.2,68.15
S05995,88.6,16.0,41.3,61.2,6.6,10.4,67.64
S05996,81.7,21.3,57.0,71.2,7.21,34.0,64.22
S05997,91.5,26.3,58.2,80.1,8.16,45.9,65.23
S05998,67.8,16.0,47.7,60.9,8.65,62.1,51.92
S05999,84.7,22.6,38.0,53.6,5.58,72.4,64.36
S06000,68.3,22.0,47.1,62.8,7.14,56.7,59.96
S06001,68.9,24.2,53.2,64.8,7.33,66.3,56.62
S06002,73.7,18.3,46.9,61.4,6.08,51.8,70.02
S06003,70.6,11.6,47.9,61.1,7.36,63.1,61.54
S06004,74.5,14.8,47.9,61.2,7.68,62.0,61.21
S06005,77.9,20.4,53.7,66.9,8.12,44.8,59.85
S06006,88.4,30.7,52.2,72.9,7.59,47.9,77.57
S06007,76.8,14.6,46.9,50.7,6.44,67.0,59.67
S06008,64.1,23.6,53.4,72.3,9.91,91.2,67.27
S06009,91.4,15.7,51.0,70.6,8.49,79.1,72.81
S06010,71.6,18.8,56.3,60.3,8.16,32.4,66.14
S06011,79.4,28.6,49.4,68.3,8.71,32.5,68.46
S06012,84.5,23.4,59.1,76.4,7.79,44.3,61.39
S06013,82.0,9.3,58.1,69.5,9.04,57.0,56.35
S06014,90.9,14.0,51.2,62.3,7.57,56.0,51.75
S06015,84.8,26.8,62.5,65.0,7.5,79.8,77.55
S06016,71.4,19.0,48.8,74.0,8.26,80.9,54.96
S06017,100.0,10.0,57.6,65.3,9.39,55.1,66.06
S06018,81.9,12.3,49.1,67.3,9.31,50.4,52.07
S06019,78.5,22.9,55.3,64.3,8.21,65.3,75.48
S06020,89.6,25.0,53.3,75.2,8.12,76.3,63.73
S06021,82.5,18.1,50.6,59.6,8.34,66.0,64.35
S06022,84.0,35.3,61.8,83.2,8.68,46.4,67.44
S06023,100.0,23.8,64.4,78.5,9.06,42.8,80.11
S06024,77.2,16.3,57.4,63.1,7.22,32.8,65.77
S06025,76.8,12.3,59.7,66.3,9.08,58.9,62.69
S06026,81.2,11.2,54.9,61.6,7.91,67.5,59.35
S06027,90.7,20.3,57.5,69.5,8.28,69.7,73.35
S06028,64.9,14.6,49.1,64.3,9.16,78.0,56.11
S06029,60.3,29.7,52.4,53.8,8.4,84.6,69.88
S06030,74.1,28.3,53.5,63.4,8.6,27.5,66.81
S06031,63.7,22.4,43.0,62.8,7.03,63.1,48.12
S06032,75.8,9.7,53.2,64.3,9.3,63.8,71.2
S06033,85.0,13.3,49.4,62.0,8.33,53.5,61.48
S06034,71.1,26.8,47.7,55.3,7.65,38.4,58.1
S06035,65.7,14.1,56.3,57.1,8.82,83.9,60.5
S06036,80.7,25.9,54.0,76.5,10.0,43.2,66.57
S06037,88.6,21.3,45.3,57.5,6.1,11.1,56.55
S06038,63.1,18.4,51.9,60.8,6.54,55.4,60.62
S06039,88.2,13.1,58.2,67.7,10.0,50.2,70.27
S06040,88.2,17.3,64.1,71.4,8.01,92.2,72.78
S06041,89.5,19.3,49.1,65.9,7.73,64.8,60.72
S06042,92.2,25.2,58.0,67.4,7.36,48.9,63.06
S06043,100.0,11.8,65.2,77.0,8.95,51.1,71.97
S06044,76.4,16.2,52.5,57.0,10.0,50.8,66.53
S06045,81.1,18.3,60.2,65.4,6.7,99.3,60.1
S06046,75.8,22.6,49.6,64.6,7.38,68.5,61.21
S06047,80.0,11.6,51.9,57.3,7.08,26.9,57.35
S06048,95.3,8.8,52.4,69.3,8.38,50.1,61.82
S06049,66.5,22.7,62.9,68.9,8.97,54.5,72.88
S06050,71.4,7.4,53.9,64.5,9.45,32.8,49.18
S06051,93.8,27.0,74.4,74.0,8.42,19.3,65.31
S06052,90.2,16.9,69.4,79.1,10.0,66.9,80.17
S06053,76.4,7.2,50.6,49.7,6.81,38.9,54.39
S06054,88.5,14.6,44.9,57.6,6.5,80.0,59.0
S06055,83.4,20.7,59.7,72.0,9.26,55.2,66.86
S06056,95.0,14.3,54.0,69.6,7.65,45.5,66.63
S06057,80.7,18.1,47.6,52.9,5.85,6.7,54.55
S06058,90.3,23.2,56.5,67.7,7.12,79.4,69.64
S06059,100.0,16.6,53.2,74.5,7.81,60.9,67.26
S06060,86.0,11.4,48.6,56.3,6.72,46.0,58.86
S06061,80.5,15.9,47.4,48.4,6.28,37.2,59.12
S06062,87.2,27.9,50.5,69.7,7.25,87.0,74.55
S06063,76.3,29.8,55.6,59.5,6.22,33.7,65.31
S06064,100.0,3.9,57.3,67.1,8.26,47.6,61.36
S06065,81.8,25.6,52.9,62.4,5.17,66.4,64.55
S06066,77.3,19.8,55.1,65.2,7.61,84.0,71.07
S06067,71.6,24.5,43.2,65.6,8.12,50.7,60.75
S06068,91.0,14.1,48.9,63.6,7.39,40.3,58.43
S06069,88.7,5.6,64.7,71.7,8.81,52.9,66.34
S06070,75.0,22.1,51.7,51.3,5.86,73.1,62.29
S06071,85.8,11.4,39.5,60.5,6.66,77.6,55.5
S06072,64.9,8.3,46.2,50.5,7.1,27.5,50.74
S06073,81.8,8.8,47.4,78.3,8.36,57.3,55.76
S06074,84.5,22.2,43.0,61.9,7.76,26.3,60.65
S06075,97.1,19.0,75.0,85.4,10.0,72.7,87.88
S06076,72.3,23.5,49.0,62.8,6.53,63.4,63.87
S06077,67.2,22.7,46.0,54.8,5.83,36.6,50.37
S06078,71.0,15.1,47.4,65.1,9.65,85.7,59.07
S06079,66.6,17.5,35.9,61.1,5.78,61.7,44.79
S06080,93.4,14.4,47.9,63.2,8.32,59.5,72.51
S06081,95.5,16.5,61.3,58.3,6.33,51.4,56.44
S06082,83.2,11.2,33.6,44.4,5.02,54.8,32.34
S06083,92.2,20.7,65.0,77.3,7.05,47.4,60.62
S06084,81.3,25.5,52.2,65.7,8.58,40.2,66.38
S06085,79.0,12.3,38.3,65.5,6.03,79.6,50.75
S06086,76.7,27.0,55.6,71.3,8.19,45.1,68.02
S06087,76.9,18.8,50.1,60.8,8.42,44.5,62.81
S06088,64.5,19.7,44.0,49.4,5.97,52.4,48.17
S06089,82.6,6.1,43.1,55.6,7.23,83.5,48.48
S06090,79.6,5.3,51.8,54.3,9.39,77.6,62.95
S06091,87.5,19.0,52.4,69.4,8.28,47.1,66.87
S06092,80.9,23.5,58.3,70.7,7.19,79.5,51.14
S06093,78.4,13.3,54.7,59.5,8.0,57.2,50.07
S06094,71.3,29.7,52.1,54.4,6.68,38.1,49.94
S06095,80.7,23.1,64.2,68.2,8.84,45.5,67.49
S06096,87.4,11.6,57.9,74.6,8.84,82.5,67.76
S06097,68.6,18.2,50.2,64.0,7.65,96.7,59.93
S06098,80.9,35.3,57.9,71.9,7.78,61.4,68.8
S06099,82.3,9.3,42.2,64.5,6.3,43.7,59.7
S06100,72.8,21.7,41.9,46.8,5.88,52.5,55.31
S06101,74.1,15.7,49.2,58.5,7.05,39.8,50.43
S06102,82.3,22.9,60.1,71.4,7.4,42.7,61.11
S06103,68.7,26.9,58.7,71.6,8.78,40.7,62.35
S06104,83.5,15.3,59.0,73.3,8.61,53.4,63.46
S06105,71.0,25.8,45.9,64.5,7.72,57.4,62.42
S06106,90.6,33.5,67.5,86.1,8.93,52.0,82.24
S06107,100.0,18.5,52.5,71.6,6.37,50.6,60.16
S06108,71.4,23.5,56.2,60.9,8.79,70.2,56.7
S06109,85.3,13.9,52.9,60.7,6.55,50.4,60.65
S06110,72.7,18.1,47.5,54.3,8.99,51.7,64.01
S06111,90.4,16.8,55.7,73.1,7.48,51.5,75.36
S06112,67.3,23.6,44.3,59.3,5.1,85.9,59.04
S06113,84.8,26.4,64.8,67.9,8.38,45.2,65.69
S06114,71.3,17.2,49.1,59.9,8.47,66.9,63.42
S06115,77.9,28.7,52.8,56.0,6.95,40.0,61.65
S06116,69.7,28.7,52.0,61.6,7.05,62.0,55.03
S06117,88.2,23.9,52.7,63.4,7.31,65.9,65.47
S06118,71.6,14.4,38.3,44.6,5.19,76.7,50.61
S06119,85.5,13.7,40.5,54.1,4.66,47.3,60.07
S06120,76.6,12.3,53.2,74.5,9.06,32.7,61.99
S06121,78.9,24.6,61.3,70.7,6.51,39.3,59.97
S06122,81.5,9.5,56.0,67.2,9.73,74.3,52.15
S06123,72.4,22.7,59.1,68.5,9.14,96.6,61.28
S06124,82.1,10.4,56.2,77.6,9.38,71.7,59.65
S06125,95.3,23.8,54.3,75.3,6.72,29.8,77.11
S06126,72.2,18.1,43.9,52.8,5.57,71.0,52.6
S06127,91.7,27.3,59.2,72.2,6.2,36.1,67.33
S06128,95.0,26.0,57.2,66.1,6.96,48.0,74.65
S06129,71.8,28.0,43.3,54.5,4.65,58.7,59.92
S06130,65.4,28.2,47.8,62.7,6.93,62.1,59.66
S06131,83.0,19.0,46.6,67.4,7.26,56.3,68.44
S06132,74.5,9.9,49.5,53.1,5.95,43.0,46.78
S06133,98.7,10.6,49.0,69.1,6.25,76.2,62.96
S06134,80.3,3.4,55.7,62.3,7.24,44.4,46.73
S06135,72.0,10.4,50.1,58.4,7.93,80.1,58.17
S06136,68.5,18.5,54.0,68.7,6.43,27.8,63.61
S06137,90.9,14.1,54.0,65.9,7.85,59.3,68.39
S06138,74.3,16.7,46.1,54.2,7.66,30.5,60.79
S06139,80.4,21.4,59.7,64.5,7.56,38.3,81.05
S06140,89.6,15.9,48.6,66.9,6.72,44.7,58.77
S06141,75.2,10.1,51.1,52.1,5.9,85.4,47.89
S06142,79.5,17.6,61.4,75.6,9.54,81.2,72.24
S06143,79.8,11.7,61.1,63.3,8.26,72.5,56.78
S06144,86.8,16.1,51.3,67.2,8.71,55.7,57.27
S06145,85.9,27.4,62.2,82.6,7.4,58.8,70.85
S06146,77.8,16.1,45.8,55.4,7.3,80.3,69.82
S06147,80.6,30.4,43.5,54.4,8.09,69.0,68.95
S06148,76.3,28.0,52.9,67.7,5.3,55.4,64.82
S06149,65.2,13.9,42.4,44.9,6.16,84.7,40.14
S06150,82.6,10.2,53.4,57.4,6.54,71.3,52.85
S06151,98.9,17.6,56.6,73.8,6.95,59.8,75.71
S06152,71.2,26.1,48.9,63.0,6.44,45.8,58.55
S06153,72.3,14.6,58.9,52.4,7.9,44.0,70.41
S06154,71.3,24.4,52.5,61.3,7.6,48.3,64.33
S06155,87.2,26.5,59.1,78.3,9.17,64.1,72.74
S06156,84.5,12.6,58.7,81.8,10.0,71.7,67.29
S06157,78.4,13.3,46.6,50.9,5.98,26.1,50.96
S06158,70.8,23.0,34.4,60.8,7.68,16.1,47.02
S06159,80.9,19.1,56.2,63.0,7.67,36.0,67.65
S06160,64.4,13.2,54.0,64.0,7.48,46.8,58.56
S06161,81.4,15.5,47.6,54.1,6.2,78.9,55.23
S06162,88.7,17.5,48.7,61.6,6.4,49.4,59.0
S06163,67.5,7.0,48.1,58.6,7.79,60.1,57.52
S06164,64.7,23.4,56.2,64.6,6.37,63.4,72.37
S06165,95.8,14.6,59.2,73.9,7.69,34.5,74.74
S06166,73.9,1.0,45.4,52.8,7.2,84.2,50.99
S06167,91.4,17.8,53.6,65.6,7.67,41.7,58.71
S06168,78.5,12.8,40.2,64.1,6.36,86.2,46.88
S06169,78.4,29.8,56.0,69.3,7.69,52.5,68.88
S06170,84.4,13.9,49.2,58.6,6.44,48.2,52.0
S06171,71.2,10.3,36.0,56.1,7.69,32.8,51.36
S06172,81.3,21.6,54.1,72.1,9.11,58.9,69.44
S06173,76.2,13.4,57.4,57.7,7.81,100.0,65.22
S06174,66.8,12.5,46.1,59.5,7.89,63.3,48.0
S06175,83.4,21.6,42.4,56.2,8.48,60.4,56.41
S06176,77.4,10.7,53.6,55.4,5.82,41.7,50.97
S06177,78.4,7.8,49.3,59.2,9.56,66.8,60.09
S06178,67.9,30.1,45.6,57.1,6.23,58.2,60.96
S06179,95.9,22.1,67.7,75.7,8.56,53.7,88.64
S06180,88.8,16.2,52.4,67.0,8.4,64.9,51.09
S06181,89.6,18.0,39.9,50.2,6.42,18.7,61.17
S06182,76.9,21.5,57.2,67.8,8.71,53.0,72.04
S06183,62.7,24.8,55.6,57.3,8.1,31.1,54.35
S06184,99.5,12.7,60.3,87.8,9.77,55.6,69.76
S06185,79.4,20.6,52.7,62.9,7.73,40.5,72.33
S06186,72.5,14.5,41.3,54.9,7.37,41.9,49.58
S06187,84.2,16.7,45.1,64.2,6.88,28.3,54.22
S06188,91.7,19.1,47.7,68.3,5.41,77.3,62.74
S06189,79.8,18.0,54.8,58.2,7.12,41.4,62.34
S06190,92.8,23.1,57.1,73.0,7.17,42.5,73.74
S06191,90.8,21.4,63.5,77.9,7.81,85.6,78.19
S06192,69.2,7.4,50.4,55.1,5.79,66.4,54.95
S06193,73.3,8.5,51.6,59.7,7.21,14.3,40.78
S06194,89.6,15.4,46.7,62.8,8.19,82.7,62.84
S06195,52.9,30.8,48.7,57.2,8.31,88.0,66.29
S06196,78.5,12.0,48.4,55.6,5.27,86.1,58.15
S06197,65.7,16.5,49.2,57.6,8.35,68.4,53.53
S06198,75.2,14.2,38.9,60.1,7.2,33.0,47.51
S06199,77.0,14.1,46.0,54.8,7.28,54.0,48.92
S06200,76.4,19.2,29.3,52.5,4.66,26.0,51.28
S06201,74.5,27.8,57.2,76.6,9.29,37.7,75.89
S06202,69.0,21.2,46.3,61.2,7.71,32.8,58.79
S06203,100.0,12.4,48.7,54.6,5.66,42.5,50.35
S06204,98.7,37.3,72.1,85.7,7.95,58.3,83.79
S06205,68.4,18.6,42.0,54.1,7.91,46.1,49.6
S06206,95.8,14.0,55.7,69.4,8.97,45.2,61.68
S06207,76.0,27.9,46.0,63.5,7.13,49.2,60.43
S06208,81.3,14.7,57.9,71.4,7.51,85.0,59.39
S06209,79.4,29.6,60.0,59.5,6.73,98.3,61.18
S06210,73.4,11.9,52.5,62.4,8.22,46.0,66.88
S06211,89.8,28.0,57.2,79.1,6.56,61.7,59.28
S06212,81.3,19.4,42.5,53.1,6.43,38.2,51.99
S06213,75.2,27.0,54.4,64.2,7.42,70.4,64.14
S06214,67.0,31.3,41.2,52.5,6.03,45.5,64.73
S06215,71.1,10.1,53.0,67.1,9.42,40.8,60.64
S06216,63.6,26.9,54.8,60.4,9.81,95.0,65.51
S06217,80.1,8.1,43.9,49.5,6.96,27.9,45.69
S06218,68.0,10.7,41.4,55.2,5.84,5.9,53.6
S06219,77.3,12.4,54.8,64.9,7.9,69.7,55.41
S06220,93.7,21.5,66.2,67.3,6.92,47.6,69.04
S06221,92.0,18.2,63.3,74.4,8.91,42.1,68.5
S06222,79.7,16.8,62.5,59.3,6.56,100.0,65.49
S06223,79.1,19.0,55.3,71.0,8.15,69.6,74.69
S06224,98.8,22.1,70.1,79.3,7.64,53.8,77.86
S06225,85.2,22.7,55.3,62.5,6.69,40.8,61.99
S06226,76.7,25.7,55.8,63.7,7.79,63.9,75.58
S06227,65.7,30.7,53.9,62.9,8.55,20.3,73.51
S06228,83.9,17.9,55.3,61.1,7.6,44.7,68.49
S06229,88.3,14.4,56.4,74.2,7.62,54.3,65.98
S06230,73.7,22.3,39.9,61.7,6.45,59.3,52.99
S06231,82.9,10.0,58.8,66.4,8.87,52.2,47.77
S06232,76.4,13.2,44.4,59.5,8.75,41.1,58.4
S06233,78.2,25.0,56.5,60.0,7.01,73.4,68.85
S06234,55.1,17.1,47.5,53.2,7.35,22.0,42.89
S06235,77.8,9.5,62.4,71.3,9.2,49.4,65.3
S06236,89.7,7.6,42.5,63.8,6.14,44.6,51.33
S06237,73.7,18.3,46.6,56.8,8.23,75.2,62.72
S06238,80.5,26.0,59.4,58.9,6.83,45.8,60.15
S06239,72.4,25.9,52.2,62.6,9.63,63.8,62.25
S06240,83.6,18.8,46.6,65.8,7.58,61.7,61.64
S06241,77.8,32.1,61.6,72.9,9.01,18.3,64.1
S06242,70.6,17.3,46.0,61.6,6.59,53.7,61.65
S06243,93.3,17.0,52.2,64.9,6.0,20.1,59.79
S06244,89.3,1.0,52.0,70.3,7.22,62.0,49.82
S06245,74.0,14.9,53.5,54.6,7.82,40.4,53.07
S06246,85.0,24.0,53.1,53.4,6.89,78.7,66.76
S06247,85.4,28.9,60.1,79.7,8.41,51.4,71.28
S06248,86.4,12.2,51.1,59.6,7.25,39.6,61.94
S06249,63.1,21.2,40.7,50.6,5.0,79.0,45.81
S06250,90.1,25.3,51.1,70.1,8.16,37.6,65.94
S06251,74.3,18.1,51.8,61.5,6.44,72.9,58.43
S06252,76.4,2.0,51.0,55.6,7.07,64.4,64.68
S06253,100.0,19.7,68.1,75.6,9.36,47.7,69.56
S06254,83.0,23.3,64.4,69.9,9.63,28.3,73.46
S06255,76.1,11.4,40.9,58.3,6.81,79.8,57.16
S06256,57.9,16.2,38.5,56.6,8.19,65.0,63.86
S06257,93.9,9.9,56.8,65.5,6.84,39.6,68.03
S06258,66.5,1.0,41.9,48.3,7.16,59.9,42.75
S06259,70.0,25.2,50.2,63.0,6.77,75.1,55.45
S06260,76.7,18.0,46.2,48.9,5.43,57.2,44.86
S06261,94.2,29.2,61.7,84.4,7.61,59.8,76.85
S06262,87.7,24.0,61.2,74.1,7.85,75.6,76.91
S06263,78.4,15.5,47.9,58.7,6.69,85.7,65.09
S06264,83.1,17.4,45.3,68.7,8.81,52.6,61.43
S06265,74.0,22.0,54.1,65.8,6.98,28.3,60.69
S06266,81.4,24.8,55.8,66.9,6.74,28.9,71.93
S06267,80.7,20.3,47.2,54.4,8.13,41.2,55.14
S06268,89.7,25.7,44.9,63.9,5.65,36.3,46.57
S06269,89.7,15.9,62.9,80.1,8.59,21.4,74.48
S06270,84.9,11.0,56.7,61.9,7.02,92.0,53.75
S06271,76.4,17.5,38.5,64.4,8.69,65.6,58.2
S06272,87.4,19.4,62.1,77.7,9.05,44.5,72.61
S06273,79.1,9.6,50.2,63.9,8.27,54.3,55.25
S06274,69.2,8.6,43.5,54.0,6.53,19.3,54.4
S06275,76.0,21.1,48.1,61.5,6.0,78.1,75.46
S06276,80.8,15.2,41.7,58.0,5.78,16.0,47.47
S06277,89.1,16.8,62.4,82.5,8.82,65.2,71.58
S06278,78.2,15.5,46.2,64.9,7.34,18.2,56.67
S06279,67.9,28.6,54.1,65.5,6.78,46.7,64.61
S06280,80.6,26.8,60.4,74.2,7.34,79.9,66.34
S06281,81.1,9.3,48.4,66.9,8.8,22.3,53.85
S06282,81.9,14.3,49.2,53.9,8.43,52.0,54.83
S06283,89.2,24.0,59.0,71.1,8.03,67.6,67.15
S06284,90.2,22.2,67.8,72.5,8.27,64.3,68.91
S06285,74.1,17.7,47.3,62.2,7.72,56.4,43.94
S06286,73.8,10.0,46.4,55.9,7.86,64.9,55.27
S06287,69.6,13.2,50.2,62.4,7.77,42.8,54.3
S06288,87.0,14.4,57.0,65.0,7.5,93.7,59.81
S06289,94.5,19.9,62.9,83.2,8.4,22.8,71.3
S06290,76.8,29.9,56.4,76.4,7.93,78.2,70.99
S06291,77.6,13.2,44.9,49.8,6.44,58.8,50.54
S06292,94.7,10.8,58.2,72.0,8.13,67.3,65.39
S06293,85.1,17.2,35.1,56.7,7.8,70.9,54.77
S06294,84.4,25.2,69.1,76.3,8.23,66.1,65.79
S06295,68.1,7.9,43.9,57.4,7.37,38.8,62.14
S06296,86.8,28.2,61.3,67.4,8.47,49.3,67.82
S06297,70.7,16.8,61.3,59.5,7.43,26.0,59.79
S06298,68.7,12.9,45.3,54.0,8.37,49.0,69.89
S06299,76.5,6.8,59.9,59.6,6.95,61.5,53.25
S06300,74.1,22.9,54.9,60.8,7.04,67.1,64.84
S06301,77.8,16.8,55.9,69.9,8.22,62.8,77.61
S06302,65.6,19.2,50.8,59.6,7.1,19.9,45.48
S06303,89.6,11.7,55.5,67.3,10.0,43.8,72.86
S06304,91.3,15.8,46.9,64.4,8.18,41.8,63.22
S06305,60.5,14.6,38.2,39.9,7.53,28.8,43.92
S06306,89.8,17.3,64.3,83.6,8.48,38.3,70.15
S06307,71.9,13.3,40.9,54.8,6.92,55.0,50.4
S06308,88.6,7.3,44.7,68.3,8.61,83.3,70.07
S06309,79.3,37.1,60.6,77.4,8.57,35.9,74.51
S06310,80.3,8.5,57.2,66.7,9.0,32.4,63.9
S06311,78.1,19.3,50.6,50.0,6.97,43.0,53.74
S06312,92.1,5.6,51.1,58.6,6.03,61.7,56.75
S06313,67.6,4.0,48.8,56.0,6.77,79.5,48.09
S06314,86.1,18.7,56.6,67.2,7.16,53.3,55.16
S06315,91.0,19.2,60.9,80.1,9.5,26.1,78.35
S06316,87.2,26.8,61.2,76.6,10.0,30.3,75.53
S06317,100.0,20.8,64.8,85.6,7.91,58.8,78.76
S06318,74.7,17.0,51.9,56.7,7.51,74.9,54.82
S06319,89.6,11.4,46.5,64.7,7.08,91.3,67.5
S06320,78.9,28.5,65.8,68.2,8.49,31.4,72.36
S06321,92.3,24.5,66.9,84.5,10.0,57.8,78.42
S06322,79.9,9.3,59.7,65.4,9.64,34.4,67.5
S06323,76.1,18.3,52.8,56.9,8.87,37.0,58.46
S06324,93.1,19.0,67.2,69.3,8.85,35.3,77.15
S06325,75.1,15.6,43.4,58.0,8.5,48.3,53.4
S06326,65.9,23.4,59.4,71.4,7.44,37.4,62.98
S06327,74.8,23.8,38.1,59.9,6.62,100.0,54.46
S06328,86.2,16.7,45.2,64.8,7.48,45.8,53.27
S06329,93.9,16.0,58.7,70.9,8.01,74.8,64.78
S06330,81.1,28.5,47.3,55.5,5.76,41.8,59.19
S06331,93.2,24.5,55.6,65.6,7.32,99.7,73.04
S06332,66.4,18.5,42.0,51.1,6.51,61.8,49.13
S06333,75.6,6.6,46.2,56.8,8.72,71.7,58.83
S06334,77.1,20.4,51.9,58.8,6.84,43.2,57.14
S06335,78.9,22.9,54.2,61.4,7.89,74.5,61.67
S06336,80.8,1.0,49.9,57.8,6.66,61.7,54.99
S06337,86.9,19.8,61.0,69.9,9.42,47.4,65.57
S06338,75.6,15.1,41.2,59.1,5.46,33.4,62.69
S06339,81.4,16.5,58.4,73.2,8.07,50.2,67.12
S06340,79.5,11.6,34.4,55.2,5.97,48.5,42.17
S06341,70.7,17.0,31.7,53.9,6.89,72.4,52.03
S06342,78.9,27.7,46.0,56.0,7.75,50.4,58.75
S06343,78.6,14.9,49.6,73.8,7.81,16.6,49.68
S06344,78.3,24.8,56.9,65.9,7.78,67.9,72.64
S06345,80.3,12.4,35.0,60.2,7.68,80.9,62.63
S06346,80.8,23.3,51.6,67.7,6.73,21.7,57.2
S06347,75.7,18.0,48.1,55.3,7.3,91.1,63.6
S06348,92.7,20.5,57.6,67.4,7.54,82.9,73.35
S06349,68.3,18.1,37.9,57.1,7.73,42.4,54.32
S06350,72.8,22.5,66.8,60.7,7.42,32.7,68.52
S06351,100.0,1.0,55.6,68.8,8.38,76.1,63.46
S06352,69.6,8.1,38.9,41.5,7.61,27.6,53.26
S06353,66.5,20.9,50.4,60.3,7.74,41.6,51.4
S06354,87.3,3.7,57.4,71.0,7.04,28.7,57.68
S06355,59.2,14.3,33.2,46.7,6.24,55.1,47.49
S06356,77.6,17.6,42.9,52.4,7.68,84.3,51.22
S06357,100.0,12.2,59.9,71.8,8.95,62.5,61.96
S06358,64.6,13.2,47.4,60.4,8.03,75.4,46.62
S06359,60.2,19.9,48.1,55.6,6.52,48.0,54.06
S06360,65.0,25.1,61.6,68.9,8.48,56.9,63.16
S06361,89.0,11.3,56.2,65.0,7.1,30.5,51.48
S06362,91.2,14.0,48.5,62.8,8.36,53.1,69.2
S06363,74.9,12.9,41.2,56.6,7.06,40.1,55.25
S06364,86.8,1.1,45.4,60.6,7.92,51.8,49.16
S06365,93.9,19.0,59.4,75.0,6.88,50.4,68.16
S06366,97.9,24.5,61.4,70.8,6.91,48.7,68.29
S06367,77.5,25.1,55.5,62.5,5.62,97.2,54.19
S06368,57.0,11.9,48.5,54.6,8.11,90.4,55.65
S06369,71.8,9.2,44.5,68.6,7.94,83.3,67.01
S06370,75.7,18.2,51.2,59.5,8.01,90.9,70.39
S06371,77.4,23.8,45.4,60.4,7.83,83.4,63.75
S06372,78.1,19.1,52.9,57.2,6.59,54.6,56.12
S06373,91.2,20.0,55.8,78.0,8.66,52.5,72.88
S06374,92.7,26.0,69.3,85.6,8.69,59.7,78.71
S06375,78.3,12.8,50.7,58.7,6.55,50.8,54.77
S06376,91.0,16.5,68.5,80.5,8.14,34.2,80.39
S06377,83.6,29.4,62.4,75.3,8.55,60.9,70.84
S06378,80.6,16.6,52.6,66.3,6.94,23.7,64.62
S06379,89.1,9.1,49.9,58.0,7.14,57.8,57.92
S06380,80.7,13.3,50.5,64.5,8.14,35.1,59.91
S06381,100.0,11.4,49.1,72.9,5.69,53.4,50.77
S06382,65.6,20.5,50.6,64.3,6.19,58.8,64.06
S06383,74.8,11.7,36.9,56.5,6.31,47.9,55.76
S06384,78.7,19.9,46.2,62.0,5.34,22.2,56.48
S06385,84.4,12.8,45.7,76.2,8.8,31.2,67.95
S06386,92.7,3.1,46.4,61.2,5.11,64.2,54.82
S06387,79.8,20.1,51.2,61.4,7.91,43.9,53.69
S06388,65.8,19.0,54.1,68.6,8.47,66.2,56.36
S06389,88.4,21.6,50.2,65.4,7.15,55.2,63.53
S06390,87.5,13.3,49.0,64.6,6.7,51.0,48.58
S06391,60.6,12.5,49.2,56.8,7.78,62.0,60.39
S06392,80.0,20.8,53.7,61.6,7.5,41.5,60.33
S06393,64.1,28.6,63.5,69.9,8.7,63.0,69.26
S06394,73.4,18.1,37.8,54.7,4.35,46.6,44.15
S06395,71.0,21.0,43.6,59.9,6.4,100.0,62.69
S06396,88.1,15.7,63.3,74.0,8.17,32.3,65.09
S06397,81.2,7.2,47.1,58.9,7.56,47.9,52.4
S06398,67.1,24.8,50.6,54.4,8.4,48.7,68.93
S06399,88.8,24.4,60.0,71.4,7.81,28.0,75.84
S06400,65.7,23.0,47.9,61.4,7.34,69.5,64.18
S06401,83.3,16.7,49.7,52.1,7.14,46.4,58.74
S06402,71.9,22.2,54.3,67.9,10.0,7.4,60.94
S06403,76.3,24.3,66.6,73.2,9.34,68.9,69.74
S06404,85.0,29.3,58.0,66.9,8.09,42.3,67.27
S06405,85.2,24.9,52.7,71.2,7.59,52.9,69.29
S06406,93.4,18.4,56.4,75.7,8.15,68.5,68.75
S06407,79.2,8.8,54.1,73.4,8.49,47.7,60.35
S06408,83.1,19.1,63.6,70.5,8.0,47.5,75.55
S06409,75.6,19.8,47.6,65.8,6.6,100.0,68.37
S06410,81.8,23.0,55.4,67.0,9.64,11.9,61.43
S06411,84.4,27.5,68.8,72.7,7.8,29.3,72.32
S06412,79.0,17.3,59.7,74.7,9.92,33.2,62.25
S06413,62.0,32.7,51.3,58.5,7.72,90.8,68.64
S06414,83.3,5.7,48.8,59.4,7.21,42.1,65.32
S06415,83.6,20.9,51.6,72.9,9.16,59.8,65.53
S06416,73.2,12.4,49.1,60.1,7.86,45.5,60.81
S06417,67.2,4.6,49.1,51.6,7.66,67.1,60.16
S06418,94.8,16.6,59.1,64.9,6.06,54.7,62.13
S06419,84.9,7.8,50.6,62.7,8.29,60.1,61.52
S06420,77.7,16.9,50.4,64.0,6.91,80.7,70.61
S06421,68.6,18.2,54.6,58.8,6.96,63.8,52.52
S06422,71.8,25.8,50.5,49.1,6.91,40.3,51.92
S06423,93.0,7.4,58.6,73.0,8.03,61.2,55.88
S06424,81.4,24.4,51.5,65.0,5.66,100.0,68.41
S06425,74.5,18.7,45.9,54.0,7.25,66.3,51.3
S06426,85.1,25.2,53.9,64.4,8.68,58.0,71.15
S06427,71.9,15.0,50.6,63.9,6.01,27.6,62.47
S06428,95.0,8.7,38.3,60.0,7.71,69.5,53.57
S06429,93.5,9.5,47.2,66.3,6.74,72.4,54.79
S06430,75.3,9.0,38.1,50.4,7.02,61.3,54.34
S06431,73.7,21.3,63.6,74.5,9.49,57.3,69.23
S06432,53.8,28.3,49.7,48.8,5.52,100.0,42.15
S06433,65.2,14.0,44.8,59.6,8.42,72.1,65.58
S06434,66.6,22.4,64.3,66.3,6.93,79.8,67.1
S06435,81.4,7.3,55.6,51.7,6.87,56.3,51.81
S06436,76.7,19.3,48.7,59.7,6.17,52.4,54.94
S06437,66.5,22.7,61.2,62.7,8.4,67.6,68.37
S06438,77.2,7.9,43.6,62.3,7.27,52.3,53.37
S06439,85.1,16.6,50.4,64.8,7.12,54.0,61.12
S06440,85.3,23.0,58.4,68.1,7.63,64.3,68.15
S06441,61.0,1.0,36.3,55.2,7.3,44.7,39.23
S06442,78.7,27.3,39.7,46.3,5.1,59.4,53.55
S06443,66.2,20.5,41.3,64.4,6.91,56.6,55.54
S06444,89.0,23.0,58.4,81.7,8.57,74.3,68.07
S06445,87.8,15.1,50.9,59.5,5.69,42.8,58.7
S06446,71.0,5.9,39.7,55.3,6.19,15.0,48.8
S06447,72.3,21.7,39.6,58.8,6.99,48.8,66.84
S06448,75.4,17.4,50.7,47.6,6.63,62.9,51.02
S06449,57.5,18.2,53.0,56.8,7.47,74.3,61.81
S06450,83.4,25.6,47.6,55.8,6.19,41.1,68.62
S06451,77.3,23.3,61.5,60.3,7.03,65.8,69.72
S06452,89.7,31.4,64.2,73.0,7.44,77.7,71.43
S06453,69.0,19.1,45.2,58.3,8.28,70.0,57.04
S06454,73.8,13.2,49.3,68.9,8.99,39.2,68.81
S06455,64.9,16.7,44.4,51.5,7.19,41.3,51.31
S06456,70.0,20.9,55.7,65.5,9.77,63.7,65.17
S06457,68.2,25.1,35.5,61.6,7.28,87.5,56.59
S06458,90.0,7.7,50.4,64.9,8.49,55.3,64.63
S06459,73.0,18.1,53.7,64.5,9.82,51.7,48.8
S06460,81.2,29.3,67.8,77.6,7.67,27.6,66.37
S06461,76.2,16.3,46.9,59.6,5.85,47.7,49.06
S06462,67.3,24.5,45.9,59.7,7.61,40.7,68.45
S06463,78.3,21.5,47.8,65.5,6.77,55.5,62.19
S06464,86.0,24.7,57.5,62.4,7.17,24.7,62.94
S06465,67.9,12.3,51.6,60.6,9.88,48.4,57.53
S06466,88.1,12.4,44.9,69.2,6.03,34.8,48.42
S06467,71.5,18.1,47.4,45.0,7.86,73.8,64.45
S06468,75.2,7.3,47.0,52.5,6.45,37.8,47.63
S06469,85.3,16.1,43.7,55.0,7.13,43.6,60.4
S06470,73.4,19.8,46.8,62.3,8.39,60.6,56.96
S06471,80.4,30.5,51.7,70.3,7.88,45.9,67.79
S06472,76.9,20.8,44.6,65.5,7.23,100.0,56.98
S06473,81.3,22.4,46.6,59.4,6.72,73.6,59.67
S06474,56.2,26.2,54.0,55.4,7.88,55.3,65.58
S06475,61.7,11.2,56.9,55.6,9.55,62.4,57.91
S06476,86.2,16.8,52.0,63.5,6.42,7.9,60.07
S06477,90.4,35.0,68.7,92.6,9.79,79.6,84.92
S06478,70.9,17.4,49.5,59.9,8.94,65.2,70.27
S06479,77.6,25.8,46.2,65.4,9.14,53.5,60.81
S06480,82.9,24.7,57.1,69.6,7.87,66.3,67.22
S06481,86.9,7.7,57.0,66.3,8.91,68.8,63.36
S06482,59.7,20.2,39.0,57.7,6.29,46.7,46.05
S06483,71.1,19.0,40.9,61.4,6.7,62.6,57.08
S06484,76.7,20.3,46.9,67.2,8.42,76.0,63.8
S06485,87.0,12.7,54.6,71.3,7.86,64.1,63.92
S06486,100.0,10.2,55.6,65.7,7.32,49.9,62.99
S06487,77.7,14.7,48.5,49.2,4.5,60.9,47.38
S06488,65.9,17.3,41.3,50.7,6.98,82.6,44.13
S06489,84.0,26.3,49.9,64.6,6.09,70.7,65.17
S06490,93.2,30.7,61.9,74.1,8.09,31.7,67.86
S06491,81.1,27.8,51.5,68.5,7.27,66.7,66.24
S06492,70.9,24.0,54.0,62.3,6.75,64.1,56.95
S06493,89.6,11.0,67.7,69.7,10.0,78.3,60.3
S06494,86.6,15.1,50.3,73.2,8.75,55.7,66.82
S06495,69.7,19.5,50.5,60.4,8.77,47.6,64.53
S06496,83.8,13.6,67.3,79.0,10.0,27.6,75.06
S06497,90.0,22.0,61.2,69.0,8.46,41.1,65.9
S06498,91.8,23.0,55.1,63.5,6.57,79.2,66.39
S06499,79.3,21.8,51.9,57.6,6.43,59.0,62.09
S06500,76.4,25.2,60.7,62.9,8.66,53.0,72.96
S06501,92.3,11.7,48.7,52.8,5.03,80.9,45.03
S06502,67.9,24.5,51.5,63.1,7.41,76.8,53.55
S06503,84.4,13.1,44.1,51.0,4.89,40.3,59.44
S06504,66.3,11.4,54.4,61.1,7.62,79.0,46.71
S06505,90.7,21.7,57.9,72.8,8.52,21.8,73.31
S06506,77.4,26.5,55.0,71.2,7.84,64.2,75.45
S06507,92.7,21.4,69.7,72.6,8.63,61.8,77.35
S06508,84.9,18.1,62.6,79.6,9.86,78.0,66.16
S06509,67.8,20.2,48.2,54.2,7.33,62.6,51.77
S06510,94.2,19.0,68.0,66.0,10.0,50.1,71.22
S06511,95.5,10.1,56.4,69.9,7.76,51.7,73.6
S06512,88.8,9.3,51.0,62.0,8.64,100.0,72.93
S06513,72.4,17.4,48.9,66.2,6.77,56.7,60.03
S06514,76.9,18.6,52.3,68.5,9.44,66.9,55.75
S06515,81.5,18.1,67.3,72.4,8.75,14.6,67.1
S06516,73.0,22.7,58.2,69.8,9.27,38.5,64.86
S06517,96.9,16.5,51.3,65.9,7.57,65.4,64.9
S06518,81.4,21.9,46.9,68.5,5.99,22.7,49.3
S06519,53.0,17.0,49.9,53.0,8.05,66.0,55.56
S06520,83.4,30.8,44.4,62.9,5.46,40.5,53.01
S06521,76.5,18.6,66.3,63.7,7.1,34.3,46.75
S06522,79.3,34.4,48.9,66.5,7.73,40.4,69.17
S06523,76.3,20.5,64.8,67.2,10.0,85.6,81.55
S06524,88.1,16.5,52.3,67.9,7.88,61.7,58.88
S06525,91.2,11.7,49.1,65.3,7.67,36.8,56.83
S06526,82.8,7.9,52.8,65.3,7.42,70.5,63.74
S06527,76.6,11.1,41.4,56.1,5.89,71.6,59.12
S06528,79.6,11.8,59.9,65.8,7.6,47.4,60.74
S06529,80.2,20.8,45.0,72.1,7.62,74.2,59.58
S06530,72.0,14.3,48.4,56.7,6.34,75.1,63.01
S06531,85.8,19.3,48.3,61.7,6.08,72.0,53.08
S06532,84.6,27.0,56.3,67.3,6.92,41.5,62.97
S06533,95.4,17.4,59.8,72.6,7.58,31.4,69.76
S06534,92.6,32.6,48.4,66.8,6.95,21.1,58.08
S06535,73.1,9.8,45.1,52.8,6.24,41.9,52.33
S06536,88.2,16.9,61.8,74.4,7.85,47.6,73.4
S06537,70.5,14.2,52.8,61.5,8.15,49.3,68.02
S06538,87.0,24.6,54.5,73.9,7.65,54.1,65.8
S06539,74.8,2.3,35.2,41.2,6.82,89.7,43.35
S06540,69.8,7.9,51.1,67.2,8.21,48.2,60.13
S06541,82.8,17.2,63.3,73.0,7.27,54.0,61.38
S06542,53.3,28.9,47.1,53.1,6.07,18.6,51.72
S06543,62.5,19.6,58.0,63.4,8.74,99.6,65.51
S06544,78.2,8.5,55.5,66.6,7.92,28.7,59.42
S06545,80.8,9.6,47.0,54.7,7.36,40.9,42.42
S06546,76.3,29.7,49.5,60.7,5.61,68.9,55.39
S06547,64.2,13.7,48.5,55.7,6.61,59.9,41.66
S06548,71.8,11.4,45.4,51.9,9.92,87.9,48.15
S06549,83.9,28.3,55.0,66.6,5.69,69.4,58.98
S06550,85.8,25.1,62.7,64.0,7.2,53.4,65.79
S06551,79.8,26.9,54.5,72.1,7.48,75.9,67.5
S06552,91.6,11.3,59.5,76.3,7.88,78.2,53.35
S06553,84.0,7.3,41.3,62.3,5.7,41.8,45.8
S06554,72.5,18.9,51.0,60.2,7.71,74.3,51.32
S06555,77.2,20.3,44.3,54.7,5.48,50.6,53.81
S06556,66.0,20.6,51.8,50.4,7.62,52.9,52.91
S06557,78.9,28.3,52.0,67.6,6.72,57.9,72.83
S06558,91.1,5.9,38.5,49.4,6.46,47.4,49.63
S06559,86.9,24.0,54.7,63.0,8.5,46.3,63.02
S06560,94.0,10.3,64.7,69.3,7.22,74.7,63.19
S06561,77.0,24.0,58.2,62.3,8.07,24.4,59.61
S06562,93.5,14.7,44.3,60.4,8.11,33.8,68.07
S06563,78.1,12.3,61.6,69.1,9.02,68.5,62.16
S06564,94.7,13.7,43.9,65.5,6.05,53.5,61.43
S06565,79.8,7.9,57.6,68.6,8.6,74.8,66.08
S06566,87.1,18.3,62.1,71.0,7.52,62.2,62.59
S06567,94.8,12.6,54.1,72.7,7.05,28.3,51.07
S06568,78.1,23.5,43.1,58.8,6.12,56.3,55.55
S06569,82.2,22.5,52.0,64.3,8.23,65.7,69.14
S06570,92.9,29.8,60.1,67.5,6.39,59.7,59.74
S06571,78.7,20.6,47.5,66.2,8.12,45.6,63.6
S06572,66.8,21.6,52.7,60.1,9.81,49.5,67.77
S06573,100.0,27.8,67.8,82.4,8.68,43.8,85.94
S06574,75.3,13.6,50.4,62.0,9.17,28.5,62.84
S06575,81.6,7.6,55.3,57.4,6.64,25.7,55.21
S06576,91.6,19.4,52.5,65.3,8.42,62.8,67.39
S06577,73.9,8.0,23.3,50.4,6.13,37.6,36.92
S06578,69.9,35.2,48.9,58.5,7.22,66.5,59.58
S06579,82.5,28.2,64.2,74.5,9.59,43.1,62.91
S06580,62.1,33.1,54.4,59.0,6.77,28.7,61.85
S06581,77.1,18.4,52.9,71.4,8.83,46.8,66.71
S06582,82.5,21.9,56.0,77.1,8.72,96.9,71.46
S06583,77.3,14.8,54.0,70.2,8.79,53.1,64.4
S06584,64.6,24.2,55.3,56.9,5.98,67.9,63.03
S06585,95.9,9.5,58.4,72.2,8.13,58.4,56.68
S06586,81.0,1.0,43.6,52.0,7.31,26.9,48.47
S06587,94.3,12.5,70.9,78.1,8.81,84.0,73.09
S06588,77.4,7.8,42.3,44.1,5.51,50.0,44.18
S06589,71.2,28.3,41.6,61.3,7.94,28.8,48.01
S06590,82.7,30.7,49.4,66.6,7.77,44.8,61.14
S06591,77.8,8.2,44.6,55.4,5.11,50.9,46.37
S06592,68.2,27.0,37.5,54.3,6.44,70.0,58.08
S06593,94.7,24.7,55.0,70.7,5.3,41.4,65.25
S06594,73.8,7.0,39.5,48.9,6.63,100.0,62.05
S06595,61.6,15.3,54.8,63.9,8.16,36.3,62.55
S06596,93.3,13.9,56.5,71.5,7.73,67.2,65.29
S06597,75.0,23.2,43.0,65.7,7.7,15.5,60.12
S06598,73.9,9.4,49.3,62.3,6.25,52.5,60.92
S06599,62.3,17.3,58.8,59.0,8.84,62.3,67.96
S06600,97.4,13.2,48.1,68.9,7.48,32.6,63.61
S06601,67.1,21.3,44.6,51.9,7.54,85.0,68.16
S06602,80.6,16.5,58.2,74.2,8.63,63.7,60.66
S06603,89.1,14.3,54.2,59.9,6.31,48.6,58.71
S06604,84.2,16.5,67.8,69.7,7.77,63.5,85.52
S06605,79.4,32.3,63.2,73.4,8.01,43.1,75.97
S06606,63.0,15.1,58.5,63.0,6.85,80.0,57.04
S06607,71.9,10.7,49.9,62.3,8.28,75.3,58.39
S06608,81.9,22.1,58.0,72.6,8.07,62.5,68.62
S06609,72.1,17.0,45.7,58.5,7.38,67.2,67.26
S06610,82.0,8.1,46.0,60.7,7.34,25.5,58.46
S06611,86.8,33.6,61.8,65.6,8.13,84.3,73.73
S06612,89.6,15.5,53.6,73.8,8.45,53.0,55.56
S06613,67.7,15.4,32.4,50.4,7.58,75.5,47.72
S06614,100.0,19.1,58.5,73.2,8.84,70.0,71.96
S06615,87.7,30.1,67.0,86.1,8.29,75.2,76.95
S06616,80.0,6.2,42.4,39.5,5.35,34.0,51.47
S06617,90.9,19.9,51.4,64.4,5.81,36.6,59.35
S06618,100.0,32.6,62.3,68.8,8.92,100.0,84.13
S06619,65.6,18.9,49.2,59.7,7.2,24.6,46.49
S06620,77.7,9.4,59.3,61.0,7.7,33.0,53.81
S06621,56.2,13.7,56.1,45.4,8.87,55.9,57.89
S06622,81.9,19.4,55.3,71.5,7.49,55.9,76.82
S06623,83.7,27.3,51.1,60.2,7.54,44.2,63.82
S06624,79.6,15.6,58.7,68.5,6.46,67.3,66.34
S06625,73.5,23.8,59.6,62.2,7.94,73.0,73.21
S06626,59.5,8.0,36.1,48.1,8.2,54.6,53.03
S06627,83.7,7.9,37.5,44.1,6.81,49.6,53.74
S06628,94.6,14.6,43.5,63.9,6.39,54.6,57.1
S06629,74.1,28.1,58.0,68.8,10.0,45.1,79.02
S06630,84.4,18.5,58.6,65.8,7.39,21.0,54.22
S06631,64.3,20.0,50.8,57.0,6.68,61.0,48.79
S06632,84.6,19.9,58.7,61.7,8.35,70.3,77.1
S06633,76.1,25.8,52.3,67.8,7.44,51.9,66.61
S06634,72.4,13.7,58.8,57.9,6.2,9.7,46.26
S06635,72.4,22.8,53.3,75.7,8.08,43.6,56.11
S06636,76.1,12.2,45.5,54.3,6.48,73.1,45.1
S06637,83.8,31.9,60.2,73.1,9.39,26.2,85.21
S06638,66.9,12.4,61.5,56.8,8.09,68.9,57.64
S06639,76.0,11.8,52.3,52.6,7.17,46.1,51.4
S06640,79.6,21.8,47.4,67.3,7.63,54.6,72.51
S06641,69.0,18.6,45.3,65.4,8.58,41.3,60.64
S06642,98.0,20.3,48.8,66.0,7.72,32.3,62.81
S06643,71.5,19.6,57.0,69.2,10.0,83.7,73.78
S06644,73.3,10.4,42.8,65.4,8.86,71.3,61.35
S06645,70.2,29.3,47.4,64.2,8.09,67.9,68.51
S06646,98.0,24.3,62.5,75.0,6.38,73.2,69.46
S06647,85.5,27.5,61.5,71.5,7.32,65.1,64.8
S06648,70.6,14.3,58.8,60.8,8.07,73.9,54.14
S06649,91.1,20.9,44.5,64.7,6.51,41.7,61.84
S06650,82.0,19.4,51.8,77.0,9.05,82.6,68.53
S06651,82.6,25.9,48.0,59.8,6.33,80.8,66.03
S06652,76.6,26.1,61.1,71.0,6.74,62.6,64.04
S06653,72.5,19.4,48.6,60.1,6.83,49.2,65.22
S06654,83.4,7.4,63.4,65.9,8.39,30.5,51.97
S06655,74.5,30.5,55.2,68.8,6.53,59.6,68.53
S06656,98.2,21.9,51.6,69.5,5.34,88.7,60.58
S06657,67.3,13.7,54.3,65.5,8.81,31.8,56.87
S06658,95.4,20.8,45.6,74.2,6.97,75.4,60.99
S06659,78.9,7.4,32.3,59.9,6.22,45.6,46.91
S06660,83.0,25.4,54.1,65.7,6.59,47.3,57.67
S06661,88.3,7.7,57.7,69.9,9.56,31.5,56.5
S06662,73.7,16.5,59.0,55.6,6.71,40.0,62.82
S06663,88.6,19.7,46.5,71.9,7.35,67.9,56.27
S06664,52.9,25.3,46.9,53.8,6.96,70.4,59.82
S06665,72.8,18.7,49.9,55.0,6.02,59.7,60.99
S06666,70.8,22.4,50.1,54.8,6.61,45.0,61.65
S06667,67.5,17.8,50.2,51.4,5.94,32.9,52.13
S06668,77.9,17.8,51.0,73.8,8.65,56.2,57.67
S06669,83.9,18.6,58.8,72.5,7.62,47.7,55.85
S06670,87.0,16.7,64.7,68.2,10.0,59.2,62.28
S06671,82.4,6.2,53.6,53.6,6.65,48.6,46.03
S06672,73.3,12.6,42.3,55.3,6.47,49.1,53.59
S06673,83.7,19.7,52.1,63.9,9.34,58.2,57.14
S06674,81.2,16.3,52.0,65.1,8.77,62.0,61.89
S06675,89.4,16.9,49.6,74.1,7.96,79.5,66.28
S06676,87.8,15.7,46.3,66.0,6.16,48.3,56.86
S06677,80.3,12.0,54.6,59.2,9.59,65.9,60.2
S06678,71.0,14.5,42.6,51.4,7.41,91.1,62.8
S06679,73.5,15.9,48.0,59.9,6.98,66.4,60.12
S06680,74.5,18.0,47.5,68.8,8.87,78.3,67.61
S06681,76.8,20.8,51.5,59.1,7.47,42.6,57.82
S06682,82.7,16.7,45.3,60.7,6.1,40.6,61.07
S06683,87.2,10.8,51.4,61.9,7.55,51.8,60.63
S06684,79.5,8.2,48.4,66.9,6.56,53.9,56.43
S06685,80.2,36.2,44.5,60.8,3.89,76.4,60.46
S06686,81.4,10.1,42.2,55.5,6.44,40.4,53.42
S06687,74.8,14.4,43.6,49.3,6.87,53.2,65.55
S06688,70.7,21.6,52.4,53.9,6.11,76.5,61.64
S06689,62.4,20.5,57.3,50.0,8.19,59.3,68.58
S06690,73.0,21.6,45.3,59.3,6.57,54.8,46.42
S06691,84.7,14.9,53.4,69.5,8.07,59.8,63.68
S06692,73.0,19.7,35.8,56.2,6.02,32.4,57.33
S06693,77.6,18.4,53.7,63.0,8.59,32.1,63.86
S06694,84.7,15.8,39.5,63.1,5.97,23.2,57.68
S06695,85.2,19.7,42.8,64.4,4.69,59.1,54.91
S06696,69.2,25.4,62.1,65.9,8.98,73.4,75.13
S06697,90.0,17.8,43.0,67.0,6.47,70.3,51.53
S06698,91.3,17.9,56.4,73.8,9.61,77.9,69.65
S06699,68.7,25.5,47.7,59.1,8.18,84.1,63.63
S06700,71.8,24.7,44.6,67.9,8.45,57.9,59.96
S06701,91.9,29.1,68.1,72.7,8.75,53.7,75.46
S06702,78.5,5.7,49.9,52.6,7.64,84.5,42.64
S06703,57.8,24.3,58.7,59.5,7.65,41.0,51.77
S06704,66.0,22.2,47.9,60.8,9.04,31.4,67.55
S06705,77.5,11.8,39.2,48.6,7.63,48.2,53.63
S06706,68.4,19.8,52.2,61.5,6.63,45.9,55.15
S06707,75.9,25.4,53.1,62.1,8.2,56.0,70.47
S06708,80.3,12.2,40.0,46.2,4.96,38.0,56.39
S06709,94.6,21.1,71.1,82.9,9.08,62.4,86.7
S06710,77.1,24.1,59.0,68.1,9.11,43.6,56.07
S06711,90.7,10.5,62.7,77.8,8.94,79.6,76.6
S06712,94.3,17.0,56.5,74.8,8.89,31.1,60.6
S06713,94.3,20.1,52.4,67.5,7.4,52.2,67.31
S06714,82.8,12.4,48.6,67.3,7.37,48.3,62.42
S06715,60.4,11.8,43.9,52.4,6.02,59.6,58.28
S06716,84.6,17.1,59.8,72.2,9.6,73.5,71.78
S06717,90.5,23.6,58.1,72.0,6.92,60.3,69.67
S06718,79.2,22.5,38.9,62.8,7.91,52.4,55.64
S06719,97.4,12.0,45.1,60.1,7.8,68.8,50.86
S06720,88.6,22.6,38.4,70.5,5.89,71.9,56.77
S06721,85.7,12.1,43.4,56.9,5.41,60.4,62.18
S06722,90.9,6.7,43.5,61.6,7.51,62.8,56.78
S06723,83.3,15.4,60.8,57.9,6.96,67.9,71.06
S06724,55.1,25.9,46.6,56.3,7.39,22.1,50.99
S06725,75.0,22.6,57.2,68.8,8.78,48.0,70.52
S06726,92.0,18.0,50.0,61.4,7.77,62.5,64.44
S06727,71.9,15.1,44.8,54.5,8.41,49.2,63.78
S06728,77.8,15.3,61.5,62.9,8.03,49.2,60.39
S06729,69.6,18.8,58.8,61.3,7.12,62.5,59.3
S06730,97.8,10.5,54.0,67.0,6.3,63.0,68.34
S06731,96.8,15.6,45.1,65.1,7.82,64.3,50.73
S06732,71.2,16.5,46.7,60.4,7.6,39.2,55.49
S06733,81.5,8.5,54.8,68.8,8.6,26.6,49.07
S06734,73.2,12.1,46.3,60.5,7.32,71.1,55.76
S06735,86.1,20.9,41.0,63.0,7.14,40.2,57.52
S06736,85.1,18.1,63.9,71.0,7.22,38.8,68.42
S06737,88.1,15.8,45.5,62.4,6.4,37.0,60.5
S06738,83.3,11.6,48.3,64.6,9.24,78.0,60.45
S06739,100.0,29.0,65.5,77.1,8.87,59.2,71.9
S06740,69.7,12.1,49.9,55.2,6.04,61.9,52.99
S06741,62.9,19.8,53.5,64.9,8.46,68.8,69.0
S06742,76.1,14.6,35.3,54.0,5.29,54.2,44.32
S06743,64.3,18.3,42.1,60.1,8.68,75.3,49.19
S06744,65.1,21.2,33.0,48.4,6.66,31.1,39.2
S06745,70.0,8.4,45.7,55.9,7.93,33.3,42.4
S06746,70.8,18.0,39.5,50.3,5.18,32.2,49.45
S06747,70.5,26.3,50.6,56.3,6.06,63.4,51.01
S06748,85.2,30.3,55.1,74.9,8.06,65.1,69.61
S06749,74.9,17.1,53.6,51.8,6.66,45.5,58.71
S06750,78.2,18.3,52.6,71.6,6.49,50.4,48.09
S06751,88.9,33.5,60.3,86.9,9.18,80.4,85.81
S06752,72.3,25.9,62.1,72.6,10.0,41.1,78.56
S06753,77.4,13.7,61.3,70.0,8.62,60.9,74.99
S06754,83.7,13.7,42.2,61.6,6.19,41.3,63.75
S06755,60.6,24.7,53.4,60.5,9.62,76.9,78.62
S06756,56.2,10.9,35.7,47.7,5.63,67.6,45.96
S06757,83.5,25.6,52.3,72.5,7.13,27.0,69.92
S06758,84.9,20.3,59.3,59.8,7.57,49.8,62.19
S06759,100.0,21.6,71.4,75.8,9.81,13.4,78.42
S06760,81.6,16.2,57.7,72.1,8.6,73.0,66.86
S06761,88.2,13.6,53.7,63.5,6.94,95.9,52.35
S06762,78.0,28.2,47.9,59.7,6.37,11.4,50.77
S06763,83.0,16.3,58.0,67.5,8.7,26.5,74.17
S06764,96.7,15.1,46.6,59.1,6.86,58.3,61.32
S06765,58.8,17.4,61.2,59.5,7.76,54.6,66.53
S06766,84.1,19.4,56.9,57.4,5.86,46.8,56.02
S06767,100.0,10.8,63.6,80.8,8.18,20.2,61.61
S06768,82.8,14.0,55.9,67.2,8.09,61.5,62.12
S06769,96.5,13.7,53.7,66.0,6.01,72.8,66.68
S06770,73.7,23.9,45.6,66.5,8.74,100.0,74.25
S06771,79.7,11.8,44.5,74.6,8.17,81.1,62.43
S06772,80.3,5.7,44.2,54.6,8.39,29.0,56.32
S06773,57.8,4.2,40.2,39.2,7.05,54.8,41.77
S06774,68.3,7.7,44.3,55.2,7.71,66.8,60.65
S06775,69.0,27.5,56.9,55.6,7.58,41.2,70.79
S06776,88.2,18.1,48.3,62.8,7.32,70.6,57.7
S06777,88.7,21.5,62.6,76.2,7.7,69.1,72.37
S06778,83.2,21.8,53.8,77.0,9.01,79.7,64.01
S06779,88.2,18.4,56.1,62.7,8.79,71.0,71.22
S06780,78.4,17.5,52.6,55.9,6.08,60.7,54.92
S06781,92.0,25.3,64.6,78.2,8.68,42.2,68.56
S06782,80.1,19.0,49.2,69.6,8.93,29.1,50.84
S06783,80.6,27.8,61.2,73.5,7.32,59.4,75.85
S06784,77.3,22.3,55.0,73.8,8.11,46.9,66.83
S06785,86.8,13.7,41.7,65.6,8.09,48.9,61.0
S06786,75.8,14.5,41.6,55.0,6.48,77.4,59.52
S06787,89.8,12.9,49.6,69.0,7.04,82.4,57.53
S06788,68.7,26.5,47.0,62.5,8.4,30.3,56.03
S06789,69.0,15.2,54.2,60.9,6.91,50.8,59.76
S06790,86.9,12.4,53.7,65.2,8.67,46.3,68.93
S06791,79.1,20.2,60.0,71.1,9.07,61.3,70.9
S06792,75.5,17.3,55.9,58.4,8.87,9.7,69.06
S06793,88.9,20.1,66.8,82.8,9.88,25.8,76.09
S06794,73.9,31.2,64.1,64.5,7.39,52.7,71.16
S06795,78.0,24.4,58.2,63.1,7.71,70.7,70.73
S06796,94.0,18.2,68.0,63.6,7.88,56.5,66.45
S06797,95.4,8.1,57.6,64.2,7.43,68.4,54.18
S06798,95.7,14.5,58.5,66.8,8.15,58.9,65.94
S06799,77.2,23.0,48.6,59.7,5.45,80.5,63.77
S06800,92.3,9.8,38.2,54.2,7.75,84.7,52.0
S06801,70.5,33.0,46.2,56.4,5.85,39.8,51.62
S06802,70.9,18.1,45.1,52.6,6.34,72.7,50.57
S06803,56.5,18.3,50.4,49.2,8.38,65.2,63.21
S06804,96.7,13.3,54.8,69.6,7.26,100.0,69.02
S06805,71.4,21.5,55.1,63.8,8.34,39.0,61.3
S06806,78.7,9.9,40.5,56.7,7.24,52.7,47.25
S06807,70.9,33.2,48.6,69.9,8.83,34.4,69.22
S06808,87.0,27.2,49.1,66.2,7.21,35.5,66.26
S06809,76.2,24.9,55.5,59.3,5.15,62.7,62.87
S06810,67.0,8.3,38.4,57.4,7.77,59.1,65.86
S06811,84.4,19.4,41.3,54.3,4.9,65.8,58.26
S06812,65.7,26.5,45.8,52.9,5.76,65.4,52.38
S06813,71.6,22.2,38.2,57.9,6.44,50.3,47.25
S06814,58.9,11.0,34.7,42.7,6.29,50.1,40.74
S06815,65.8,13.4,48.5,61.6,6.85,35.6,50.47
S06816,81.8,14.8,45.3,59.2,6.25,41.0,60.25
S06817,60.4,13.8,49.9,60.6,5.81,53.9,48.01
S06818,65.2,28.7,46.3,62.9,9.35,58.9,58.66
S06819,80.0,4.6,43.4,60.5,6.69,69.2,55.51
S06820,74.6,22.6,41.2,45.3,4.82,67.2,49.15
S06821,99.9,9.0,53.9,74.1,7.07,86.1,67.93
S06822,98.3,11.3,44.1,65.4,6.15,35.5,52.5
S06823,71.3,3.9,38.5,47.3,6.44,50.3,42.5
S06824,85.6,14.2,59.9,73.8,8.35,37.3,61.04
S06825,87.5,28.6,54.4,61.9,6.96,80.5,70.41
S06826,74.0,19.9,40.3,52.5,6.12,45.0,52.75
S06827,65.0,9.6,59.1,57.1,8.04,78.1,49.15
S06828,79.9,25.1,58.7,75.4,8.88,84.1,63.65
S06829,78.3,26.6,59.9,75.9,8.14,63.3,68.12
S06830,75.6,18.7,46.8,52.4,4.56,60.9,44.68
S06831,84.4,32.2,53.4,59.8,6.16,55.8,63.41
S06832,72.5,23.8,47.1,56.1,7.56,48.7,60.99
S06833,68.5,22.8,50.4,60.7,7.21,46.3,52.07
S06834,81.1,12.4,45.3,59.6,7.11,52.1,61.04
S06835,83.9,22.4,53.3,62.4,6.32,91.5,72.22
S06836,68.2,19.5,43.0,49.5,5.81,34.2,57.75
S06837,89.3,21.6,69.4,87.3,9.91,59.1,80.65
S06838,62.3,13.2,38.5,49.0,7.53,69.2,53.13
S06839,74.2,18.9,57.3,61.7,8.27,49.3,63.36
S06840,77.4,12.3,53.3,68.0,7.51,63.3,61.84
S06841,73.6,3.0,44.2,54.1,7.56,24.9,44.68
S06842,74.3,25.0,56.7,68.0,7.43,81.5,65.98
S06843,98.7,7.5,52.9,60.4,6.16,77.6,59.73
S06844,71.5,18.8,48.3,58.8,5.68,53.0,59.09
S06845,100.0,20.3,63.8,79.7,7.96,37.4,62.01
S06846,84.4,20.3,55.1,61.7,7.73,70.9,65.65
S06847,80.9,16.0,51.6,63.0,8.63,32.0,67.14
S06848,84.8,19.9,53.1,63.3,8.38,34.9,59.79
S06849,100.0,21.3,54.9,67.1,6.53,53.9,65.71
S06850,70.1,23.1,59.9,75.8,8.86,85.4,57.81
S06851,68.8,30.1,59.1,69.1,8.42,67.8,69.2
S06852,72.5,19.6,58.9,76.0,8.33,42.1,55.87
S06853,80.3,18.4,66.5,82.2,10.0,21.4,66.75
S06854,62.7,11.7,51.0,67.4,9.95,55.8,58.83
S06855,80.2,21.1,67.4,79.6,8.33,60.0,66.65
S06856,96.9,22.7,60.0,80.3,8.18,53.5,71.49
S06857,81.5,16.7,53.1,75.5,8.8,91.1,69.41
S06858,77.1,21.8,52.3,65.2,6.8,52.4,61.2
S06859,73.8,16.0,50.5,62.9,6.82,9.4,56.07
S06860,89.0,22.7,54.2,73.3,8.31,46.9,56.99
S06861,71.7,24.4,47.6,56.7,6.47,64.1,58.01
S06862,98.5,24.3,59.0,79.2,8.21,62.7,60.27
S06863,99.3,18.8,59.6,79.5,7.69,51.5,67.77
S06864,82.6,10.7,52.3,58.0,6.47,48.2,66.5
S06865,79.9,13.7,49.2,57.5,7.53,15.0,61.08
S06866,90.3,22.2,64.6,73.2,9.07,56.7,63.36
S06867,90.9,35.1,52.7,78.1,7.6,48.2,70.52
S06868,71.9,15.6,54.6,60.9,7.6,60.0,57.78
S06869,74.7,21.2,50.0,57.4,7.89,64.8,63.96
S06870,66.8,14.1,45.7,52.4,8.05,79.8,60.42
S06871,84.1,11.2,52.4,58.4,7.1,35.9,66.17
S06872,86.7,13.3,56.6,63.9,7.92,29.1,54.93
S06873,66.5,3.4,39.1,41.8,6.24,43.5,43.84
S06874,75.4,27.5,45.5,63.0,6.54,40.3,50.25
S06875,66.5,2.4,37.9,48.1,6.69,38.5,45.99
S06876,71.0,16.2,51.1,64.1,8.06,83.9,63.67
S06877,85.5,9.8,54.7,53.6,7.69,58.0,57.65
S06878,72.7,11.8,42.6,61.5,7.34,94.4,60.24
S06879,77.0,27.6,52.8,66.6,8.33,54.9,61.65
S06880,63.7,19.4,50.6,62.1,7.95,31.6,49.5
S06881,81.9,11.2,49.0,68.6,7.15,38.8,51.85
S06882,79.6,13.9,47.8,60.4,6.26,75.5,59.11
S06883,72.7,12.6,29.6,60.1,6.52,32.3,57.35
S06884,78.1,17.7,44.4,47.2,5.74,66.2,48.57
S06885,81.8,19.2,58.6,66.0,7.67,47.9,59.63
S06886,71.9,31.3,47.0,51.2,6.47,36.4,60.12
S06887,65.2,4.6,44.6,53.8,6.91,82.7,69.95
S06888,98.1,17.8,49.7,68.3,7.35,43.2,61.61
S06889,73.7,15.8,43.9,55.2,8.75,38.4,62.41
S06890,79.0,24.6,59.7,81.2,8.61,53.4,69.45
S06891,90.1,20.5,55.4,66.8,7.43,44.8,61.71
S06892,100.0,22.1,61.9,66.7,9.02,99.3,66.08
S06893,67.6,20.4,47.0,57.2,5.09,76.2,53.02
S06894,84.5,11.5,56.3,73.4,9.75,43.2,69.83
S06895,72.9,26.5,51.3,62.6,8.33,45.5,58.68
S06896,74.6,23.6,48.1,66.1,7.62,14.6,60.99
S06897,72.8,24.4,43.0,52.6,6.43,57.7,51.94
S06898,68.7,26.8,52.7,59.5,6.97,40.1,58.09
S06899,79.6,20.9,53.2,68.2,8.23,56.8,55.6
S06900,65.3,28.4,60.0,71.0,8.26,15.7,78.95
S06901,89.5,20.6,40.5,63.1,8.3,54.5,64.79
S06902,80.6,16.5,54.7,60.5,6.63,89.0,58.91
S06903,84.2,18.0,52.2,62.7,6.38,56.1,67.92
S06904,75.3,17.8,50.8,52.1,7.73,39.5,56.61
S06905,76.3,14.4,44.9,59.5,8.42,54.6,60.65
S06906,82.9,29.4,46.6,55.1,7.5,53.7,73.31
S06907,68.4,20.1,59.1,63.0,9.28,98.8,74.7
S06908,76.4,18.7,52.8,56.2,7.54,48.3,52.24
S06909,71.4,20.7,51.7,64.3,7.5,30.9,59.57
S06910,71.1,38.9,57.7,66.0,8.3,55.4,79.12
S06911,58.9,10.1,52.8,65.1,8.96,58.9,49.75
S06912,93.4,12.1,45.9,51.6,5.88,66.2,54.14
S06913,73.1,8.3,41.0,51.3,6.16,70.1,47.77
S06914,91.6,16.4,52.9,67.0,7.12,94.1,67.97
S06915,90.7,19.7,62.1,78.9,10.0,43.1,77.06
S06916,67.1,14.7,54.3,70.3,7.19,41.3,64.64
S06917,69.1,14.2,39.7,44.6,7.35,17.9,49.43
S06918,100.0,19.0,48.9,66.5,8.24,68.2,61.05
S06919,97.5,14.5,51.1,80.2,8.67,37.3,64.94
S06920,79.7,20.2,57.4,62.1,7.7,72.8,57.66
S06921,82.6,25.8,58.9,74.1,8.9,45.2,66.08
S06922,73.7,22.7,37.8,49.7,6.07,89.5,60.18
S06923,84.3,24.2,53.2,58.1,6.58,26.3,52.44
S06924,72.8,25.6,54.6,63.1,8.89,75.5,63.27
S06925,59.7,20.0,50.0,67.3,7.51,73.1,64.54
S06926,66.8,16.9,48.0,49.1,5.99,65.5,56.65
S06927,80.2,12.6,60.8,61.5,5.91,32.7,51.8
S06928,68.7,15.3,37.8,50.9,6.53,65.6,45.95
S06929,79.3,14.3,39.6,62.4,7.5,57.5,66.22
S06930,69.3,23.1,55.7,70.0,8.06,18.4,64.52
S06931,72.2,20.4,55.2,63.0,7.11,86.2,57.26
S06932,88.5,22.9,49.9,51.6,7.96,48.1,62.27
S06933,82.5,9.9,41.1,52.9,6.98,84.6,60.89
S06934,79.9,28.0,61.7,66.8,8.97,53.6,64.9
S06935,88.8,15.0,71.6,84.4,10.0,74.6,68.87
S06936,84.8,10.3,44.5,55.0,7.03,37.8,55.19
S06937,94.5,14.9,57.7,79.3,8.08,59.3,59.9
S06938,75.4,35.4,46.2,66.9,7.98,57.9,64.25
S06939,75.7,15.3,49.3,66.8,7.67,48.5,56.47
S06940,67.0,15.7,49.2,71.1,8.28,37.6,42.8
S06941,75.7,16.7,60.9,62.2,8.07,0.0,59.78
S06942,89.6,17.0,48.7,55.9,6.93,38.1,62.38
S06943,93.0,12.5,63.2,75.0,9.08,69.0,80.58
S06944,89.6,19.0,51.4,71.9,7.74,27.1,67.57
S06945,62.1,25.5,48.2,54.3,7.04,31.2,50.23
S06946,90.8,20.2,76.0,82.3,10.0,26.3,72.41
S06947,61.6,10.2,54.5,63.4,7.36,59.2,65.61
S06948,89.0,15.6,66.7,78.1,7.81,37.1,69.97
S06949,76.3,14.1,52.8,59.7,7.71,79.4,65.87
S06950,87.0,18.4,52.6,67.3,7.34,69.7,60.6
S06951,66.7,27.3,54.3,59.2,8.04,59.0,61.89
S06952,91.7,17.0,55.0,59.0,6.49,61.1,61.06
S06953,65.4,17.4,52.0,67.5,8.22,39.7,64.53
S06954,73.3,30.4,43.4,46.2,5.39,39.7,53.61
S06955,70.0,24.1,41.8,55.9,5.94,69.2,60.28
S06956,62.5,22.0,51.1,61.6,9.69,73.3,63.01
S06957,80.9,31.7,58.5,69.5,5.99,69.0,61.05
S06958,98.1,21.4,58.6,64.5,5.15,45.6,63.74
S06959,100.0,4.1,68.4,76.0,6.02,47.2,68.73
S06960,81.0,23.8,63.0,72.9,9.59,36.4,70.2
S06961,91.2,6.9,40.8,63.2,5.35,70.4,51.64
S06962,82.3,21.2,47.5,62.2,6.35,15.8,66.66
S06963,85.0,6.0,43.7,50.6,5.75,10.9,50.02
S06964,76.6,14.7,58.1,66.5,7.17,14.9,50.01
S06965,82.0,15.5,54.7,65.9,6.98,12.1,56.73
S06966,85.4,12.6,42.2,58.6,6.92,82.1,58.95
S06967,74.2,15.6,55.9,63.8,9.73,70.7,65.25
S06968,79.2,25.2,41.0,62.2,6.06,31.0,61.4
S06969,79.4,13.0,53.6,58.1,7.38,52.9,56.73
S06970,88.3,21.8,52.7,63.9,7.91,84.3,65.49
S06971,69.3,11.2,39.6,54.4,6.32,65.0,50.49
S06972,79.5,16.7,42.0,59.5,8.08,97.3,65.36
S06973,99.1,20.3,61.6,63.1,7.02,52.7,62.84
S06974,91.6,11.0,62.0,65.8,7.95,41.9,62.39
S06975,93.5,8.8,48.7,66.3,7.37,33.4,59.83
S06976,80.2,21.4,44.9,55.5,5.04,55.5,52.77
S06977,83.2,25.9,57.3,71.3,9.07,73.7,73.92
S06978,90.0,17.4,61.1,76.6,9.98,57.0,73.21
S06979,95.6,14.8,50.2,68.9,7.29,47.8,50.44
S06980,60.5,19.1,36.8,50.5,6.42,80.1,51.88
S06981,66.8,18.4,61.9,50.9,9.31,65.6,69.84
S06982,93.1,19.7,47.5,70.6,9.77,52.7,77.26
S06983,77.2,1.0,48.4,54.8,7.3,39.7,53.55
S06984,73.3,10.5,48.7,58.4,7.24,49.9,61.72
S06985,67.5,12.1,56.1,65.5,7.4,64.5,56.6
S06986,74.4,19.1,43.3,49.5,5.49,39.4,55.55
S06987,66.0,19.3,45.0,56.7,7.15,30.3,55.35
S06988,100.0,22.5,60.8,80.8,9.56,45.4,78.92
S06989,79.8,19.8,54.1,63.0,7.3,54.0,72.9
S06990,79.4,8.9,41.1,48.2,6.25,82.3,57.2
S06991,85.9,28.1,52.0,63.0,8.1,31.8,64.36
S06992,89.6,26.9,50.9,66.5,6.7,59.5,75.87
S06993,89.5,9.2,46.3,59.1,7.42,49.4,58.15
S06994,90.7,20.3,45.4,52.2,5.98,50.4,62.12
S06995,73.7,13.8,45.7,52.0,6.26,85.8,52.68
S06996,77.0,19.0,53.0,58.8,8.39,56.6,66.03
S06997,87.7,25.4,60.4,75.1,7.64,36.7,71.61
S06998,74.7,32.9,53.2,56.7,6.57,72.8,71.85
S06999,79.9,23.3,46.9,70.3,7.64,71.3,61.79
S07000,84.0,20.1,39.0,69.6,6.77,35.0,65.05
S07001,87.9,15.6,44.6,57.1,6.56,31.1,41.6
S07002,62.2,19.3,55.9,60.0,8.9,63.2,57.02
S07003,87.1,27.5,64.5,79.6,8.44,54.3,65.79
S07004,77.7,17.7,57.1,70.5,7.47,45.6,64.43
S07005,87.1,11.8,57.8,64.8,7.67,76.1,68.26
S07006,87.8,6.7,57.4,63.6,7.49,43.2,58.04
S07007,96.1,21.6,62.2,72.5,8.08,63.4,79.2
S07008,93.5,19.7,64.6,67.1,6.54,78.5,62.92
S07009,93.5,13.5,59.6,76.5,8.54,48.2,58.71
S07010,94.4,25.2,71.9,79.3,7.92,18.4,77.48
S07011,82.9,15.0,47.4,57.9,7.18,46.9,64.47
S07012,80.3,17.1,46.2,60.5,6.91,58.8,58.94
S07013,88.7,17.9,56.6,68.3,8.51,75.1,78.12
S07014,87.3,15.5,52.8,77.9,7.32,44.6,66.77
S07015,76.9,19.7,47.2,58.4,6.66,89.5,62.1
S07016,84.0,26.1,57.7,71.9,7.04,29.0,63.73
S07017,79.6,10.0,51.7,65.8,8.42,58.3,51.6
S07018,71.5,21.4,41.2,53.0,5.57,50.2,51.91
S07019,92.9,19.2,52.7,69.6,7.07,81.9,75.76
S07020,80.6,19.1,63.8,72.5,8.78,25.5,67.45
S07021,100.0,24.1,61.3,86.9,7.3,63.5,72.13
S07022,63.7,18.3,38.3,53.7,7.83,50.1,48.1
S07023,74.4,21.4,64.5,57.4,8.8,85.6,69.48
S07024,80.3,23.0,59.6,81.1,8.57,38.4,62.46
S07025,91.4,14.5,56.7,64.7,6.97,63.3,64.74
S07026,84.0,20.1,59.1,68.4,7.34,38.2,61.38
S07027,83.1,16.2,61.6,67.6,8.59,58.8,63.95
S07028,68.7,17.1,46.3,57.2,8.63,47.6,61.2
S07029,68.4,15.7,41.2,49.7,7.39,47.3,46.62
S07030,83.2,21.3,68.3,61.9,7.44,15.3,64.1
S07031,66.4,18.6,45.0,54.1,7.82,63.3,47.07
S07032,74.7,20.8,58.6,71.3,9.14,33.4,64.83
S07033,85.0,17.9,67.2,65.7,8.78,32.7,69.31
S07034,70.2,6.8,45.5,59.9,8.33,23.9,56.57
S07035,96.1,18.2,50.9,77.3,6.21,33.9,70.75
S07036,92.2,18.4,60.5,71.7,7.17,65.0,71.05
S07037,64.3,19.7,48.4,50.5,7.23,64.0,53.01
S07038,70.7,13.8,56.1,67.1,9.2,68.3,51.29
S07039,57.1,9.6,41.3,55.0,7.21,34.5,53.46
S07040,72.2,22.4,52.5,72.1,9.0,59.3,62.62
S07041,87.7,16.1,49.8,64.3,6.82,42.7,51.18
S07042,75.9,19.2,56.6,66.5,6.91,74.1,73.64
S07043,84.6,16.0,52.8,70.5,8.08,63.5,63.64
S07044,64.8,18.0,55.7,67.5,9.38,41.9,64.68
S07045,88.0,14.9,46.9,64.6,7.25,75.8,62.53
S07046,74.4,11.2,51.3,51.0,4.42,65.1,50.16
S07047,80.1,21.3,49.5,64.6,5.62,27.3,55.78
S07048,79.1,13.8,53.6,61.3,7.86,21.6,54.28
S07049,67.3,19.1,48.9,68.5,5.73,28.0,68.79
S07050,68.5,20.9,43.5,52.3,6.46,88.0,47.49
S07051,89.7,13.9,60.9,73.4,7.51,34.7,61.39
S07052,84.0,9.6,32.8,43.2,4.56,92.5,42.36
S07053,90.5,35.0,55.5,68.8,7.04,33.7,73.86
S07054,83.2,14.3,42.9,54.6,6.1,31.5,50.75
S07055,81.4,22.4,37.2,48.8,5.7,72.6,52.62
S07056,62.7,31.6,45.1,54.1,6.54,73.5,63.75
S07057,77.3,23.5,48.8,62.2,6.22,66.1,72.37
S07058,79.7,15.9,46.5,60.9,8.06,68.5,55.04
S07059,99.5,17.5,54.7,79.5,8.94,39.0,60.58
S07060,86.9,12.2,51.3,58.7,7.06,71.7,59.34
S07061,95.4,24.2,56.0,73.4,6.78,59.8,73.9
S07062,86.0,22.0,52.0,62.5,7.0,47.7,61.47
S07063,72.9,14.4,37.3,58.0,6.17,56.9,55.92
S07064,81.2,10.7,43.2,59.8,5.95,76.2,51.04
S07065,82.4,8.8,40.0,58.8,5.53,62.8,65.9
S07066,70.6,24.9,47.2,56.6,5.9,11.8,59.07
S07067,76.2,18.8,53.7,74.1,9.46,72.8,64.09
S07068,77.9,19.5,49.2,52.5,6.67,71.3,53.65
S07069,96.1,12.2,36.7,56.4,3.97,47.4,53.21
S07070,59.2,7.8,32.2,46.6,6.8,57.3,48.15
S07071,92.1,24.7,55.4,70.6,5.59,57.3,58.03
S07072,70.6,18.3,54.2,61.7,7.57,15.4,57.63
S07073,66.3,24.4,47.4,54.2,7.44,47.0,62.38
S07074,91.8,15.3,55.2,62.7,7.57,47.7,64.47
S07075,87.3,16.3,50.9,65.0,7.45,51.8,65.43
S07076,92.5,23.0,62.7,70.7,7.05,44.5,77.16
S07077,88.0,23.1,49.6,67.2,5.75,68.3,44.63
S07078,100.0,23.6,56.6,77.5,7.41,38.8,71.66
S07079,85.6,15.9,62.6,71.9,8.72,73.2,53.74
S07080,78.4,22.3,54.9,69.9,9.68,67.3,68.16
S07081,83.4,25.8,55.6,72.8,7.21,82.2,76.54
S07082,92.4,17.3,48.8,64.6,7.34,89.7,63.57
S07083,72.2,14.4,54.4,61.8,8.1,89.8,55.13
S07084,73.5,27.4,63.3,65.4,9.29,31.3,73.08
S07085,76.9,13.4,40.3,60.4,6.92,61.9,55.78
S07086,59.0,22.4,41.0,55.3,8.33,40.6,56.66
S07087,81.4,17.6,51.2,67.5,6.51,100.0,75.54
S07088,61.1,5.1,55.3,51.3,7.9,67.3,41.98
S07089,80.5,25.9,63.5,70.2,8.66,83.3,67.7
S07090,88.7,1.0,43.5,60.8,5.95,63.7,53.41
S07091,75.2,4.1,39.3,54.6,6.87,2.3,53.39
S07092,96.8,21.7,54.4,67.0,8.65,39.3,62.45
S07093,65.4,21.7,55.4,67.7,8.24,41.3,59.29
S07094,91.9,13.5,63.6,67.0,8.74,47.2,65.57
S07095,86.8,19.0,53.7,72.9,8.52,62.2,66.11
S07096,62.8,1.0,39.0,43.9,7.09,65.0,47.66
S07097,100.0,22.9,67.4,88.1,10.0,2.5,76.13
S07098,79.4,19.7,63.8,69.6,7.66,50.3,69.24
S07099,71.2,17.7,38.8,50.2,3.83,45.3,40.69
S07100,65.9,18.1,41.0,54.1,7.16,82.6,56.02
S07101,77.8,21.5,43.9,60.0,6.94,66.8,59.82
S07102,78.7,17.8,49.1,64.5,8.45,51.3,66.68
S07103,81.0,4.9,54.3,64.6,6.96,59.5,70.67
S07104,77.0,33.4,63.0,73.1,8.82,21.3,77.48
S07105,86.3,26.4,56.6,78.0,8.17,68.2,67.36
S07106,76.1,9.0,27.0,44.6,6.3,47.1,49.14
S07107,60.7,15.6,39.9,56.6,7.33,38.9,51.0
S07108,78.5,16.3,50.4,63.3,6.57,81.3,57.6
S07109,56.3,25.6,50.1,64.2,7.72,60.5,56.93
S07110,83.5,2.9,47.7,58.5,6.56,41.7,47.67
S07111,70.2,14.5,40.3,57.2,7.59,42.9,46.65
S07112,81.6,5.7,48.8,61.2,7.17,62.3,46.96
S07113,93.1,16.0,49.0,59.7,7.32,60.8,65.42
S07114,70.5,14.7,55.6,68.6,9.96,55.6,61.05
S07115,90.6,18.6,49.6,81.6,7.07,30.9,65.84
S07116,75.7,13.8,48.9,63.7,5.18,33.9,48.03
S07117,97.5,12.7,61.4,70.2,8.72,40.0,70.04
S07118,76.3,22.3,55.1,58.3,8.71,51.1,59.29
S07119,71.6,21.2,51.7,57.4,5.13,54.2,47.92
S07120,86.9,21.9,50.6,69.9,6.66,51.8,73.18
S07121,75.6,16.8,43.5,59.7,8.02,52.7,59.12
S07122,71.6,14.0,56.6,72.9,8.13,92.6,61.38
S07123,75.2,17.2,51.9,58.2,7.49,72.0,58.39
S07124,79.6,21.5,51.2,65.3,7.52,78.8,61.84
S07125,93.4,2.8,44.1,58.5,6.37,64.3,56.18
S07126,60.7,20.8,41.6,52.3,4.62,56.4,40.61
S07127,80.2,20.2,65.1,78.5,9.96,63.2,61.0
S07128,86.2,18.4,46.0,67.0,6.34,59.5,61.2
S07129,81.9,17.0,56.4,65.7,7.71,71.2,53.01
S07130,93.1,1.0,51.7,69.7,7.31,35.5,44.64
S07131,79.3,14.9,49.2,65.6,8.58,69.5,67.2
S07132,78.2,30.5,55.9,74.7,7.64,58.3,70.68
S07133,85.9,18.1,51.2,73.1,7.68,18.9,63.64
S07134,81.0,15.8,49.7,56.5,4.34,56.7,47.1
S07135,76.1,18.1,44.1,54.1,6.5,28.9,62.44
S07136,85.2,20.5,66.2,74.4,8.39,44.3,75.08
S07137,73.5,22.6,54.7,70.5,8.29,51.8,56.65
S07138,73.9,16.4,35.9,45.3,6.36,24.9,48.44
S07139,74.7,21.0,32.7,48.9,5.61,53.9,49.24
S07140,93.5,29.7,59.0,77.0,7.65,56.4,73.15
S07141,47.8,25.0,42.2,31.9,4.01,70.1,51.54
S07142,84.0,34.4,61.6,64.6,6.12,45.9,66.5
S07143,80.3,13.4,58.1,66.5,9.61,60.5,70.29
S07144,63.2,29.7,51.5,64.2,9.23,53.1,55.12
S07145,83.1,12.5,50.6,62.5,8.08,46.6,55.54
S07146,84.8,20.5,56.6,66.9,7.87,21.6,61.23
S07147,85.9,23.1,55.0,56.6,5.16,52.8,56.9
S07148,53.5,14.4,43.8,58.8,6.61,69.9,51.19
S07149,93.7,18.6,61.1,67.9,7.15,36.3,66.31
S07150,72.6,24.4,53.1,52.2,6.64,50.6,60.3
S07151,86.9,13.0,57.0,71.6,7.08,53.6,67.49
S07152,87.4,29.7,49.1,66.7,9.06,77.0,75.67
S07153,71.2,8.3,39.1,46.5,6.85,55.6,39.11
S07154,86.6,31.6,50.4,70.8,7.09,60.8,70.17
S07155,76.1,25.0,48.6,62.0,8.39,54.8,60.12
S07156,59.3,17.4,40.6,50.3,5.8,45.2,53.64
S07157,91.7,15.2,43.0,57.9,6.49,32.3,64.39
S07158,72.2,14.5,40.4,51.9,6.61,49.3,56.77
S07159,71.5,17.0,48.8,54.9,7.57,62.9,68.55
S07160,76.0,17.7,39.9,50.8,7.09,57.5,59.2
S07161,82.7,26.8,51.6,83.0,7.12,84.6,76.28
S07162,79.4,31.8,57.7,63.2,6.7,73.9,63.17
S07163,85.5,19.4,43.0,52.3,6.22,79.8,57.93
S07164,66.6,12.1,53.2,66.1,8.23,14.4,59.75
S07165,72.6,14.2,42.6,57.5,7.09,86.6,57.55
S07166,78.8,16.7,55.2,66.0,8.24,60.3,57.35
S07167,99.0,10.8,44.9,59.9,6.17,63.2,52.43
S07168,78.9,9.7,49.5,57.0,6.7,72.9,44.24
S07169,90.9,32.7,57.3,70.4,7.23,55.4,74.1
S07170,80.4,20.1,55.2,71.0,7.35,33.6,56.79
S07171,75.2,12.2,48.3,60.1,8.41,83.9,62.96
S07172,77.5,23.7,54.9,70.2,6.98,39.6,67.87
S07173,78.3,9.8,56.8,64.9,8.4,35.3,60.03
S07174,86.0,10.3,53.6,64.4,7.95,50.3,62.21
S07175,93.7,12.4,51.2,61.0,7.37,47.3,66.23
S07176,83.6,29.6,52.0,75.9,6.36,55.1,74.62
S07177,91.9,16.2,50.2,68.2,8.41,53.0,51.15
S07178,70.4,1.0,41.8,50.8,6.39,81.9,50.95
S07179,75.9,26.5,57.2,75.7,7.47,64.2,70.86
S07180,72.8,15.9,58.5,65.7,7.44,37.8,61.25
S07181,83.1,5.1,56.1,65.7,7.25,40.6,58.97
S07182,76.4,15.8,43.1,58.0,7.03,47.2,53.53
S07183,87.3,21.6,53.7,61.7,6.51,47.3,47.91
S07184,70.7,20.8,43.6,60.5,5.56,44.7,51.14
S07185,80.4,30.6,68.5,69.6,9.18,33.0,61.76
S07186,86.9,12.0,46.3,56.2,6.91,60.8,46.71
S07187,59.3,18.3,50.8,53.0,7.35,45.9,60.51
S07188,100.0,13.1,50.2,68.9,7.34,36.0,59.18
S07189,77.2,7.2,51.2,62.8,8.81,64.7,59.5
S07190,59.7,24.2,49.6,53.5,9.82,72.0,61.67
S07191,81.6,21.2,42.4,73.1,7.69,50.1,70.93
S07192,80.3,20.0,46.8,65.7,7.31,90.6,63.4
S07193,79.2,21.0,47.2,57.1,6.15,99.3,56.64
S07194,89.9,13.2,56.9,66.4,5.77,64.9,69.3
S07195,87.5,11.0,39.2,57.4,5.37,45.6,49.03
S07196,83.0,18.3,46.6,59.0,6.54,60.4,61.17
S07197,84.5,26.1,39.8,59.0,4.99,30.5,60.28
S07198,79.0,29.3,66.1,76.2,8.79,37.6,64.88
S07199,97.8,23.6,57.9,79.2,8.01,21.3,76.05
S07200,65.2,18.2,44.8,56.3,7.2,42.4,62.39
S07201,81.4,19.9,55.0,70.1,8.83,30.3,58.11
S07202,80.7,18.1,36.8,54.3,6.21,67.5,55.25
S07203,88.1,10.8,40.6,55.9,6.52,40.0,61.55
S07204,71.6,18.2,36.9,46.8,5.18,60.5,40.18
S07205,62.6,8.7,50.4,53.7,8.43,70.0,57.1
S07206,81.6,17.1,34.4,52.8,6.53,78.4,47.58
S07207,82.8,29.5,59.8,69.2,7.52,47.9,67.21
S07208,94.9,23.8,64.0,81.8,8.7,61.2,73.55
S07209,67.3,11.5,40.3,55.3,9.15,61.9,47.45
S07210,91.5,17.5,53.4,66.0,7.47,80.4,59.72
S07211,100.0,12.2,64.6,73.0,7.96,70.7,67.98
S07212,76.2,17.6,41.2,55.8,6.42,81.1,64.38
S07213,67.1,25.3,53.2,74.6,9.52,21.7,68.47
S07214,75.9,22.6,68.3,67.8,7.3,41.7,55.63
S07215,80.1,35.4,59.8,73.8,7.6,75.6,76.45
S07216,85.6,26.3,53.4,68.7,7.01,66.6,67.34
S07217,74.1,19.4,52.2,65.6,8.94,52.5,59.26
S07218,95.6,22.7,61.2,68.9,7.74,45.5,66.5
S07219,68.9,16.6,55.2,65.9,8.41,70.8,64.49
S07220,62.6,10.1,32.8,40.4,7.92,15.4,34.86
S07221,91.1,27.1,44.1,60.3,7.24,70.8,61.67
S07222,57.3,25.1,44.8,55.2,8.62,56.8,51.49
S07223,78.0,16.3,51.3,62.2,7.91,45.2,54.88
S07224,100.0,19.9,55.7,69.8,6.35,65.0,68.7
S07225,79.9,26.7,41.0,65.9,6.31,47.3,61.33
S07226,68.8,23.9,49.9,64.4,7.68,55.6,65.58
S07227,79.4,7.8,51.6,64.2,8.59,54.1,44.56
S07228,79.5,19.7,53.3,66.8,9.47,69.9,64.75
S07229,81.6,16.8,42.6,54.4,5.37,58.2,53.52
S07230,86.6,25.8,52.2,62.0,7.53,16.8,53.94
S07231,69.6,25.2,55.8,54.4,8.09,27.2,56.53
S07232,96.9,27.2,61.1,68.9,7.85,33.3,70.81
S07233,82.5,10.2,47.2,69.1,8.71,64.1,62.48
S07234,87.3,12.5,60.7,66.2,8.29,66.1,66.22
S07235,73.7,25.8,40.9,54.2,6.32,88.4,47.3
S07236,92.9,13.9,40.7,64.9,6.28,34.7,53.24
S07237,77.4,7.3,47.7,46.5,7.87,81.2,44.27
S07238,82.8,21.7,56.2,66.6,8.69,16.2,64.57
S07239,70.7,14.2,49.1,53.8,7.67,55.4,52.7
S07240,70.0,30.5,40.2,56.6,5.61,59.9,54.59
S07241,86.9,20.1,56.4,68.4,6.24,59.8,82.61
S07242,75.6,19.1,63.9,72.0,8.33,48.8,59.42
S07243,71.5,15.4,47.3,65.5,7.08,57.4,57.11
S07244,73.6,29.1,56.0,69.0,7.64,30.3,68.5
S07245,87.0,20.5,46.1,67.9,8.78,72.3,68.25
S07246,73.7,15.1,42.4,66.7,6.06,60.0,58.85
S07247,78.8,12.4,44.4,47.5,7.0,62.2,55.42
S07248,80.2,17.5,45.0,70.7,6.87,49.4,57.72
S07249,60.8,11.2,41.6,61.9,7.93,48.4,52.19
S07250,65.3,25.2,49.4,61.0,8.43,65.5,58.32
S07251,83.4,5.3,35.1,48.2,5.72,86.8,44.17
S07252,72.6,17.0,46.6,55.9,7.49,27.1,47.29
S07253,90.6,22.3,53.5,69.2,8.54,26.1,71.38
S07254,89.7,20.4,53.8,69.5,5.27,60.3,69.2
S07255,87.2,13.0,54.4,53.3,7.42,48.4,54.79
S07256,98.2,22.6,56.6,79.3,6.04,57.5,68.34
S07257,79.2,11.8,53.5,61.2,6.73,54.5,66.44
S07258,86.5,17.8,40.0,60.8,4.49,67.4,62.24
S07259,74.2,22.6,58.4,62.8,9.17,49.3,70.67
S07260,100.0,21.2,64.2,78.2,7.07,30.8,71.69
S07261,99.8,13.3,48.3,67.2,6.53,39.2,56.96
S07262,80.1,26.4,43.8,66.0,7.89,51.8,61.04
S07263,83.9,18.6,45.6,56.6,6.25,29.9,57.74
S07264,93.6,23.2,59.4,67.4,6.14,54.3,68.94
S07265,78.5,28.7,54.7,64.3,9.31,56.2,63.22
S07266,73.4,25.8,56.3,73.4,9.67,47.8,76.48
S07267,88.7,25.8,50.4,72.8,6.79,59.2,75.45
S07268,80.8,19.3,55.5,69.7,8.78,22.7,68.86
S07269,81.8,23.6,49.4,52.0,7.93,35.9,69.82
S07270,71.7,19.5,36.1,58.6,5.8,32.1,56.08
S07271,62.8,9.5,38.3,49.7,6.39,72.6,49.25
S07272,82.4,20.1,57.4,57.6,9.36,100.0,67.77
S07273,89.0,19.8,56.9,56.9,5.79,37.4,58.03
S07274,77.7,22.1,60.6,67.2,10.0,50.3,68.41
S07275,94.4,17.1,47.0,64.6,6.81,41.1,54.83
S07276,73.0,12.7,49.6,58.2,9.4,59.4,58.36
S07277,69.5,22.6,53.5,57.1,7.13,42.8,51.89
S07278,79.3,8.8,49.4,67.0,8.46,60.7,53.97
S07279,79.2,28.2,53.5,75.7,9.17,68.3,78.76
S07280,87.7,16.4,59.4,76.8,9.17,30.5,74.43
S07281,72.3,19.7,43.5,48.9,6.8,60.4,49.88
S07282,93.7,21.9,57.2,73.5,6.47,19.1,70.5
S07283,99.7,22.1,61.2,71.7,7.4,49.9,66.41
S07284,79.6,8.1,37.3,62.3,5.94,48.5,46.82
S07285,92.5,23.8,69.2,77.6,7.79,50.4,80.98
S07286,69.4,20.1,45.9,62.8,6.52,48.8,50.21
S07287,90.8,13.6,41.9,67.4,8.8,45.1,50.75
S07288,90.5,12.8,53.8,67.3,6.82,49.7,56.71
S07289,88.6,15.7,32.1,51.9,5.41,59.8,48.98
S07290,79.8,8.9,60.5,74.5,9.18,60.3,61.49
S07291,50.5,30.1,48.0,61.1,7.72,57.3,49.39
S07292,73.6,28.4,52.6,62.9,7.53,43.5,66.03
S07293,73.7,21.2,54.6,64.1,8.81,76.6,76.33
S07294,70.2,16.4,54.8,60.2,8.55,85.5,63.25
S07295,81.2,16.6,45.9,63.7,6.59,29.2,55.56
S07296,75.8,23.3,50.3,63.1,6.96,58.3,65.57
S07297,71.8,30.3,49.6,61.9,6.16,45.6,62.1
S07298,69.4,14.0,24.6,43.5,5.74,73.5,46.36
S07299,72.8,10.2,52.7,68.9,8.19,54.7,57.93
S07300,91.2,28.8,64.3,68.0,7.97,56.1,73.58
S07301,73.4,5.5,51.2,64.4,8.41,64.9,53.64
S07302,74.9,10.9,54.8,69.8,9.04,49.0,50.98
S07303,75.4,16.3,62.0,66.3,8.43,88.5,76.16
S07304,83.4,7.1,52.1,57.2,8.54,65.2,60.92
S07305,84.6,25.8,47.8,62.2,5.01,73.6,57.36
S07306,49.6,24.0,39.3,56.2,7.13,50.6,55.0
S07307,90.2,14.0,45.4,74.5,8.66,52.5,57.07
S07308,94.4,27.0,57.2,72.7,6.1,71.2,71.83
S07309,69.5,28.1,48.7,58.7,7.61,69.2,67.22
S07310,70.3,17.2,38.7,60.1,8.12,30.0,61.36
S07311,75.5,14.8,50.4,64.7,8.03,57.6,63.05
S07312,72.4,33.8,55.0,68.7,7.94,64.5,68.25
S07313,82.2,23.0,54.6,63.7,8.22,52.4,71.44
S07314,60.5,19.8,47.8,60.1,7.72,62.6,53.87
S07315,68.8,27.5,36.6,55.2,5.74,53.2,57.44
S07316,95.4,20.1,64.6,87.3,8.11,10.1,66.69
S07317,70.7,14.5,51.3,61.1,7.84,28.8,57.63
S07318,92.4,18.6,57.7,74.9,5.76,74.5,74.6
S07319,83.6,25.3,56.6,78.6,9.16,50.1,75.84
S07320,61.9,4.1,46.3,54.5,8.14,58.8,55.04
S07321,86.4,16.0,36.7,62.0,5.84,54.9,62.31
S07322,78.8,27.7,46.3,57.4,6.52,38.5,60.1
S07323,75.4,14.4,38.8,54.1,6.82,45.7,47.36
S07324,82.4,28.8,55.2,64.2,6.82,61.6,55.37
S07325,84.7,27.9,50.5,66.7,7.85,63.6,61.26
S07326,87.1,17.5,47.4,51.6,6.33,98.8,60.16
S07327,91.8,14.0,57.9,80.5,8.85,45.4,55.63
S07328,84.1,16.0,53.5,66.2,8.75,88.4,66.47
S07329,66.2,36.7,47.6,67.5,8.24,37.8,69.77
S07330,75.3,31.1,64.3,71.5,7.55,64.8,61.23
S07331,100.0,18.9,61.9,74.9,8.62,58.6,76.89
S07332,87.2,13.7,61.4,61.7,7.17,52.5,59.03
S07333,100.0,18.8,49.0,62.5,6.63,54.9,53.55
S07334,94.0,19.7,58.3,72.6,8.93,42.5,59.1
S07335,82.4,9.3,51.3,60.7,7.88,73.1,58.15
S07336,83.0,18.6,59.4,61.3,6.68,38.1,61.42
S07337,79.6,27.3,62.7,65.6,7.0,61.4,67.19
S07338,62.6,5.4,37.2,50.4,6.62,70.1,52.1
S07339,80.2,23.8,56.3,76.1,9.93,82.7,72.5
S07340,92.1,27.6,58.2,66.2,7.5,74.4,67.08
S07341,74.0,14.1,56.3,58.8,7.69,66.4,57.03
S07342,84.1,29.9,59.9,73.6,8.37,42.2,77.96
S07343,88.5,13.2,50.2,60.8,6.04,39.3,50.06
S07344,70.9,21.1,60.9,66.1,8.82,32.2,64.75
S07345,75.5,15.9,53.6,65.7,6.77,30.3,58.91
S07346,69.8,15.9,60.9,69.1,9.7,55.0,70.44
S07347,71.8,13.7,50.9,51.1,7.12,40.5,54.21
S07348,67.1,22.9,61.6,63.4,8.75,79.0,59.92
S07349,71.0,23.9,35.0,41.3,4.5,43.4,50.18
S07350,94.2,17.5,65.5,69.6,6.09,56.9,69.96
S07351,70.8,8.5,51.7,51.5,7.15,49.7,52.62
S07352,81.3,20.8,45.1,48.4,5.06,26.9,59.72
S07353,75.0,21.0,60.3,57.4,8.22,76.8,56.19
S07354,91.8,16.5,54.2,78.6,7.88,68.9,66.55
S07355,93.1,31.1,59.4,64.4,6.31,71.2,70.25
S07356,88.6,7.1,54.8,63.5,7.48,66.9,63.71
S07357,83.1,2.5,56.3,65.2,8.47,39.8,62.1
S07358,77.7,12.9,39.5,52.5,4.98,40.2,49.28
S07359,68.1,23.0,50.8,60.9,5.97,64.0,56.16
S07360,99.4,10.6,51.8,66.8,7.1,85.9,64.39
S07361,72.4,11.1,52.2,57.8,7.53,62.7,49.01
S07362,86.6,24.7,55.8,69.8,7.43,74.6,65.35
S07363,90.6,21.2,48.5,69.5,8.57,44.5,69.66
S07364,74.4,20.6,48.6,62.7,8.07,77.0,64.4
S07365,90.4,23.5,64.5,78.0,8.34,46.6,67.87
S07366,87.6,15.0,46.6,56.8,5.83,59.8,51.95
S07367,97.3,15.3,64.3,72.6,7.67,47.7,62.76
S07368,75.3,23.7,44.1,53.1,7.13,72.8,54.97
S07369,67.1,8.6,54.8,61.2,9.25,73.1,58.86
S07370,74.9,3.0,46.3,53.9,7.71,25.5,56.4
S07371,82.1,15.0,47.9,65.8,6.7,81.5,67.86
S07372,80.6,24.5,50.3,59.5,8.52,100.0,61.22
S07373,76.1,19.8,54.8,63.1,8.18,47.9,64.22
S07374,60.9,24.0,39.2,49.7,6.51,52.5,54.72
S07375,84.7,3.9,44.0,61.4,7.08,79.8,55.64
S07376,99.7,20.2,56.7,64.9,7.1,56.3,60.85
S07377,84.6,22.6,57.1,71.2,8.97,54.9,64.39
S07378,86.1,8.5,57.9,66.8,7.74,92.9,64.28
S07379,85.7,24.0,42.8,69.5,8.37,27.9,61.93
S07380,84.0,17.2,50.2,58.6,6.91,39.2,59.08
S07381,89.3,39.5,60.6,69.1,7.9,63.4,70.3
S07382,84.0,2.8,53.2,67.6,9.06,22.6,53.96
S07383,76.9,27.6,49.6,56.2,7.07,47.5,53.76
S07384,72.0,15.2,55.4,59.8,7.64,47.4,59.64
S07385,77.5,6.7,41.4,51.8,5.86,74.2,47.53
S07386,83.1,14.3,49.9,64.3,6.58,68.9,60.75
S07387,76.8,19.9,55.9,56.3,7.1,21.3,56.19
S07388,83.1,25.3,51.8,62.2,6.23,41.1,63.48
S07389,84.4,30.1,54.3,72.0,9.09,41.2,82.02
S07390,88.3,28.0,52.1,62.2,6.49,50.7,62.09
S07391,92.8,11.2,55.9,67.8,8.44,33.0,65.58
S07392,80.8,25.9,45.6,68.1,7.72,64.0,61.25
S07393,66.9,20.7,44.9,55.2,7.54,41.1,55.18
S07394,76.5,13.4,54.6,64.5,9.28,66.8,65.2
S07395,80.4,16.5,55.7,64.1,4.79,54.9,59.02
S07396,61.6,13.0,46.6,53.5,7.26,35.5,54.94
S07397,93.9,18.3,53.4,72.7,6.2,82.8,71.29
S07398,81.4,12.9,54.0,51.0,5.15,83.4,58.9
S07399,83.8,10.8,50.2,58.4,6.07,60.8,60.95
S07400,93.7,21.4,61.7,76.4,7.52,50.2,70.91
S07401,73.7,22.4,46.5,55.4,6.63,33.9,52.34
S07402,85.7,16.7,49.0,65.0,8.58,76.4,68.87
S07403,78.9,27.6,55.5,72.8,7.24,71.5,65.86
S07404,78.2,16.2,60.7,61.7,7.11,38.7,64.07
S07405,72.3,15.9,57.0,64.7,7.12,41.3,51.07
S07406,96.7,22.6,62.1,77.4,7.38,64.1,69.43
S07407,76.2,17.1,45.1,59.1,7.0,31.5,51.59
S07408,87.0,18.6,42.0,60.2,6.48,42.5,60.3
S07409,61.2,1.0,39.8,46.8,8.69,34.2,41.29
S07410,91.8,18.1,54.7,70.6,6.75,34.8,63.26
S07411,90.5,5.2,47.1,55.0,7.04,40.6,52.54
S07412,81.0,9.5,57.3,67.3,8.02,73.1,67.15
S07413,77.7,8.7,40.7,54.7,7.88,19.9,54.12
S07414,84.0,10.7,47.0,57.3,6.43,63.7,56.98
S07415,100.0,14.2,55.0,71.0,8.41,60.2,67.23
S07416,62.4,14.6,53.6,62.2,8.15,74.4,53.46
S07417,87.8,22.6,59.8,78.5,7.71,60.1,64.61
S07418,70.9,19.6,43.3,57.5,6.98,47.4,57.53
S07419,79.8,4.7,51.6,56.0,7.01,38.7,43.53
S07420,77.5,18.6,41.1,51.1,7.26,74.8,56.61
S07421,75.7,20.2,36.4,59.6,6.02,64.9,56.25
S07422,79.9,15.7,45.9,61.6,7.45,45.1,49.43
S07423,68.7,17.6,39.9,56.4,8.57,73.2,56.98
S07424,90.3,19.3,58.1,72.0,8.55,46.1,67.84
S07425,62.1,23.4,46.5,60.3,7.04,55.0,69.95
S07426,85.4,7.0,51.7,63.3,8.78,42.9,58.55
S07427,76.7,16.3,60.7,67.2,9.79,65.7,71.37
S07428,68.3,28.6,46.4,53.1,7.12,35.1,61.36
S07429,82.0,27.9,50.5,62.3,8.33,49.0,67.86
S07430,64.4,24.0,36.4,47.0,4.78,41.9,54.46
S07431,80.4,21.8,41.5,62.9,5.99,60.3,49.98
S07432,65.8,29.6,48.1,58.2,7.61,62.8,61.58
S07433,84.6,31.4,57.6,69.3,6.29,32.9,69.04
S07434,70.8,17.1,45.8,68.9,9.95,63.1,57.0
S07435,75.5,11.2,48.8,63.0,8.22,25.5,55.75
S07436,82.9,16.1,61.6,80.3,8.66,98.8,70.62
S07437,72.3,39.7,62.9,70.9,7.47,44.8,71.27
S07438,79.4,7.0,40.8,53.5,6.3,76.0,45.78
S07439,64.9,14.7,57.9,57.8,6.88,59.0,51.39
S07440,86.3,8.1,45.5,71.5,7.81,59.8,57.04
S07441,97.6,18.9,54.0,74.7,6.73,31.7,67.64
S07442,100.0,9.6,50.9,61.8,8.31,71.9,63.41
S07443,80.9,17.2,57.3,78.3,8.35,56.0,67.48
S07444,87.9,4.3,67.0,71.7,7.51,64.4,60.34
S07445,62.2,22.3,52.6,55.9,5.31,53.2,49.64
S07446,95.0,26.6,70.5,84.3,9.56,57.6,77.15
S07447,87.8,15.3,49.2,59.1,7.24,37.3,53.75
S07448,75.2,17.1,56.8,70.1,10.0,51.9,47.42
S07449,92.4,16.9,64.5,72.3,8.28,46.6,68.0
S07450,77.5,19.3,55.5,62.4,7.25,40.9,58.98
S07451,75.4,17.7,52.8,68.5,8.04,57.7,69.58
S07452,84.8,23.4,48.8,59.0,5.08,62.3,63.75
S07453,69.4,26.6,61.6,69.3,8.73,60.0,70.86
S07454,90.2,12.3,68.7,78.9,10.0,53.0,64.69
S07455,69.4,15.8,31.7,51.7,4.99,63.2,54.39
S07456,69.5,24.3,51.2,67.4,7.16,59.8,63.01
S07457,70.9,8.0,49.4,57.6,7.37,57.0,50.92
S07458,87.6,4.2,50.0,62.4,8.55,58.3,52.93
S07459,73.8,19.6,65.9,82.4,10.0,78.7,68.13
S07460,66.5,21.5,48.8,47.3,7.96,30.9,54.0
S07461,73.9,12.9,64.1,75.0,10.0,48.6,59.63
S07462,79.7,13.9,49.1,61.4,7.7,61.8,59.11
S07463,68.2,12.7,50.1,62.2,8.04,23.3,53.98
S07464,68.5,11.9,49.4,58.9,7.89,82.7,60.75
S07465,100.0,22.9,74.0,89.0,8.96,60.1,78.31
S07466,71.4,9.7,49.9,59.6,6.99,74.1,43.77
S07467,76.8,16.1,50.8,56.8,8.48,77.4,58.77
S07468,76.3,11.7,43.0,47.4,6.02,63.2,43.94
S07469,75.8,7.8,45.0,55.7,7.16,10.3,46.44
S07470,86.2,24.1,53.7,69.2,6.74,58.0,59.86
S07471,89.5,14.4,48.5,71.2,7.61,59.2,75.12
S07472,76.9,19.3,50.0,58.3,7.12,33.3,55.92
S07473,67.6,7.4,57.4,51.6,8.86,19.2,57.18
S07474,92.7,12.8,59.1,69.4,6.45,64.2,60.97
S07475,79.0,23.3,37.8,55.1,5.42,30.0,53.02
S07476,97.3,36.1,47.7,68.8,5.87,96.2,69.57
S07477,57.5,4.2,41.1,46.5,8.69,60.3,42.75
S07478,82.0,16.6,38.1,62.1,6.34,82.0,53.37
S07479,99.2,20.9,52.6,67.3,7.98,55.6,70.1
S07480,76.5,13.7,50.7,62.1,7.15,70.0,57.81
S07481,77.7,23.9,56.0,69.4,8.49,56.1,74.79
S07482,83.0,11.9,39.9,60.7,7.22,75.1,55.29
S07483,74.4,19.1,65.3,69.0,10.0,14.2,64.26
S07484,76.9,14.3,54.3,62.9,9.78,72.8,63.75
S07485,76.6,26.5,49.5,67.2,7.12,68.4,68.19
S07486,73.7,13.3,53.2,63.0,6.96,51.9,57.62
S07487,92.3,15.5,65.0,78.8,10.0,46.8,79.54
S07488,84.6,24.6,51.4,69.5,6.21,49.0,79.26
S07489,82.5,10.8,47.4,62.7,7.43,60.7,62.43
S07490,88.1,18.5,58.2,67.0,7.53,79.3,68.38
S07491,77.4,5.2,44.7,59.8,7.5,44.3,40.17
S07492,72.3,10.4,39.8,53.0,5.41,21.0,55.1
S07493,74.0,20.7,45.9,63.7,8.1,100.0,70.4
S07494,80.0,11.1,53.3,56.0,6.34,68.4,64.92
S07495,69.4,14.2,62.2,62.4,9.22,47.2,66.09
S07496,75.0,21.5,47.7,62.3,5.75,78.8,53.4
S07497,74.8,13.9,46.6,58.6,7.57,73.7,51.45
S07498,100.0,23.8,57.5,58.3,4.84,64.8,57.68
S07499,52.3,19.5,40.0,39.0,4.91,45.5,45.05
S07500,78.2,21.0,46.8,53.3,6.49,68.3,53.96
S07501,97.3,26.7,64.4,79.5,6.66,76.8,79.08
S07502,81.2,20.2,55.9,69.5,9.26,20.6,61.8
S07503,87.5,28.8,49.8,67.7,7.45,59.5,66.0
S07504,81.0,24.4,58.6,69.5,9.05,61.0,70.88
S07505,73.3,14.3,54.1,55.6,7.04,60.3,53.69
S07506,57.6,27.1,51.0,63.9,8.23,55.9,56.21
S07507,82.1,19.8,43.6,63.0,6.63,78.7,49.56
S07508,72.2,15.2,43.6,52.1,6.55,50.8,58.31
S07509,72.0,19.9,50.9,64.0,5.31,54.9,51.45
S07510,75.0,25.8,55.9,70.1,7.9,61.3,64.28
S07511,97.4,21.2,59.2,69.0,7.81,51.4,66.6
S07512,100.0,30.8,64.1,77.9,8.43,27.3,63.71
S07513,82.2,25.6,62.4,69.0,7.76,59.3,70.4
S07514,75.4,21.7,65.2,74.9,9.93,59.5,79.03
S07515,68.2,10.8,38.6,46.6,7.71,47.7,55.19
S07516,84.7,16.7,62.3,67.9,8.69,52.4,63.82
S07517,97.8,18.5,59.5,75.5,7.11,0.0,71.78
S07518,77.5,22.9,59.2,56.9,6.41,79.2,52.05
S07519,56.2,22.5,48.5,57.0,8.36,73.0,63.51
S07520,86.7,19.2,61.0,63.3,7.39,28.2,58.84
S07521,89.9,18.8,61.1,77.2,8.5,41.5,74.63
S07522,64.1,23.0,43.5,59.3,7.92,84.0,59.93
S07523,81.8,12.0,54.0,54.6,6.55,31.9,47.59
S07524,84.5,29.9,65.9,70.7,8.79,64.6,75.39
S07525,79.3,3.7,40.4,53.7,6.45,45.2,48.25
S07526,72.1,28.2,56.9,55.6,8.25,63.2,66.41
S07527,90.2,17.7,72.3,72.5,9.04,56.0,66.39
S07528,76.0,25.0,48.8,57.8,7.04,49.3,53.63
S07529,65.1,20.5,57.0,71.1,8.89,62.8,67.92
S07530,59.5,20.4,41.6,52.1,7.98,45.1,53.53
S07531,92.6,21.9,56.7,75.7,8.52,19.3,71.91
S07532,86.2,23.7,57.6,64.8,6.5,36.4,67.11
S07533,80.9,15.7,54.0,68.6,7.76,34.0,65.25
S07534,75.6,25.2,46.8,50.9,5.81,22.9,65.43
S07535,74.7,10.4,64.5,66.0,9.55,62.4,64.32
S07536,69.2,18.0,36.1,48.8,5.08,51.5,43.03
S07537,75.7,23.9,50.5,63.2,7.07,62.1,57.55
S07538,58.8,25.0,47.5,56.6,6.38,65.4,54.77
S07539,72.6,21.2,48.1,63.3,8.31,70.1,63.48
S07540,76.9,15.2,60.3,72.7,9.81,63.1,74.9
S07541,86.1,24.3,64.7,73.6,8.29,35.4,69.03
S07542,79.6,13.3,57.3,70.6,10.0,66.6,75.84
S07543,87.9,30.3,49.2,59.4,5.85,59.4,75.12
S07544,93.5,17.4,49.4,55.5,5.94,98.8,63.84
S07545,90.6,7.2,32.6,49.1,6.43,55.2,53.85
S07546,84.7,9.6,57.4,57.4,7.65,62.7,56.02
S07547,80.1,18.3,50.1,61.8,6.27,53.1,68.69
S07548,70.2,19.0,45.7,61.4,6.6,56.0,52.77
S07549,87.4,31.8,50.8,65.4,8.24,54.6,77.16
S07550,96.8,10.7,57.1,71.3,6.01,46.3,54.95
S07551,83.4,18.3,46.5,62.2,6.14,58.5,62.53
S07552,99.2,10.6,57.5,66.4,7.02,67.4,69.91
S07553,64.7,14.6,45.3,53.3,7.13,46.6,57.62
S07554,68.5,29.8,46.3,68.7,8.71,71.7,63.76
S07555,88.6,10.0,56.6,52.6,6.42,69.3,55.49
S07556,82.6,22.1,58.0,71.8,6.64,37.4,73.37
S07557,93.1,20.8,63.6,78.9,8.2,35.7,67.39
S07558,79.8,17.8,56.8,64.6,8.46,64.0,61.23
S07559,71.3,21.6,48.6,63.6,9.21,43.2,71.33
S07560,77.9,9.9,55.8,72.1,8.06,34.1,58.98
S07561,64.7,29.6,64.8,60.7,7.66,89.3,66.8
S07562,68.7,31.5,55.7,65.3,8.19,35.7,77.04
S07563,89.7,18.3,55.0,70.6,7.18,24.5,59.32
S07564,88.7,35.0,52.4,70.7,7.17,39.3,66.24
S07565,83.6,15.2,33.5,52.9,5.37,59.6,52.88
S07566,62.8,20.8,48.9,69.2,8.57,56.5,61.3
S07567,76.4,28.0,63.8,64.6,7.75,92.7,65.02
S07568,67.8,14.8,58.3,58.5,8.43,39.6,62.94
S07569,91.8,8.3,42.1,41.9,4.12,59.7,48.11
S07570,74.2,6.7,49.3,52.9,7.44,77.6,53.69
S07571,69.1,32.4,42.9,54.7,6.47,41.8,59.55
S07572,80.3,14.3,57.1,70.3,9.3,69.1,59.03
S07573,73.6,16.7,48.8,66.6,8.24,18.4,53.6
S07574,94.8,10.2,55.3,63.6,7.78,90.2,53.97
S07575,72.7,24.6,48.8,60.0,6.98,74.9,68.29
S07576,66.0,12.5,45.9,63.9,7.98,41.4,54.76
S07577,58.5,14.6,47.2,51.5,6.39,71.6,57.03
S07578,79.7,20.1,64.1,71.4,7.38,81.3,64.39
S07579,74.4,10.6,45.0,61.9,6.81,29.2,59.5
S07580,65.7,16.7,63.4,64.2,10.0,43.0,53.56
S07581,91.9,27.8,56.6,69.2,9.26,81.9,79.73
S07582,86.7,21.0,58.3,79.6,8.78,56.3,69.77
S07583,79.7,18.9,39.2,58.1,5.71,63.7,47.24
S07584,93.6,19.5,57.9,66.0,8.54,56.4,50.87
S07585,86.6,15.3,58.2,62.8,7.73,72.8,66.56
S07586,71.8,32.0,65.1,71.6,8.97,65.3,78.56
S07587,69.6,12.3,43.7,63.8,7.89,57.1,55.96
S07588,88.2,19.5,57.7,73.8,7.49,13.0,68.1
S07589,84.0,18.8,61.8,75.0,7.78,67.8,70.24
S07590,81.7,25.1,54.8,60.5,5.33,69.6,62.36
S07591,71.5,25.7,50.8,60.6,6.58,30.2,65.14
S07592,86.1,17.8,51.7,62.3,7.95,31.6,52.55
S07593,72.4,20.0,50.4,62.0,8.87,65.4,63.04
S07594,79.0,20.3,45.5,54.5,6.84,58.9,62.1
S07595,94.5,2.1,51.2,59.8,7.45,15.5,51.29
S07596,73.4,6.9,36.0,45.5,5.58,38.6,45.85
S07597,64.3,13.8,55.4,62.3,9.25,61.3,52.38
S07598,69.5,14.1,53.1,65.0,8.84,68.5,60.9
S07599,89.9,9.6,55.9,76.4,8.28,43.3,58.98
S07600,82.5,23.2,44.9,62.0,7.99,52.1,59.72
S07601,78.7,18.0,57.5,72.3,9.36,37.4,69.04
S07602,74.9,16.5,44.5,56.1,6.53,81.5,45.73
S07603,84.9,9.2,60.5,69.3,6.4,58.5,53.02
S07604,71.5,17.7,45.6,54.9,8.77,41.6,61.85
S07605,83.1,1.0,50.1,59.9,8.69,31.9,52.74
S07606,72.7,16.9,47.6,60.0,6.07,29.7,49.72
S07607,71.0,18.4,41.8,58.8,6.86,91.2,60.07
S07608,73.6,19.7,68.4,75.9,9.53,51.5,62.55
S07609,76.2,7.1,60.7,71.8,7.99,47.0,52.39
S07610,79.5,19.6,50.1,56.5,8.44,50.7,59.88
S07611,82.4,10.7,42.8,50.2,6.11,42.4,50.28
S07612,43.1,12.3,54.5,56.9,8.29,52.9,46.99
S07613,71.9,23.0,54.5,64.2,5.8,55.7,58.25
S07614,76.1,32.1,46.0,61.9,5.12,55.3,69.5
S07615,95.1,18.4,61.9,87.7,8.37,29.7,70.92
S07616,69.2,12.3,43.9,54.9,9.22,72.8,49.64
S07617,81.6,19.3,65.3,71.1,7.2,43.9,65.33
S07618,95.0,24.6,57.1,70.1,6.84,41.8,55.0
S07619,66.9,22.3,59.2,70.9,9.55,40.9,75.37
S07620,83.9,37.2,52.9,71.0,7.27,34.0,63.6
S07621,72.0,13.0,41.1,53.2,7.42,60.4,54.41
S07622,75.0,19.8,59.9,71.9,9.53,72.9,69.05
S07623,72.0,28.8,63.3,67.9,7.08,40.5,61.4
S07624,72.7,28.4,47.5,61.2,6.72,18.1,67.69
S07625,100.0,4.3,50.9,74.0,8.48,34.5,73.69
S07626,88.4,18.0,53.9,77.8,6.65,46.0,59.8
S07627,91.0,28.4,67.9,65.9,7.33,30.4,74.36
S07628,84.9,38.2,51.3,72.8,5.92,43.0,63.89
S07629,63.9,22.9,48.0,62.1,7.72,44.0,66.71
S07630,83.9,15.4,57.8,63.2,7.58,54.7,69.53
S07631,90.7,10.9,62.3,70.1,8.66,25.9,69.82
S07632,71.5,33.5,55.8,72.7,8.53,66.6,61.06
S07633,89.7,23.1,65.1,74.7,8.16,88.2,69.56
S07634,87.0,12.1,57.0,67.3,7.97,83.6,60.59
S07635,98.5,16.6,57.0,67.4,7.41,43.3,61.68
S07636,75.8,20.2,59.1,63.5,8.23,68.4,72.4
S07637,69.0,21.8,50.6,53.3,6.17,66.0,45.95
S07638,76.4,11.7,34.3,46.1,4.68,54.1,48.62
S07639,94.4,13.7,68.2,75.8,8.89,58.5,74.48
S07640,61.7,6.4,47.5,57.3,8.31,68.7,47.85
S07641,59.3,25.3,56.0,56.4,7.35,72.7,63.25
S07642,80.9,15.6,55.8,71.4,8.79,38.8,66.33
S07643,75.6,21.3,50.6,56.4,6.62,70.0,57.77
S07644,80.1,28.0,55.1,69.4,6.65,88.3,74.26
S07645,89.5,19.5,55.7,62.1,6.49,72.6,60.23
S07646,74.5,17.2,61.4,77.2,8.18,85.7,73.35
S07647,61.3,19.4,44.0,54.7,5.6,3.3,49.96
S07648,100.0,18.4,55.3,73.6,6.58,66.9,65.32
S07649,70.0,26.7,58.9,65.4,7.85,60.3,64.18
S07650,69.4,20.2,47.8,59.6,6.06,75.5,48.87
S07651,91.0,14.2,69.6,65.5,6.71,32.5,61.03
S07652,76.2,25.3,47.0,52.1,4.85,44.9,49.09
S07653,79.4,26.6,64.2,70.3,8.23,73.0,72.18
S07654,84.8,8.6,53.5,69.7,6.67,33.8,62.53
S07655,90.8,28.7,42.4,68.0,6.18,59.8,68.03
S07656,76.7,20.6,42.8,45.4,5.95,54.7,49.48
S07657,95.2,20.0,53.1,63.3,7.0,51.1,62.67
S07658,58.6,25.0,33.2,47.2,5.6,66.5,52.33
S07659,87.6,14.0,57.8,78.4,9.83,32.7,69.36
S07660,71.6,24.7,34.8,51.4,4.64,39.4,61.29
S07661,93.7,15.4,47.1,51.6,6.96,52.2,62.11
S07662,81.4,7.7,51.1,56.0,7.63,31.0,55.0
S07663,73.3,11.0,56.6,63.8,6.57,79.6,58.1
S07664,86.6,22.0,47.9,66.6,7.75,39.0,61.48
S07665,88.9,11.4,42.5,60.0,6.54,70.7,56.7
S07666,86.4,29.3,59.8,80.6,9.34,37.5,78.56
S07667,69.7,26.3,46.7,56.0,6.16,69.1,54.63
S07668,75.2,27.3,35.8,55.8,4.68,22.8,56.13
S07669,80.0,18.9,43.5,65.7,5.94,83.2,58.63
S07670,79.6,19.8,49.2,65.0,7.96,77.7,73.69
S07671,87.5,9.6,53.2,59.9,7.36,43.9,59.43
S07672,59.9,25.0,53.5,59.6,8.4,38.5,62.17
S07673,83.3,20.7,54.8,63.2,8.1,64.2,59.68
S07674,77.1,22.0,47.9,49.4,6.74,24.5,64.77
S07675,71.6,29.8,47.2,56.9,6.91,55.7,64.6
S07676,72.6,13.8,47.5,61.1,7.04,38.8,63.02
S07677,77.9,17.1,52.1,67.6,9.76,49.9,63.15
S07678,44.0,20.3,53.8,62.7,8.33,42.1,55.69
S07679,73.0,11.5,45.8,63.0,9.77,39.0,49.83
S07680,71.2,16.7,48.2,65.8,8.51,89.1,72.74
S07681,85.3,21.5,59.8,60.3,7.42,70.6,67.5
S07682,71.9,15.7,42.9,52.6,6.28,25.4,62.3
S07683,77.8,27.2,59.1,67.2,7.74,37.5,64.28
S07684,95.4,7.4,63.5,66.4,7.43,72.1,65.95
S07685,89.9,25.9,62.2,80.0,7.39,74.4,78.68
S07686,89.0,22.6,48.3,55.9,7.25,27.3,62.91
S07687,75.0,14.0,35.0,49.1,5.04,69.0,47.08
S07688,85.4,11.5,55.1,73.9,9.01,60.3,61.71
S07689,77.7,3.4,49.3,62.5,7.44,16.2,49.31
S07690,78.0,12.4,51.9,56.7,5.8,46.9,69.92
S07691,84.1,25.3,52.6,63.6,8.08,52.3,62.32
S07692,74.0,17.6,44.2,62.2,6.47,56.0,44.5
S07693,94.9,26.1,59.6,71.9,8.17,28.6,70.82
S07694,78.4,13.7,51.8,60.2,8.56,39.7,59.14
S07695,86.2,22.9,68.1,80.7,8.72,42.5,70.52
S07696,94.6,13.0,53.7,68.9,7.31,44.3,58.65
S07697,90.3,11.2,52.5,62.8,7.0,44.6,57.23
S07698,65.9,17.3,50.9,59.1,6.75,52.3,47.66
S07699,84.4,13.3,58.9,67.4,6.63,61.2,71.76
S07700,88.5,7.2,51.0,63.2,7.48,90.5,60.97
S07701,88.9,16.7,61.2,70.1,7.25,72.4,66.68
S07702,68.9,18.7,57.0,49.8,6.51,81.3,63.61
S07703,73.4,26.9,48.1,59.0,6.13,45.4,75.77
S07704,89.9,24.6,53.4,65.3,7.37,34.9,63.03
S07705,72.4,26.5,64.0,63.2,6.98,71.0,67.58
S07706,77.0,23.0,55.4,59.2,6.13,54.7,65.3
S07707,95.8,20.3,60.6,72.0,8.5,69.6,75.08
S07708,79.5,9.4,59.6,67.5,9.63,37.4,67.24
S07709,72.7,19.0,47.4,63.2,8.66,68.0,67.02
S07710,71.2,22.2,54.8,57.8,6.64,51.5,56.7
S07711,83.3,28.2,45.3,66.9,7.44,45.8,72.25
S07712,66.7,22.8,61.6,72.1,9.35,47.7,65.93
S07713,77.5,26.7,45.5,63.2,6.09,64.8,63.17
S07714,83.3,10.8,43.7,66.4,8.44,70.5,63.37
S07715,93.0,15.7,38.1,55.3,5.76,47.7,51.02
S07716,86.7,21.0,58.2,71.7,9.52,61.9,72.63
S07717,72.9,26.1,55.2,64.9,6.98,61.8,67.5
S07718,91.8,17.0,54.5,71.0,10.0,69.8,58.13
S07719,77.0,17.4,49.8,60.3,9.57,74.7,71.67
S07720,67.6,22.8,46.5,56.2,7.37,91.2,54.92
S07721,78.3,10.1,51.4,67.7,6.64,45.7,57.86
S07722,94.4,29.3,66.2,73.1,7.73,84.2,84.71
S07723,81.7,11.8,50.9,58.1,7.28,57.3,61.1
S07724,80.1,4.6,52.4,57.3,7.02,33.1,58.43
S07725,96.4,18.1,55.2,68.8,5.51,42.0,69.13
S07726,65.7,29.9,47.2,60.7,6.88,64.3,58.58
S07727,67.1,22.1,51.0,61.3,6.17,69.5,52.22
S07728,63.8,23.3,43.2,70.6,8.16,34.7,62.32
S07729,83.7,18.3,59.8,74.6,8.69,39.7,71.05
S07730,81.7,16.9,47.9,68.7,8.39,44.3,68.61
S07731,95.4,7.2,55.5,82.5,7.91,37.7,68.31
S07732,82.4,2.2,52.2,61.5,6.48,17.4,47.82
S07733,76.0,19.4,53.3,62.0,7.75,10.6,64.29
S07734,80.0,27.2,57.7,68.5,8.45,47.4,55.78
S07735,81.2,20.4,52.4,68.7,6.8,60.0,70.38
S07736,63.3,22.4,52.9,54.1,7.64,68.1,53.52
S07737,100.0,29.1,73.8,70.9,7.33,27.8,68.79
S07738,85.2,20.3,64.3,70.7,9.49,28.1,83.63
S07739,82.1,17.1,52.5,70.6,8.52,44.4,64.01
S07740,86.2,12.3,53.1,69.2,8.23,55.1,60.72
S07741,87.1,32.2,47.0,62.2,5.44,75.2,58.55
S07742,78.6,21.7,46.0,67.6,7.71,69.4,65.76
S07743,73.7,11.4,33.0,55.5,7.31,47.6,55.62
S07744,86.0,9.8,48.0,63.5,7.3,62.2,55.81
S07745,83.9,26.8,41.9,59.0,5.62,38.1,46.32
S07746,71.9,10.7,44.1,58.5,6.19,56.5,61.54
S07747,94.2,31.0,57.1,76.6,7.42,53.8,71.42
S07748,82.9,1.0,45.2,59.5,8.84,83.1,53.51
S07749,87.3,28.0,42.6,67.1,6.79,64.9,65.05
S07750,93.9,21.4,53.8,65.2,7.02,39.6,59.78
S07751,80.2,18.8,48.3,68.0,9.64,39.8,71.77
S07752,83.2,16.8,55.8,67.3,7.14,48.3,66.21
S07753,88.1,31.2,59.7,70.3,7.35,23.7,72.63
S07754,72.8,22.9,49.7,62.2,7.36,50.4,74.56
S07755,80.5,11.7,54.2,63.2,5.89,52.1,52.03
S07756,81.3,6.0,50.9,57.0,8.19,64.3,63.63
S07757,70.4,19.2,49.6,59.6,6.72,67.2,44.57
S07758,100.0,18.0,62.1,84.8,7.46,57.0,75.3
S07759,65.9,7.4,43.1,50.6,8.03,22.4,61.91
S07760,67.0,17.6,52.0,69.6,9.83,30.6,55.54
S07761,93.1,14.0,50.3,62.5,5.92,42.9,68.29
S07762,87.1,18.1,49.3,72.9,8.54,68.0,57.8
S07763,69.7,23.1,64.4,65.3,8.54,67.4,78.81
S07764,86.1,28.4,55.8,68.0,6.73,50.0,64.46
S07765,94.7,24.4,59.4,85.1,8.22,100.0,71.55
S07766,79.7,12.9,68.9,72.4,9.47,86.2,65.26
S07767,100.0,20.6,49.5,70.7,6.58,79.8,67.25
S07768,62.8,18.4,57.2,64.3,7.79,69.0,59.27
S07769,86.9,8.7,57.6,56.9,7.99,64.2,59.02
S07770,91.7,20.8,65.1,76.7,8.14,62.7,73.17
S07771,88.9,31.0,60.5,68.4,8.42,18.9,72.37
S07772,78.0,18.2,52.5,67.0,7.7,34.0,60.88
S07773,77.1,6.8,47.5,60.5,8.12,50.6,52.11
S07774,84.4,18.2,56.2,59.1,6.41,57.6,63.1
S07775,88.2,9.5,54.8,59.9,7.7,52.5,61.24
S07776,86.0,24.0,50.7,64.9,6.93,60.4,66.41
S07777,90.4,21.7,48.9,75.9,6.02,12.9,62.34
S07778,69.8,16.8,46.7,65.3,6.89,65.1,53.27
S07779,77.7,15.7,49.7,64.1,7.82,56.2,60.26
S07780,70.6,16.5,59.0,67.1,8.02,51.3,59.62
S07781,76.1,18.1,51.2,62.3,5.98,73.5,46.21
S07782,90.2,12.6,54.9,61.9,6.37,34.1,64.25
S07783,81.1,8.3,53.4,60.8,8.37,50.3,59.37
S07784,100.0,26.0,57.5,79.2,8.11,60.7,73.96
S07785,81.9,15.3,59.2,65.8,8.56,37.9,66.08
S07786,80.6,19.2,45.0,71.9,9.14,14.9,57.95
S07787,81.1,20.0,56.0,60.7,8.15,31.9,70.41
S07788,73.6,20.3,44.5,53.9,7.0,53.7,63.84
S07789,79.4,9.8,44.4,66.1,7.64,50.0,49.33
S07790,91.3,6.3,55.0,68.3,9.49,54.6,58.89
S07791,81.1,13.9,58.2,70.1,10.0,41.8,69.18
S07792,72.1,20.8,52.1,66.4,8.06,28.8,62.35
S07793,70.7,12.9,54.4,67.9,8.14,57.7,59.35
S07794,75.5,15.5,51.5,66.5,8.37,51.7,63.38
S07795,80.7,32.9,56.4,70.6,7.53,67.8,59.62
S07796,91.9,5.1,47.5,69.5,8.9,40.0,53.86
S07797,66.6,12.7,42.5,59.3,8.71,14.6,49.5
S07798,76.8,31.3,58.3,74.6,7.93,2.9,72.44
S07799,81.4,17.7,55.1,78.9,7.12,47.0,51.05
S07800,61.7,13.1,38.0,50.5,5.68,57.6,48.32
S07801,71.7,26.2,60.4,63.9,8.38,50.4,63.66
S07802,73.2,18.4,42.5,63.8,7.76,43.7,61.79
S07803,72.0,15.6,48.7,57.0,6.61,23.2,58.4
S07804,81.9,19.3,43.9,60.4,6.14,17.2,66.11
S07805,78.4,13.4,47.0,63.7,8.29,62.3,52.28
S07806,74.4,10.9,37.9,48.1,5.58,50.4,42.89
S07807,84.3,17.2,53.7,64.5,7.86,47.7,62.61
S07808,97.2,10.9,60.7,61.4,8.51,24.2,71.16
S07809,96.4,18.1,61.2,73.2,8.16,35.7,70.84
S07810,60.8,20.5,44.0,57.2,7.03,55.9,55.47
S07811,85.8,24.0,55.0,65.1,6.0,60.7,71.21
S07812,78.2,25.9,66.3,69.8,8.2,51.7,66.88
S07813,81.6,15.2,55.3,69.7,8.94,82.6,72.61
S07814,76.0,21.5,50.5,56.7,6.81,43.5,69.0
S07815,81.2,21.4,51.7,60.7,8.11,80.7,63.53
S07816,81.5,20.3,56.6,73.0,9.4,59.3,59.02
S07817,74.2,14.6,58.0,67.4,7.91,57.2,62.04
S07818,71.0,10.8,53.3,61.6,7.02,73.7,66.08
S07819,75.5,21.5,54.4,65.2,8.75,42.5,66.79
S07820,82.3,6.1,49.4,64.5,6.61,48.4,46.02
S07821,86.0,16.1,54.2,57.3,5.94,30.5,64.72
S07822,88.5,1.0,49.6,62.1,8.47,73.7,61.66
S07823,75.1,8.6,38.4,57.6,7.01,61.7,57.65
S07824,82.8,11.9,54.0,67.6,7.12,77.0,67.5
S07825,89.6,25.7,60.5,66.4,6.75,59.1,64.54
S07826,91.7,22.8,59.9,81.1,6.93,77.1,77.27
S07827,79.4,14.1,53.5,66.1,9.18,40.1,57.99
S07828,77.8,23.1,68.1,75.2,9.49,74.7,65.38
S07829,81.9,24.2,62.8,79.3,9.65,47.0,67.41
S07830,68.5,16.9,45.3,67.8,8.81,55.1,63.95
S07831,78.1,8.3,40.6,57.9,8.06,69.6,52.13
S07832,87.4,16.5,46.9,66.1,5.78,100.0,69.98
S07833,86.4,17.3,54.5,63.8,7.27,71.4,69.81
S07834,77.3,9.4,54.4,75.4,10.0,73.3,68.28
S07835,82.2,20.6,63.9,68.9,6.98,44.1,73.11
S07836,71.8,20.0,58.1,69.4,9.32,58.1,58.56
S07837,87.0,21.1,49.5,64.0,7.57,53.1,69.25
S07838,79.2,20.0,29.2,49.5,4.29,83.2,54.49
S07839,77.2,23.1,56.6,63.8,8.27,52.1,57.17
S07840,76.4,16.7,61.1,68.8,9.02,81.6,61.99
S07841,79.4,19.4,63.4,68.4,7.44,29.0,62.52
S07842,75.5,15.2,53.1,60.0,8.98,83.0,60.98
S07843,86.6,13.9,57.1,60.1,5.5,37.8,56.83
S07844,76.0,27.4,40.7,46.3,5.84,72.1,53.42
S07845,95.9,3.7,51.1,59.3,7.75,37.7,65.29
S07846,94.7,24.1,54.0,71.4,8.07,67.4,62.83
S07847,71.1,13.7,57.7,70.5,9.13,35.7,54.18
S07848,80.7,12.7,45.2,59.9,8.27,75.7,53.34
S07849,73.5,19.8,48.8,58.0,6.07,71.9,53.76
S07850,76.7,7.6,41.2,62.5,7.76,43.0,48.95
S07851,100.0,12.3,69.0,81.0,8.22,66.6,81.2
S07852,76.9,12.1,40.3,56.5,5.25,73.9,47.73
S07853,83.6,16.5,54.8,66.2,7.45,36.5,60.49
S07854,85.4,12.4,40.0,56.1,7.1,34.3,46.6
S07855,70.0,29.2,41.3,59.4,6.71,33.6,56.05
S07856,71.4,30.6,50.6,71.1,8.1,30.7,69.51
S07857,67.9,3.8,45.0,60.5,6.12,33.5,51.35
S07858,71.1,21.8,56.1,76.7,8.0,73.5,72.05
S07859,51.5,24.0,53.9,66.4,8.17,66.2,54.61
S07860,85.4,21.8,49.8,68.2,8.8,21.1,60.59
S07861,100.0,13.4,55.7,61.5,6.15,44.8,65.77
S07862,81.5,16.3,43.2,59.8,5.69,31.8,54.12
S07863,65.8,12.8,42.4,60.7,7.83,72.2,54.45
S07864,73.6,15.1,45.0,45.0,7.16,46.0,55.98
S07865,75.4,9.5,54.9,59.3,10.0,24.1,64.34
S07866,69.8,17.2,54.4,60.4,8.05,58.4,55.36
S07867,88.6,7.5,58.4,62.9,7.57,67.1,59.38
S07868,88.1,16.6,56.6,59.3,7.29,35.9,60.19
S07869,68.4,9.3,45.3,54.7,6.04,49.7,43.54
S07870,87.3,19.4,67.7,80.1,8.18,37.0,71.57
S07871,95.3,13.2,59.1,69.0,7.41,79.9,62.43
S07872,99.0,20.0,56.9,63.4,7.41,46.4,66.17
S07873,100.0,25.6,64.3,77.7,7.61,40.6,77.1
S07874,71.0,29.1,63.9,63.3,7.77,54.0,68.54
S07875,100.0,1.0,41.3,52.5,5.41,50.8,44.56
S07876,76.5,12.2,49.6,67.3,8.5,68.8,61.51
S07877,74.1,15.9,55.3,66.8,6.48,79.3,60.83
S07878,83.3,21.2,51.8,63.7,7.33,79.5,60.79
S07879,74.2,6.4,56.0,67.8,9.04,47.4,53.21
S07880,84.0,11.1,65.3,67.7,9.64,61.1,66.77
S07881,66.8,18.9,34.8,51.7,5.46,84.8,43.11
S07882,77.6,18.6,49.2,60.3,7.54,85.5,54.86
S07883,92.9,20.6,65.0,67.5,7.83,37.5,60.15
S07884,79.4,21.1,46.7,54.0,5.69,66.8,50.02
S07885,81.4,20.4,44.0,65.5,8.46,63.5,60.25
S07886,84.8,19.4,51.3,58.1,7.64,73.5,68.95
S07887,91.7,18.4,61.2,70.1,7.73,79.9,72.08
S07888,63.4,22.7,52.9,63.4,6.4,34.2,64.07
S07889,85.8,2.3,50.8,60.1,8.0,41.2,50.76
S07890,77.3,28.8,60.6,63.1,8.51,73.2,57.36
S07891,81.7,2.6,46.0,57.4,7.65,58.0,48.96
S07892,90.6,10.4,56.5,69.3,6.88,10.5,65.53
S07893,68.1,16.4,55.0,53.5,6.98,21.7,51.8
S07894,69.9,22.7,55.9,69.8,7.76,68.3,64.15
S07895,60.6,1.0,40.5,53.5,7.56,71.8,45.01
S07896,74.5,17.8,56.3,67.7,8.59,28.0,66.07
S07897,93.3,23.5,61.8,74.7,6.92,77.0,75.64
S07898,78.8,25.0,49.7,61.8,6.04,51.1,51.46
S07899,66.6,13.1,52.7,61.5,7.93,34.6,41.02
S07900,75.1,15.9,50.5,60.5,6.93,43.8,60.8
S07901,65.1,13.7,57.6,66.9,8.44,30.5,56.93
S07902,68.7,15.3,52.1,66.3,7.51,42.7,61.55
S07903,83.9,10.8,50.4,60.2,8.29,17.6,55.31
S07904,68.3,11.8,51.4,52.7,6.28,53.5,54.94
S07905,91.1,21.0,59.7,69.3,7.67,66.7,67.4
S07906,79.3,18.9,48.8,57.8,6.66,28.1,52.67
S07907,80.9,21.4,40.9,63.1,6.04,55.3,55.95
S07908,77.2,19.5,50.0,52.9,6.47,38.9,55.34
S07909,87.7,22.9,65.0,73.8,6.85,68.4,72.86
S07910,87.8,24.1,44.5,74.4,8.99,8.7,64.97
S07911,83.4,5.8,31.1,49.5,6.81,69.2,42.62
S07912,85.6,12.0,52.0,68.5,5.97,18.6,66.44
S07913,77.9,16.4,52.9,69.2,7.66,50.8,63.17
S07914,85.4,17.8,57.8,66.0,7.54,40.8,71.3
S07915,76.6,13.3,44.7,61.7,6.91,47.8,48.72
S07916,80.0,24.4,40.7,56.2,7.31,24.4,56.87
S07917,77.3,31.9,54.1,63.7,8.67,88.2,71.74
S07918,75.4,19.3,62.9,66.4,8.3,29.3,67.39
S07919,73.1,18.6,49.6,69.1,8.2,30.8,49.14
S07920,84.7,23.9,48.4,60.0,6.08,90.9,51.78
S07921,93.1,4.9,43.7,66.7,10.0,61.5,57.0
S07922,91.7,18.2,48.6,63.5,8.76,29.9,66.78
S07923,67.4,24.9,59.0,69.9,8.12,52.4,61.08
S07924,92.9,13.5,48.8,66.8,6.1,50.3,58.6
S07925,76.8,9.4,57.8,62.0,8.64,21.2,57.85
S07926,86.0,16.7,47.2,50.6,6.9,39.8,51.55
S07927,70.9,17.6,39.7,53.8,7.27,54.5,63.12
S07928,81.4,11.6,42.9,57.4,5.48,80.3,48.99
S07929,83.1,32.7,49.7,64.0,6.01,51.2,53.08
S07930,65.2,14.6,43.2,56.5,8.03,52.7,48.27
S07931,86.1,9.9,50.2,67.3,8.71,38.7,55.11
S07932,93.5,17.3,57.6,69.0,8.32,76.9,69.09
S07933,78.3,24.4,52.9,60.4,8.28,73.0,66.56
S07934,93.6,18.1,50.4,70.8,7.42,70.8,69.21
S07935,78.1,21.4,62.0,62.6,7.01,57.2,74.69
S07936,88.5,11.9,56.5,61.5,7.85,23.0,59.69
S07937,57.8,28.4,52.6,64.2,8.49,76.7,69.18
S07938,100.0,21.9,58.9,67.9,7.51,56.1,66.52
S07939,95.0,25.3,67.2,74.8,8.95,48.8,76.26
S07940,77.2,20.6,54.5,71.9,7.24,64.0,61.8
S07941,60.3,23.8,38.2,59.3,6.32,59.5,53.69
S07942,82.9,11.9,41.8,65.2,7.49,33.6,57.17
S07943,65.6,14.6,33.4,55.3,7.63,48.6,57.11
S07944,84.4,27.4,66.8,78.7,7.4,16.9,69.82
S07945,84.1,28.9,58.7,83.0,9.04,56.7,74.06
S07946,70.6,10.0,53.2,67.1,8.47,81.6,61.27
S07947,91.2,19.7,52.1,65.4,5.78,19.1,65.41
S07948,88.1,15.0,64.6,78.6,9.34,57.6,61.35
S07949,89.8,13.1,43.3,53.2,4.21,68.4,54.28
S07950,80.1,20.0,52.3,70.1,10.0,71.3,59.96
S07951,65.8,26.0,43.1,58.0,7.16,40.1,65.53
S07952,89.8,21.2,53.2,66.8,7.27,33.0,65.95
S07953,77.3,15.8,40.9,56.3,7.43,43.3,62.57
S07954,66.1,21.6,45.3,65.1,7.96,78.8,50.8
S07955,93.5,15.5,48.2,61.0,7.5,20.8,58.7
S07956,100.0,20.9,56.5,72.7,7.34,30.7,72.89
S07957,79.6,27.8,56.8,64.4,9.07,45.8,76.82
S07958,100.0,3.5,56.3,59.6,8.18,35.5,60.87
S07959,80.9,23.6,55.8,70.5,6.35,54.2,61.59
S07960,76.2,7.2,48.8,67.2,8.39,83.3,56.78
S07961,73.7,26.6,45.8,60.2,8.13,30.9,55.23
S07962,96.4,13.5,41.4,62.4,6.85,52.1,67.7
S07963,72.2,9.5,50.9,59.6,8.45,54.8,60.08
S07964,87.4,22.9,51.3,65.0,7.31,48.3,63.19
S07965,74.4,20.5,49.5,58.7,7.23,23.4,60.94
S07966,75.4,11.0,49.6,61.6,7.2,42.2,54.47
S07967,90.3,9.2,52.4,57.4,4.59,42.3,51.3
S07968,76.2,16.7,38.2,57.6,6.87,67.7,50.97
S07969,76.0,9.6,44.8,67.9,8.36,63.4,53.24
S07970,91.3,10.6,52.6,67.7,7.47,24.0,61.71
S07971,96.0,18.8,45.7,63.8,5.96,47.3,67.03
S07972,86.4,11.2,46.5,61.5,8.66,45.0,57.09
S07973,73.5,21.0,57.8,64.0,7.14,94.1,59.06
S07974,74.9,28.4,43.1,49.8,6.03,60.8,64.0
S07975,80.8,17.0,51.7,76.4,10.0,33.5,66.45
S07976,83.2,18.9,42.7,53.9,6.24,39.5,42.3
S07977,70.1,32.1,63.2,61.0,8.56,47.4,64.11
S07978,87.2,9.7,44.7,58.8,6.58,62.2,58.26
S07979,80.9,26.3,47.1,66.1,7.66,64.7,60.5
S07980,62.8,25.5,41.0,60.4,6.42,59.0,57.06
S07981,70.7,24.0,46.4,58.4,6.01,50.8,49.85
S07982,75.0,27.0,60.6,73.6,8.13,52.3,66.2
S07983,79.3,20.0,58.8,72.4,7.99,52.4,59.04
S07984,98.9,13.9,56.0,77.0,8.87,19.3,59.45
S07985,82.4,25.7,51.9,60.4,7.46,53.8,59.67
S07986,71.6,25.9,72.2,78.7,10.0,43.5,78.42
S07987,82.2,25.7,62.1,63.9,7.82,21.9,68.42
S07988,76.5,18.3,51.7,74.0,8.18,100.0,78.15
S07989,83.2,13.0,32.9,56.2,5.87,61.2,48.52
S07990,85.8,19.3,49.3,60.2,6.76,55.3,66.67
S07991,92.1,24.6,51.7,71.9,8.12,47.6,79.78
S07992,79.8,25.2,48.8,58.8,7.4,69.6,69.94
S07993,96.4,15.0,51.0,60.3,7.73,31.8,68.19
S07994,89.1,20.2,51.2,69.1,6.52,48.7,63.8
S07995,72.9,8.8,48.0,53.4,7.65,36.0,53.45
S07996,100.0,24.9,56.3,72.4,7.64,69.4,66.21
S07997,83.3,12.5,39.5,56.7,6.08,38.5,36.47
S07998,71.6,23.5,52.5,63.4,8.27,77.0,65.44
S07999,96.5,10.0,45.4,55.1,5.46,53.0,48.93
S08000,100.0,25.2,49.6,71.2,7.72,70.5,67.93
S08001,79.7,20.3,62.7,73.5,9.62,63.0,64.79
S08002,75.0,12.5,47.0,65.0,8.32,76.2,61.19
S08003,78.3,22.8,53.9,79.0,8.31,36.3,65.46
S08004,87.1,13.9,48.4,51.6,6.42,73.1,64.42
S08005,92.8,23.2,63.8,73.8,9.62,17.7,67.4
S08006,85.7,16.1,59.0,72.3,9.15,55.9,68.17
S08007,81.0,6.0,37.8,58.8,6.49,44.1,48.95
S08008,95.0,11.1,54.6,68.4,6.93,26.9,58.52
S08009,76.9,15.0,52.7,71.1,9.01,37.1,61.69
S08010,90.3,27.6,71.1,73.6,9.66,42.2,84.98
S08011,77.1,24.3,53.5,60.3,5.98,51.1,65.59
S08012,84.3,29.4,61.3,76.2,6.3,44.5,66.34
S08013,78.9,29.6,49.2,60.3,7.33,56.6,60.97
S08014,79.4,14.3,50.7,42.6,4.89,38.4,45.44
S08015,76.2,16.7,51.2,58.0,7.52,45.5,58.75
S08016,93.4,15.1,63.6,76.9,8.92,49.2,60.27
S08017,72.7,13.3,47.3,54.9,5.77,58.6,51.18
S08018,72.6,5.1,49.1,51.4,7.65,72.0,54.26
S08019,100.0,17.9,49.4,63.8,6.8,72.1,60.05
S08020,89.8,9.0,63.9,66.8,9.47,59.7,65.52
S08021,56.1,17.8,44.9,46.3,6.82,63.6,52.37
S08022,74.3,32.8,51.6,64.5,9.32,61.2,59.15
S08023,61.9,14.4,40.5,52.1,6.78,48.7,51.15
S08024,70.5,19.4,45.2,48.4,8.43,73.0,54.96
S08025,48.6,24.3,37.0,57.2,7.8,36.7,64.02
S08026,78.6,20.0,56.9,64.9,7.33,14.0,61.86
S08027,68.6,20.0,37.6,47.6,6.55,34.2,45.69
S08028,80.6,15.5,44.7,56.4,7.89,83.1,48.3
S08029,63.7,16.4,57.0,56.3,6.97,49.1,55.31
S08030,80.8,11.3,45.1,58.2,6.67,60.5,62.7
S08031,75.9,23.9,61.9,72.1,9.27,49.5,65.37
S08032,95.0,5.8,61.5,69.8,8.16,66.2,65.28
S08033,94.1,24.8,65.4,72.7,8.27,56.4,77.13
S08034,87.9,8.2,50.9,62.5,7.03,53.6,61.24
S08035,76.7,24.7,52.3,53.6,7.28,67.3,61.79
S08036,99.9,15.5,59.6,65.6,7.2,45.7,61.05
S08037,64.5,9.4,44.6,51.7,7.9,62.4,49.75
S08038,66.0,22.1,55.6,56.8,8.27,51.5,54.04
S08039,79.2,24.5,52.2,63.9,7.46,52.9,58.13
S08040,100.0,14.9,53.4,61.1,6.55,38.6,67.23
S08041,78.0,23.0,67.1,80.7,8.41,50.7,72.57
S08042,78.2,2.0,43.8,49.2,7.54,44.2,50.37
S08043,65.6,8.8,39.8,56.6,5.77,77.6,44.54
S08044,89.5,27.0,52.6,53.8,4.94,21.3,66.85
S08045,89.5,16.4,58.5,79.7,7.86,72.8,66.88
S08046,87.9,5.0,49.2,63.1,6.5,20.1,53.79
S08047,73.7,13.1,42.7,62.1,8.02,65.7,63.84
S08048,72.9,11.5,46.1,49.2,6.57,38.2,46.22
S08049,67.1,16.8,49.8,57.5,7.66,66.3,53.35
S08050,80.8,15.4,57.0,63.3,7.05,52.6,66.48
S08051,69.2,19.3,60.0,67.7,9.6,26.4,68.55
S08052,68.2,17.5,59.1,71.6,8.64,82.2,66.7
S08053,75.8,27.5,52.6,71.6,9.12,70.5,56.36
S08054,75.1,21.0,45.7,59.7,7.53,65.1,67.64
S08055,74.6,21.2,56.4,71.6,8.49,42.2,61.14
S08056,84.7,26.2,63.2,77.6,7.61,71.2,68.21
S08057,80.8,15.3,55.6,65.6,9.26,29.3,61.34
S08058,77.1,9.2,43.8,54.5,7.41,10.4,43.61
S08059,81.8,26.4,40.6,69.1,5.82,23.8,67.31
S08060,70.1,19.0,44.4,52.0,5.1,36.6,52.23
S08061,81.1,19.0,58.0,67.5,9.5,39.9,70.21
S08062,81.5,13.6,50.3,63.0,8.07,46.3,54.76
S08063,65.0,13.7,53.6,65.7,8.15,47.2,63.44
S08064,90.0,23.9,61.8,79.2,9.29,42.0,81.39
S08065,71.2,24.9,45.7,55.6,5.52,12.7,46.81
S08066,80.9,23.5,58.2,70.0,7.07,58.8,59.05
S08067,91.6,23.6,69.6,76.3,7.22,49.7,66.45
S08068,89.3,22.0,56.1,70.2,8.39,41.1,73.07
S08069,80.3,18.9,44.7,58.0,6.67,83.0,60.27
S08070,76.4,16.8,40.4,55.6,6.06,50.2,53.13
S08071,89.5,26.5,56.1,65.2,6.05,56.2,67.99
S08072,86.7,15.4,50.9,67.9,8.88,70.9,76.41
S08073,73.8,20.6,46.1,58.1,6.61,25.2,45.47
S08074,72.1,12.4,44.3,48.5,6.84,54.5,49.58
S08075,59.3,13.4,56.1,57.1,8.26,70.9,37.91
S08076,81.5,16.3,56.7,62.8,6.66,53.2,63.16
S08077,79.2,12.4,34.7,60.6,5.45,28.9,56.55
S08078,91.4,23.6,61.1,67.5,5.6,45.4,63.29
S08079,83.6,8.6,42.7,60.3,7.43,58.8,59.14
S08080,93.3,18.7,59.1,82.7,8.1,12.9,58.91
S08081,73.0,18.9,44.6,50.6,7.26,27.9,57.2
S08082,91.4,5.3,50.8,57.3,8.02,94.5,73.73
S08083,74.7,14.9,37.9,48.1,5.56,64.7,48.05
S08084,87.8,19.8,59.5,64.1,5.65,84.7,66.28
S08085,65.4,21.0,55.3,65.3,10.0,72.3,61.61
S08086,82.4,16.6,58.2,67.1,8.98,62.9,66.54
S08087,60.2,22.7,44.0,51.4,8.42,48.8,62.92
S08088,77.3,17.2,40.2,61.4,6.71,62.6,60.23
S08089,84.4,18.1,49.9,61.5,7.21,84.0,61.61
S08090,74.8,19.8,54.2,69.4,7.5,71.5,62.58
S08091,69.5,24.5,55.0,61.3,9.08,58.3,57.37
S08092,88.5,13.3,60.5,79.4,7.98,51.6,72.23
S08093,79.0,14.6,53.4,56.2,8.13,65.0,64.13
S08094,75.1,13.3,48.6,59.5,7.3,44.4,48.19
S08095,80.4,15.7,57.6,62.5,8.45,65.0,64.05
S08096,100.0,28.0,62.9,77.3,7.86,41.0,68.76
S08097,91.5,22.0,62.6,67.6,7.55,47.9,65.13
S08098,91.6,10.1,53.8,53.7,6.61,34.4,60.81
S08099,84.4,13.8,57.2,62.1,7.36,46.2,66.14
S08100,81.7,20.6,53.8,71.0,6.2,41.3,66.1
S08101,56.0,11.7,51.0,49.7,7.45,88.8,50.51
S08102,73.2,12.9,53.8,64.1,7.61,37.1,59.99
S08103,75.2,27.4,55.4,60.1,4.61,62.7,55.74
S08104,61.3,13.7,41.1,50.0,7.22,36.1,53.71
S08105,68.4,24.7,51.5,69.0,6.09,55.9,60.57
S08106,60.2,26.8,42.4,55.6,8.1,60.8,55.88
S08107,79.6,12.9,58.4,67.5,8.26,18.0,55.73
S08108,88.2,11.8,51.4,64.0,6.99,27.0,61.87
S08109,91.1,16.1,62.4,80.0,8.16,35.9,67.06
S08110,84.1,10.4,63.2,61.7,8.21,28.9,57.25
S08111,70.4,18.8,53.5,72.3,7.22,56.7,58.32
S08112,60.7,16.6,48.9,67.7,9.34,59.9,52.37
S08113,62.4,20.5,38.5,53.9,6.63,33.7,52.72
S08114,67.3,27.8,59.8,71.9,9.27,57.5,70.66
S08115,71.1,23.7,48.7,59.4,7.23,46.5,50.66
S08116,78.4,21.4,53.6,63.5,6.49,53.0,54.55
S08117,69.9,4.2,40.5,54.3,7.08,42.4,37.67
S08118,83.4,21.1,44.5,55.3,6.18,64.8,65.77
S08119,77.7,30.1,56.5,77.1,8.44,87.7,76.37
S08120,80.1,1.0,44.1,54.2,5.58,70.5,54.63
S08121,91.4,22.8,62.8,76.6,9.17,82.9,83.92
S08122,68.2,16.9,40.0,48.6,6.38,26.9,52.41
S08123,84.2,12.1,65.3,76.9,8.5,41.5,65.11
S08124,79.9,23.6,53.1,65.3,7.53,66.3,65.91
S08125,76.7,30.0,42.2,59.6,7.82,85.2,61.14
S08126,88.9,23.4,59.9,64.0,6.79,68.0,61.73
S08127,88.8,15.4,55.1,67.2,7.92,34.5,60.15
S08128,70.5,11.4,46.7,51.8,7.66,46.3,51.19
S08129,78.2,19.0,45.5,59.1,5.75,61.7,46.75
S08130,82.8,24.1,50.3,66.9,6.34,51.7,55.39
S08131,77.3,15.3,58.5,61.7,6.85,39.0,50.9
S08132,85.9,16.0,53.3,65.0,6.59,49.2,52.4
S08133,82.8,37.8,65.2,83.4,9.0,54.7,83.12
S08134,98.3,25.6,58.4,72.7,7.51,33.3,68.16
S08135,64.7,26.1,57.6,60.8,6.57,74.7,60.63
S08136,78.8,7.8,51.8,59.9,6.91,46.2,56.54
S08137,70.9,13.0,52.0,56.5,6.89,53.5,59.64
S08138,86.0,18.5,54.7,64.4,7.15,75.7,66.5
S08139,63.8,11.0,47.2,49.0,6.21,52.5,58.67
S08140,83.5,29.2,56.1,69.1,6.52,74.6,68.46
S08141,73.7,27.9,53.8,66.3,8.42,34.4,66.69
S08142,72.7,14.3,51.6,64.1,7.72,63.7,55.14
S08143,65.5,30.5,63.7,71.7,7.32,71.8,56.92
S08144,75.3,18.0,51.9,57.1,7.5,38.4,58.52
S08145,90.8,36.1,68.4,73.4,7.45,51.4,81.51
S08146,79.7,19.0,58.7,69.6,7.25,51.8,59.08
S08147,86.3,22.0,60.5,69.9,8.12,59.2,65.21
S08148,96.6,27.8,71.7,80.3,8.03,64.5,83.12
S08149,82.6,26.9,37.0,57.2,5.61,36.8,57.31
S08150,74.4,21.6,40.0,53.1,7.34,53.8,51.26
S08151,84.7,17.0,58.1,66.4,5.69,86.8,56.53
S08152,74.6,21.6,50.0,64.9,8.26,76.1,67.63
S08153,75.0,12.3,52.2,57.9,8.42,70.9,57.87
S08154,64.8,19.1,56.2,58.9,6.77,51.1,56.28
S08155,89.3,10.2,53.2,64.5,7.36,97.6,53.59
S08156,76.1,5.5,49.6,57.6,4.97,75.6,53.22
S08157,81.8,18.4,53.9,73.4,8.67,55.7,71.97
S08158,69.6,26.8,58.0,66.7,8.35,59.4,64.12
S08159,84.4,24.5,59.9,64.1,8.88,45.8,70.62
S08160,72.4,17.4,63.9,73.4,9.28,62.9,64.31
S08161,78.6,30.2,49.5,73.1,6.03,66.9,69.63
S08162,88.8,14.0,50.9,70.8,8.57,69.1,67.6
S08163,87.9,4.6,52.8,65.7,9.28,51.4,57.49
S08164,79.8,2.7,39.4,53.7,5.71,25.5,32.85
S08165,62.3,9.7,39.7,55.3,7.29,59.8,44.94
S08166,100.0,23.7,54.4,71.7,7.06,69.1,71.9
S08167,97.5,13.6,65.8,82.2,8.53,35.4,74.97
S08168,87.2,21.2,55.1,56.5,4.63,53.2,55.17
S08169,72.5,29.5,62.3,70.6,9.68,81.8,80.87
S08170,78.9,10.3,45.1,61.0,7.36,30.9,63.12
S08171,74.6,21.3,51.3,68.3,8.6,49.3,67.88
S08172,92.6,21.8,44.4,62.5,7.43,84.7,58.15
S08173,82.6,12.0,55.1,63.4,8.09,58.2,64.85
S08174,72.2,27.5,40.2,49.9,4.71,44.5,50.75
S08175,75.3,16.0,57.5,59.5,7.04,54.9,55.3
S08176,91.2,15.3,49.4,70.2,8.52,71.5,68.03
S08177,96.0,32.8,59.0,75.2,7.85,50.9,77.49
S08178,95.3,21.7,51.4,71.5,5.54,67.0,67.64
S08179,87.6,24.5,59.4,65.1,7.57,59.7,71.59
S08180,77.5,27.5,62.2,66.5,6.52,61.3,65.94
S08181,47.6,13.4,29.5,45.6,6.41,68.2,34.84
S08182,83.0,26.7,48.4,63.3,5.68,49.1,74.29
S08183,80.0,14.5,44.7,56.1,8.24,36.1,54.4
S08184,81.4,14.2,60.1,75.0,8.84,64.5,61.81
S08185,80.5,16.1,55.3,70.3,10.0,52.4,58.71
S08186,66.7,13.6,40.8,60.4,5.73,46.0,51.48
S08187,85.6,23.8,57.3,70.0,8.42,65.5,69.26
S08188,86.3,19.9,58.3,76.4,8.5,80.5,69.09
S08189,86.8,14.6,50.0,61.1,6.8,51.9,67.86
S08190,89.5,22.7,47.3,62.4,6.4,55.2,66.24
S08191,86.0,16.1,49.9,64.2,6.2,31.4,51.94
S08192,75.9,15.7,43.5,48.9,6.87,50.5,65.9
S08193,79.3,18.3,57.6,56.3,7.74,59.4,52.29
S08194,80.9,21.2,58.6,67.3,9.13,54.6,66.55
S08195,81.1,20.7,51.0,60.5,8.83,47.8,58.97
S08196,90.0,15.5,62.9,55.4,5.56,69.5,62.58
S08197,86.4,23.9,63.0,73.3,6.55,56.2,71.63
S08198,100.0,16.4,77.0,78.6,9.06,100.0,74.53
S08199,100.0,13.4,52.0,65.3,6.62,59.2,68.61
S08200,80.8,7.7,43.9,59.1,7.43,0.1,52.54
S08201,41.6,24.9,41.4,48.0,5.45,32.8,55.86
S08202,92.4,18.1,66.6,77.6,8.88,65.6,77.53
S08203,74.6,19.5,45.2,56.2,5.2,42.1,50.95
S08204,72.0,25.3,33.4,54.0,5.53,43.4,59.93
S08205,76.0,14.7,47.8,60.2,8.76,30.2,54.09
S08206,75.5,8.4,57.2,63.5,9.8,45.5,63.7
S08207,86.1,18.5,49.1,52.3,7.15,58.9,62.55
S08208,64.4,20.2,39.7,57.8,7.44,62.7,52.54
S08209,69.2,16.2,50.0,58.1,8.59,34.6,45.3
S08210,83.4,28.3,37.9,72.1,7.85,71.1,75.46
S08211,86.2,1.0,43.7,61.4,7.05,31.2,53.36
S08212,86.4,25.8,52.2,71.1,6.92,63.8,67.11
S08213,72.1,23.5,47.7,60.7,5.62,61.7,58.2
S08214,70.2,21.2,54.3,65.7,7.78,36.3,66.8
S08215,74.9,1.0,47.2,58.8,7.39,33.9,62.52
S08216,82.4,27.0,59.4,71.3,6.97,62.6,73.63
S08217,94.9,10.8,49.7,64.2,6.3,43.8,60.4
S08218,59.5,14.4,32.9,44.0,6.42,51.2,47.6
S08219,77.8,16.8,53.6,59.1,8.24,68.7,63.54
S08220,66.7,20.9,46.9,62.6,8.56,64.6,54.55
S08221,63.5,22.5,39.2,60.4,7.11,36.7,58.61
S08222,89.7,24.2,58.9,69.2,6.98,53.9,59.62
S08223,85.4,23.7,44.0,62.2,6.48,36.3,63.04
S08224,84.5,19.8,61.5,65.0,8.62,72.4,64.7
S08225,89.2,20.9,48.1,63.5,7.54,85.7,70.24
S08226,75.2,10.4,47.9,53.7,7.94,38.1,56.07
S08227,75.7,12.7,47.1,54.4,7.93,54.4,53.61
S08228,100.0,24.3,65.8,76.5,7.13,73.3,67.53
S08229,77.5,23.9,52.6,61.5,6.1,55.5,69.71
S08230,87.4,23.1,47.4,66.8,6.3,66.2,62.81
S08231,80.1,14.4,54.1,70.4,8.85,56.0,73.84
S08232,61.5,24.4,53.9,54.3,6.63,33.9,49.03
S08233,59.6,9.9,50.9,44.8,7.01,57.4,47.3
S08234,74.2,25.5,40.4,51.6,6.14,77.5,44.19
S08235,90.6,16.2,58.2,62.6,6.04,61.3,66.12
S08236,87.9,29.8,62.8,74.0,6.58,87.5,77.45
S08237,89.1,7.3,58.7,74.0,9.53,19.6,59.26
S08238,70.1,30.3,54.8,66.0,8.29,62.6,63.32
S08239,96.2,15.5,51.0,70.1,6.87,42.0,60.39
S08240,70.4,15.3,44.8,72.8,8.8,37.5,58.04
S08241,82.1,19.4,54.6,64.8,7.32,81.7,60.63
S08242,79.9,13.1,54.4,65.7,9.13,49.9,68.51
S08243,78.3,17.5,61.5,67.8,10.0,48.0,63.87
S08244,93.4,12.8,61.0,74.3,8.73,61.9,56.25
S08245,72.9,13.1,63.9,71.3,7.61,11.9,57.93
S08246,66.5,21.4,58.8,62.4,8.34,82.1,60.6
S08247,80.2,11.7,53.5,61.2,7.52,93.1,52.26
S08248,76.0,12.6,29.8,45.5,5.3,73.3,48.62
S08249,100.0,8.4,55.1,61.6,6.71,63.2,48.74
S08250,86.8,14.5,59.1,66.3,6.36,50.7,63.22
S08251,75.9,27.2,48.7,62.5,6.69,33.5,61.02
S08252,69.4,12.1,66.7,69.3,9.65,78.9,61.49
S08253,61.2,12.9,52.2,69.0,8.85,73.3,52.25
S08254,69.7,19.4,52.8,64.4,8.03,64.0,52.46
S08255,81.1,15.4,48.6,58.6,8.47,61.7,65.6
S08256,94.3,33.6,63.4,74.7,5.23,61.0,70.52
S08257,91.2,16.9,52.7,67.3,8.37,44.5,54.45
S08258,82.3,20.3,53.5,66.2,8.63,100.0,67.32
S08259,76.8,24.6,33.8,50.8,4.81,49.3,51.26
S08260,82.7,24.5,63.1,70.9,8.42,46.5,77.63
S08261,74.8,19.6,49.5,59.5,5.79,77.4,55.57
S08262,97.2,16.9,49.9,73.7,5.14,54.4,67.95
S08263,78.1,32.2,65.2,73.0,9.09,54.6,72.6
S08264,79.1,17.3,51.9,61.4,6.29,83.3,52.68
S08265,57.8,14.9,39.7,51.0,6.64,68.6,52.56
S08266,78.0,13.5,49.0,60.8,8.69,69.6,67.37
S08267,88.4,5.9,39.5,55.9,7.13,26.6,56.84
S08268,69.3,23.8,49.0,65.2,7.28,63.0,63.21
S08269,72.5,1.6,36.2,48.5,7.26,34.9,50.74
S08270,87.9,18.0,56.7,64.4,7.92,45.9,64.99
S08271,65.2,16.6,45.4,64.8,7.23,58.5,56.72
S08272,90.6,33.7,58.2,67.2,7.64,54.3,63.48
S08273,74.7,5.2,51.0,62.2,6.9,68.1,54.89
S08274,76.1,11.7,44.3,58.0,7.92,70.4,65.33
S08275,68.8,17.0,38.5,49.5,7.88,71.9,44.51
S08276,83.8,16.6,58.3,69.8,9.78,28.1,57.96
S08277,100.0,14.2,51.1,66.5,7.04,100.0,63.42
S08278,87.8,17.4,54.3,58.4,7.28,54.5,53.36
S08279,71.4,9.2,42.1,58.0,7.79,79.3,58.13
S08280,91.4,20.5,62.3,75.8,8.66,4.7,57.86
S08281,76.8,1.7,36.3,48.6,6.19,49.7,48.98
S08282,93.7,17.8,50.6,70.0,7.62,25.8,69.54
S08283,88.1,13.8,47.9,58.6,4.49,37.8,57.62
S08284,50.6,25.1,44.2,59.3,7.17,56.0,55.66
S08285,70.0,30.3,49.6,59.8,8.79,48.3,68.14
S08286,89.4,15.7,45.9,60.5,6.63,81.3,53.2
S08287,81.5,27.7,54.0,72.6,7.71,90.4,71.6
S08288,69.8,15.8,39.6,56.7,6.87,35.7,48.6
S08289,73.7,11.2,43.3,43.3,6.47,45.2,54.36
S08290,60.9,30.2,52.2,54.8,8.67,34.4,66.0
S08291,79.1,21.6,43.7,58.5,6.25,78.1,54.3
S08292,100.0,18.0,63.1,83.1,7.85,58.2,74.05
S08293,88.0,22.8,51.0,65.5,7.87,55.6,67.99
S08294,100.0,19.9,63.1,75.9,6.48,61.2,66.58
S08295,88.8,17.5,53.8,67.9,7.69,48.8,64.0
S08296,90.3,8.7,45.0,62.7,6.38,37.9,57.98
S08297,99.7,16.1,62.5,80.1,8.13,56.0,67.89
S08298,83.8,22.4,50.1,66.7,5.92,49.7,56.1
S08299,78.1,17.1,54.6,67.8,7.09,61.9,62.83
S08300,90.3,24.3,44.2,61.5,7.2,22.4,70.84
S08301,94.5,20.7,64.4,75.6,8.84,58.7,71.38
S08302,75.2,11.9,46.1,61.6,7.67,41.2,53.3
S08303,72.8,8.8,50.7,63.8,8.65,58.0,52.47
S08304,81.4,16.9,53.6,68.9,8.17,73.1,71.11
S08305,88.3,14.3,63.5,62.6,8.16,43.9,68.93
S08306,88.0,20.4,42.9,68.3,7.1,78.9,62.59
S08307,65.8,13.0,59.6,55.4,8.73,20.2,51.29
S08308,99.1,13.7,59.5,66.9,7.07,85.9,61.31
S08309,73.6,25.4,47.2,58.4,5.42,79.8,54.1
S08310,77.3,19.0,42.3,58.7,7.24,37.3,53.88
S08311,71.0,13.1,39.5,63.2,8.04,37.4,51.11
S08312,100.0,18.1,49.0,58.9,5.57,25.1,54.82
S08313,82.4,27.7,56.5,64.5,6.44,73.4,72.99
S08314,71.5,20.1,45.7,46.4,6.02,48.4,62.6
S08315,88.6,22.2,62.3,74.0,8.44,46.9,63.3
S08316,87.7,12.7,50.0,67.1,9.51,32.5,59.08
S08317,78.1,25.2,53.3,58.6,7.25,91.2,58.95
S08318,88.4,34.2,68.2,84.2,8.14,35.5,79.26
S08319,71.7,12.5,58.4,69.3,8.11,55.5,58.32
S08320,75.1,9.7,46.1,62.2,9.36,59.3,51.83
S08321,59.9,19.2,42.0,58.2,6.72,47.0,62.9
S08322,66.8,24.1,47.2,58.3,7.24,43.0,61.1
S08323,98.1,17.4,52.3,72.0,7.09,47.6,59.33
S08324,96.4,10.6,60.4,75.0,7.59,66.3,74.83
S08325,80.7,17.2,76.8,73.4,10.0,48.1,64.35
S08326,96.6,22.2,51.8,71.9,7.54,87.5,73.29
S08327,78.4,15.2,50.2,60.8,6.47,39.5,70.8
S08328,77.6,22.3,50.3,55.4,6.11,70.1,58.44
S08329,80.6,26.2,61.2,66.1,9.0,19.9,65.97
S08330,78.8,19.7,57.2,66.3,6.47,39.5,61.87
S08331,77.8,17.8,56.0,64.9,8.3,38.7,75.4
S08332,91.4,23.8,42.1,55.6,6.68,32.9,68.93
S08333,81.5,12.0,37.5,57.0,5.98,60.7,49.88
S08334,87.1,11.3,47.9,69.0,8.23,52.8,62.64
S08335,90.3,16.1,47.9,57.5,6.74,9.4,62.42
S08336,83.9,14.6,52.9,65.6,8.01,94.9,61.12
S08337,70.3,12.4,47.9,66.8,8.1,58.5,50.8
S08338,66.5,30.8,43.1,55.8,8.16,55.0,68.24
S08339,81.5,33.2,46.7,73.4,7.18,81.2,72.95
S08340,78.3,15.5,40.6,58.2,8.32,74.8,60.45
S08341,80.9,18.6,39.9,56.8,6.39,49.0,62.49
S08342,79.8,16.7,48.8,49.3,4.56,15.9,43.75
S08343,100.0,25.8,61.4,70.2,8.35,66.3,72.22
S08344,66.7,27.1,45.8,56.5,7.7,35.7,75.03
S08345,60.1,5.6,28.6,48.7,6.77,79.8,47.48
S08346,83.3,21.3,42.8,70.0,5.73,39.5,63.04
S08347,76.2,8.9,44.4,65.8,5.06,46.0,51.74
S08348,83.2,30.3,59.9,70.2,7.56,28.1,57.82
S08349,85.8,21.1,59.2,71.3,9.48,29.8,63.44
S08350,92.8,12.2,52.1,61.1,7.33,52.8,65.77
S08351,64.9,16.3,35.1,56.9,7.07,51.0,48.53
S08352,74.4,16.0,45.1,55.2,7.47,45.5,54.5
S08353,84.3,21.7,65.4,75.1,10.0,96.1,76.13
S08354,87.7,25.3,55.3,73.4,8.4,67.1,64.62
S08355,100.0,10.0,62.0,72.0,6.38,55.2,55.86
S08356,89.6,30.9,66.3,72.3,7.53,0.0,70.57
S08357,79.4,29.2,53.9,67.2,7.9,71.5,66.3
S08358,71.1,11.9,42.1,50.4,6.23,100.0,53.71
S08359,74.4,18.5,66.6,65.7,8.41,51.2,56.16
S08360,74.1,30.0,56.2,59.3,6.52,38.8,59.74
S08361,86.6,26.6,51.7,56.6,5.69,58.3,66.39
S08362,82.6,15.6,53.5,66.6,7.59,26.4,77.88
S08363,66.8,23.7,50.5,59.1,7.4,64.2,60.84
S08364,75.6,39.0,57.2,63.6,7.5,85.0,76.13
S08365,88.8,18.7,45.8,56.1,6.58,41.6,61.34
S08366,83.5,13.6,47.1,54.2,6.75,42.2,56.99
S08367,85.7,19.2,49.6,64.5,8.85,53.4,68.54
S08368,83.8,19.7,59.7,75.1,8.03,45.0,61.04
S08369,96.3,14.3,51.6,62.0,6.35,24.8,56.96
S08370,82.4,21.1,51.4,63.1,5.16,47.3,60.34
S08371,76.1,9.2,37.3,60.4,6.4,43.3,44.83
S08372,70.8,13.3,57.0,63.2,7.69,82.3,62.4
S08373,82.5,23.3,60.0,63.6,6.74,78.1,54.1
S08374,55.6,5.7,29.0,42.4,6.65,82.9,46.92
S08375,78.2,24.3,48.4,61.6,6.79,71.0,61.26
S08376,77.9,3.9,44.5,65.5,7.41,59.1,57.56
S08377,66.4,5.9,38.4,44.8,8.44,37.5,53.05
S08378,70.7,14.5,46.7,63.7,7.5,81.5,66.44
S08379,88.1,20.0,58.7,60.8,7.57,62.0,66.49
S08380,82.3,27.3,52.1,70.1,7.23,30.0,54.96
S08381,81.0,18.4,40.5,56.3,6.9,36.7,45.36
S08382,83.1,16.3,60.3,78.9,8.57,29.7,58.46
S08383,80.9,22.1,51.6,70.0,8.39,14.0,67.9
S08384,92.4,11.9,57.2,76.0,9.95,62.8,60.03
S08385,81.2,19.0,65.1,66.4,8.23,30.2,63.42
S08386,65.4,9.6,45.7,62.9,6.9,39.9,48.88
S08387,96.3,18.6,49.1,79.5,6.41,55.8,67.81
S08388,83.7,17.1,49.2,75.9,8.64,51.2,69.19
S08389,74.1,12.4,51.4,53.6,6.52,40.7,53.71
S08390,67.5,19.2,57.0,63.3,8.47,85.4,67.85
S08391,84.0,19.1,47.9,55.8,6.59,24.5,50.52
S08392,78.8,26.2,48.0,61.5,7.92,25.3,68.59
S08393,95.7,6.8,51.8,64.8,6.23,64.2,58.82
S08394,76.5,17.5,57.3,70.3,8.44,42.5,67.91
S08395,71.6,12.7,41.3,55.5,6.02,41.7,47.32
S08396,89.0,24.1,51.0,59.5,7.83,33.4,51.72
S08397,89.3,23.3,56.0,68.7,7.26,61.8,71.1
S08398,81.7,21.6,56.8,69.9,7.62,59.5,64.81
S08399,86.8,13.1,48.2,67.0,7.03,57.4,66.84
S08400,79.6,24.2,54.0,67.0,7.0,43.3,66.07
S08401,82.3,7.3,52.2,65.0,7.69,40.0,74.39
S08402,91.6,5.9,55.1,62.2,6.3,51.7,64.05
S08403,86.3,9.1,45.0,59.8,6.29,74.3,53.92
S08404,78.3,17.8,43.4,71.9,7.07,86.4,52.02
S08405,93.5,22.7,55.8,75.5,7.02,77.2,64.23
S08406,56.4,1.0,46.2,50.0,6.29,65.1,38.04
S08407,100.0,27.3,53.7,78.4,8.61,74.6,72.06
S08408,62.9,18.9,32.2,50.5,7.1,31.4,49.0
S08409,73.7,7.0,45.3,56.6,7.23,40.7,53.05
S08410,79.6,18.7,45.1,62.7,5.91,65.5,66.17
S08411,78.5,25.6,60.2,70.3,9.99,52.6,65.61
S08412,90.1,22.2,62.5,76.3,10.0,61.8,65.38
S08413,69.4,25.7,54.5,54.6,6.56,74.6,65.7
S08414,82.6,8.4,54.1,70.1,8.97,71.5,70.13
S08415,74.2,15.1,54.1,67.4,7.39,33.2,55.64
S08416,83.0,11.5,41.9,66.1,9.42,55.2,66.45
S08417,79.4,30.0,53.7,66.6,7.9,36.6,71.57
S08418,80.9,22.5,49.2,64.0,7.62,39.5,51.97
S08419,74.5,37.9,33.9,54.1,4.5,20.8,53.34
S08420,74.9,14.7,47.0,62.9,6.45,57.7,53.2
S08421,82.9,12.9,50.9,68.3,7.52,19.3,70.34
S08422,89.4,17.0,52.5,59.9,7.74,62.9,65.74
S08423,74.0,27.6,48.2,55.3,6.04,82.2,57.94
S08424,71.3,15.4,46.7,58.9,6.63,65.6,51.28
S08425,86.1,18.9,62.3,64.6,8.16,56.0,56.62
S08426,79.7,18.7,51.1,64.8,5.84,85.7,66.85
S08427,88.3,18.3,57.1,67.3,7.66,61.5,67.62
S08428,70.9,13.4,66.3,72.3,8.99,37.7,66.95
S08429,62.2,17.0,43.6,56.0,7.96,57.5,47.04
S08430,74.7,16.7,43.2,58.7,7.9,94.2,63.72
S08431,72.3,17.9,49.6,50.2,5.08,33.1,50.24
S08432,79.2,24.6,62.2,64.4,6.51,27.4,58.86
S08433,73.6,30.3,57.6,71.2,9.97,67.3,75.36
S08434,87.4,12.1,58.6,65.2,6.78,50.5,53.12
S08435,77.1,15.3,51.7,68.9,9.02,44.4,63.14
S08436,81.5,12.2,52.1,58.3,6.77,29.8,53.86
S08437,81.6,19.3,55.8,65.3,7.17,16.0,67.1
S08438,81.9,14.2,49.6,71.3,8.12,25.9,65.72
S08439,79.8,19.7,64.0,73.2,7.62,87.3,68.49
S08440,85.1,25.7,69.2,75.4,7.96,54.8,73.73
S08441,72.0,1.0,35.4,41.7,6.52,15.8,44.42
S08442,94.0,21.4,54.5,60.2,6.14,78.7,64.34
S08443,77.6,14.8,52.7,63.7,6.44,79.7,54.11
S08444,66.9,21.2,36.0,56.6,6.86,79.6,52.69
S08445,81.9,11.7,50.0,51.9,7.22,46.5,47.82
S08446,71.5,26.4,46.0,66.7,8.74,49.6,69.7
S08447,86.7,24.4,60.4,68.0,7.6,57.8,70.53
S08448,100.0,22.0,61.6,73.7,8.08,83.0,70.55
S08449,72.1,23.6,49.7,66.6,7.67,43.9,57.5
S08450,83.3,12.8,38.1,59.0,6.16,39.9,54.42
S08451,62.4,13.7,42.0,53.1,7.52,68.9,43.82
S08452,84.5,23.3,58.7,72.8,7.66,79.2,62.57
S08453,71.1,12.6,50.3,59.3,8.41,53.9,56.94
S08454,73.8,28.1,56.7,59.5,6.22,68.4,77.88
S08455,69.0,15.7,47.5,59.6,5.05,57.2,55.37
S08456,87.3,21.5,62.5,78.0,7.71,50.0,70.32
S08457,90.1,32.7,57.7,70.0,7.92,38.4,64.88
S08458,80.2,13.1,51.8,59.6,7.28,31.9,51.04
S08459,71.4,18.5,44.0,62.6,7.53,42.7,65.38
S08460,95.9,25.4,54.8,70.0,8.55,35.5,67.24
S08461,72.5,24.7,57.4,68.1,6.95,60.7,64.43
S08462,58.4,15.7,36.8,44.9,7.17,79.4,53.26
S08463,84.6,14.4,44.9,60.3,7.59,59.1,56.16
S08464,69.0,16.4,44.5,59.1,6.04,36.6,49.63
S08465,89.9,28.1,56.0,65.4,7.32,72.1,59.01
S08466,76.2,16.0,49.0,57.9,7.42,60.9,50.65
S08467,86.0,18.5,73.8,80.3,9.46,64.9,77.23
S08468,94.0,15.0,48.3,56.2,7.14,44.6,56.69
S08469,67.9,22.9,53.7,62.8,7.74,77.7,66.58
S08470,74.3,19.1,54.6,71.4,8.6,77.6,55.82
S08471,79.2,11.0,52.7,64.6,6.5,51.3,61.37
S08472,95.4,11.2,54.8,71.1,9.15,69.4,66.21
S08473,73.4,4.0,50.8,62.6,9.62,77.0,48.59
S08474,74.1,12.2,49.1,66.9,7.47,45.7,63.69
S08475,84.8,23.6,44.7,69.1,6.85,53.4,54.7
S08476,74.2,27.3,48.3,66.1,9.45,56.6,73.31
S08477,81.5,22.8,56.8,66.0,8.45,33.0,65.14
S08478,64.5,21.9,57.0,66.5,7.6,63.8,56.54
S08479,100.0,17.1,60.8,82.2,9.21,75.5,84.9
S08480,66.5,23.4,53.2,71.5,9.09,52.1,67.32
S08481,76.8,20.0,57.5,67.6,7.1,61.8,70.27
S08482,79.7,30.6,55.9,66.9,7.8,83.0,72.56
S08483,99.1,17.3,64.4,67.4,8.19,46.9,67.2
S08484,66.8,27.4,67.2,77.7,7.53,62.2,63.69
S08485,99.8,24.1,51.5,75.6,5.83,43.6,65.94
S08486,87.6,23.1,51.5,60.9,6.37,43.1,62.99
S08487,84.2,3.9,46.5,57.4,5.87,61.8,56.14
S08488,70.2,24.5,61.9,66.3,8.09,59.8,63.34
S08489,85.7,17.1,48.6,61.4,6.08,66.1,62.25
S08490,72.8,14.9,54.0,60.2,7.73,56.5,68.51
S08491,92.7,7.6,61.4,76.9,9.7,64.3,68.28
S08492,70.3,18.0,53.9,59.4,9.21,88.3,51.18
S08493,78.9,18.2,42.7,53.4,5.3,76.2,55.14
S08494,74.4,8.9,39.3,56.3,5.97,61.8,49.44
S08495,70.1,7.7,61.5,50.6,6.57,65.1,52.22
S08496,87.4,21.4,41.9,61.5,6.1,49.0,49.7
S08497,85.4,24.1,41.0,55.6,5.52,51.8,59.63
S08498,92.1,19.3,57.6,78.0,7.49,64.8,65.41
S08499,62.2,26.1,53.0,64.0,8.35,56.8,62.15
S08500,90.6,17.4,61.1,68.9,8.64,70.9,74.05
S08501,100.0,17.6,51.0,75.4,6.93,80.3,62.67
S08502,75.5,11.6,41.6,56.3,7.17,53.0,52.62
S08503,99.0,7.1,54.0,69.4,7.93,14.8,59.01
S08504,77.4,31.0,60.4,73.4,7.37,95.7,70.86
S08505,66.3,25.9,47.3,58.5,8.47,42.0,58.06
S08506,76.9,8.3,50.6,68.4,8.02,58.9,55.49
S08507,90.5,19.1,51.2,68.8,7.05,69.5,74.68
S08508,71.6,17.3,33.5,46.1,5.27,83.2,47.47
S08509,74.0,16.1,47.4,61.2,9.3,91.1,63.79
S08510,85.9,15.1,56.0,58.6,6.68,47.7,59.86
S08511,80.0,20.7,50.6,66.2,7.93,78.8,64.83
S08512,85.8,23.7,56.2,63.0,5.2,59.0,65.19
S08513,82.4,20.8,53.4,67.2,7.49,100.0,62.29
S08514,84.8,17.2,45.4,54.2,7.62,77.0,68.19
S08515,75.7,16.9,53.9,60.7,7.68,51.5,54.14
S08516,82.3,24.6,57.5,68.3,10.0,39.1,68.5
S08517,70.7,21.2,45.8,60.2,6.74,2.5,47.91
S08518,92.9,18.5,65.9,72.3,8.48,68.5,75.97
S08519,73.7,17.7,44.3,62.4,8.13,75.2,54.37
S08520,91.3,20.4,51.1,63.1,6.69,69.9,68.22
S08521,77.7,14.7,46.8,70.3,8.47,7.9,60.19
S08522,82.0,23.8,46.8,63.5,7.3,29.8,62.51
S08523,75.1,10.5,48.6,66.0,8.55,64.6,65.32
S08524,69.8,15.1,50.1,63.5,9.85,90.7,59.09
S08525,62.6,22.3,47.1,62.5,7.68,53.9,67.35
S08526,69.4,10.1,49.3,53.2,7.16,76.8,51.15
S08527,76.8,7.0,47.0,60.7,8.76,34.3,57.44
S08528,82.1,18.4,49.1,64.4,9.18,59.1,62.88
S08529,90.1,6.1,52.1,71.5,6.44,49.5,61.29
S08530,75.5,8.9,41.8,49.3,6.96,78.8,45.64
S08531,71.2,23.3,64.5,79.3,8.31,44.2,68.67
S08532,65.6,16.6,44.4,48.9,7.34,88.5,54.69
S08533,84.8,27.0,52.1,68.7,6.35,48.8,67.7
S08534,93.8,9.6,41.7,60.2,8.15,33.6,59.74
S08535,92.7,17.3,51.1,70.0,8.31,34.3,59.48
S08536,87.1,20.8,40.2,60.2,7.1,42.6,67.36
S08537,86.4,9.8,53.5,60.5,7.57,62.4,58.56
S08538,97.0,25.2,56.9,71.5,6.81,42.8,73.01
S08539,83.3,21.6,54.0,61.7,6.19,38.6,53.04
S08540,86.5,6.7,53.6,65.5,6.9,72.8,55.62
S08541,76.8,17.7,57.1,60.0,7.59,0.0,64.51
S08542,66.4,20.7,42.2,55.2,5.73,46.4,62.69
S08543,73.2,13.9,47.7,62.4,6.99,28.3,57.28
S08544,79.9,7.6,52.6,61.4,7.61,37.6,54.95
S08545,80.6,19.9,52.4,60.8,8.93,59.9,57.66
S08546,99.3,33.5,55.9,82.5,7.12,50.9,80.44
S08547,80.8,15.3,56.3,64.5,6.0,49.1,60.41
S08548,91.8,29.0,47.5,63.9,7.25,78.8,54.2
S08549,75.6,12.7,50.1,61.7,6.82,54.7,45.72
S08550,76.9,19.5,55.7,57.6,8.16,91.1,65.61
S08551,66.7,23.4,41.8,62.0,7.09,69.2,53.62
S08552,72.6,17.9,36.1,59.3,4.25,35.7,43.49
S08553,85.3,15.9,58.4,76.6,10.0,93.7,70.18
S08554,80.1,23.1,55.5,61.7,7.67,60.6,66.31
S08555,89.4,31.2,61.5,63.6,7.61,92.4,81.41
S08556,81.8,20.1,47.6,66.2,5.65,49.7,54.1
S08557,76.5,14.4,45.8,55.2,5.74,60.4,56.14
S08558,100.0,16.7,61.3,71.1,7.39,63.6,61.99
S08559,79.1,35.6,62.2,78.1,7.9,51.6,71.19
S08560,91.6,18.9,67.6,72.5,8.34,80.4,72.43
S08561,76.0,13.8,56.7,67.9,7.78,93.7,61.75
S08562,87.1,10.0,47.6,59.6,6.08,9.1,44.68
S08563,89.3,5.2,45.7,56.5,4.49,71.3,54.0
S08564,82.1,20.5,55.7,74.4,7.38,37.1,68.94
S08565,56.5,22.6,45.5,51.4,6.86,3.1,65.32
S08566,80.2,15.2,41.5,53.1,5.98,65.3,55.31
S08567,92.3,17.9,59.7,71.5,8.49,65.4,69.72
S08568,85.3,9.8,33.1,46.2,5.61,68.6,50.93
S08569,84.5,18.9,62.4,75.7,8.24,62.4,60.21
S08570,62.8,21.4,45.0,57.2,5.81,72.5,47.06
S08571,72.8,14.3,48.3,59.6,7.66,42.9,55.62
S08572,84.1,29.8,57.9,67.6,8.62,60.3,57.34
S08573,84.1,12.1,54.2,50.1,7.09,69.0,50.38
S08574,92.1,20.0,73.5,76.4,9.53,82.1,72.69
S08575,78.6,23.9,62.7,72.4,9.8,55.9,76.91
S08576,84.1,17.5,65.4,61.3,7.78,50.7,65.69
S08577,80.2,16.7,58.4,79.9,8.15,53.9,56.91
S08578,70.1,8.0,45.0,60.4,8.77,31.1,53.15
S08579,57.4,27.5,53.2,63.6,8.15,70.4,66.33
S08580,84.3,16.8,56.9,67.1,8.02,25.9,66.76
S08581,81.7,21.8,47.1,65.6,6.87,62.8,68.28
S08582,73.8,22.7,43.2,53.9,5.48,56.7,62.51
S08583,63.8,13.6,38.3,48.3,5.83,24.0,49.5
S08584,86.3,16.6,61.7,81.3,10.0,25.1,72.41
S08585,77.3,27.3,53.7,72.0,7.89,37.9,67.88
S08586,85.6,10.2,52.1,63.1,7.21,48.1,62.94
S08587,98.6,32.9,69.5,92.8,9.02,84.6,79.83
S08588,58.6,12.8,49.0,52.8,6.6,52.8,49.06
S08589,73.0,9.7,52.8,59.1,8.2,65.9,52.71
S08590,77.9,18.9,47.8,62.5,7.59,80.3,64.07
S08591,94.5,33.5,75.6,83.6,8.05,76.5,79.98
S08592,63.6,4.6,37.6,43.4,7.1,54.9,50.46
S08593,99.4,17.0,51.8,69.4,6.34,40.9,63.55
S08594,81.4,21.3,54.2,74.4,6.51,65.0,70.87
S08595,79.0,18.2,66.4,72.2,6.56,41.3,50.88
S08596,78.0,20.7,54.7,68.2,7.5,91.3,60.87
S08597,75.6,13.0,39.8,55.2,5.63,72.4,57.57
S08598,90.5,13.8,39.6,53.1,6.0,59.2,54.85
S08599,69.3,17.0,38.8,50.4,7.66,65.3,60.35
S08600,83.5,10.1,50.3,62.9,7.35,58.6,59.27
S08601,76.2,17.7,54.8,62.0,7.73,47.6,54.83
S08602,72.4,15.3,40.3,48.9,7.45,65.0,64.28
S08603,100.0,14.7,65.9,77.9,10.0,50.1,68.82
S08604,84.2,20.2,46.6,66.0,7.65,93.7,60.05
S08605,86.1,5.3,43.1,61.2,7.05,41.1,57.96
S08606,91.4,16.4,59.2,65.8,7.62,65.2,59.78
S08607,65.8,34.2,52.1,65.4,8.72,39.3,59.15
S08608,97.5,10.4,62.7,73.6,7.44,39.1,59.89
S08609,54.9,27.0,46.3,51.3,8.32,19.3,60.88
S08610,72.3,18.4,58.0,61.1,7.98,63.2,74.41
S08611,75.4,13.8,62.0,64.7,7.15,44.4,59.51
S08612,85.8,8.8,46.9,57.2,7.63,76.7,52.81
S08613,82.2,19.0,73.6,75.5,9.42,63.3,79.4
S08614,78.3,28.2,55.7,80.1,7.79,58.0,66.25
S08615,79.9,15.3,43.9,50.0,6.32,26.8,49.69
S08616,70.2,17.4,46.1,64.7,7.12,66.7,60.46
S08617,65.0,25.1,39.8,52.6,4.96,41.8,59.01
S08618,87.3,20.4,63.9,65.5,7.66,26.3,65.63
S08619,86.9,7.0,63.4,74.5,9.07,63.6,62.74
S08620,95.8,18.7,60.1,68.9,5.89,29.8,77.53
S08621,72.1,28.6,45.8,67.7,7.68,13.2,57.97
S08622,86.9,17.7,58.8,74.2,8.68,80.9,65.58
S08623,77.2,1.0,40.6,58.2,8.81,43.8,48.71
S08624,91.9,20.7,67.2,75.6,9.04,20.1,74.01
S08625,90.2,16.6,45.1,65.2,5.26,35.7,54.35
S08626,82.1,5.2,53.6,61.5,8.11,40.6,60.84
S08627,76.6,6.2,39.0,44.4,5.69,77.9,46.89
S08628,89.6,24.8,43.0,52.7,6.3,21.7,56.72
S08629,86.5,12.9,60.7,63.9,8.49,28.2,58.7
S08630,73.2,11.6,54.4,65.7,7.69,74.6,58.94
S08631,66.7,17.8,51.5,59.5,8.37,46.0,60.97
S08632,77.1,13.5,33.8,48.6,6.39,59.6,50.24
S08633,95.2,18.7,66.7,75.7,9.27,45.2,73.38
S08634,91.5,16.6,53.2,73.2,8.33,95.4,63.54
S08635,68.9,9.6,52.5,64.1,8.57,29.2,51.36
S08636,68.3,14.4,40.7,53.2,6.2,60.6,51.15
S08637,92.7,21.1,58.8,70.8,8.91,85.1,72.18
S08638,68.6,18.3,50.6,57.2,7.12,47.5,56.77
S08639,85.1,17.4,46.3,60.8,6.77,39.9,54.79
S08640,73.8,31.6,55.7,63.5,8.25,70.3,68.97
S08641,96.2,23.1,63.7,75.3,8.2,75.1,73.52
S08642,72.3,24.0,61.6,59.9,6.48,39.0,60.36
S08643,91.4,16.8,62.1,77.8,9.97,84.2,69.0
S08644,81.8,19.5,64.7,76.5,9.68,56.0,73.73
S08645,82.5,15.0,47.1,69.0,8.23,65.2,61.89
S08646,60.3,23.4,59.6,64.5,8.02,84.8,59.05
S08647,58.0,17.2,41.6,54.8,7.9,70.4,53.14
S08648,77.8,19.6,45.5,53.0,5.64,55.0,51.67
S08649,82.5,19.1,56.7,66.7,7.64,41.6,63.21
S08650,68.7,17.9,44.4,52.5,7.62,100.0,66.06
S08651,69.1,38.6,59.6,58.3,6.81,39.2,67.61
S08652,85.6,13.3,47.2,60.5,7.13,61.4,59.56
S08653,85.6,13.3,48.7,54.9,4.64,65.2,62.52
S08654,78.6,22.9,55.7,66.4,6.18,66.1,64.49
S08655,87.8,13.8,59.9,65.8,8.61,97.6,69.24
S08656,68.3,16.0,58.4,80.6,9.58,56.0,66.58
S08657,76.4,10.4,60.5,59.8,6.37,53.1,53.85
S08658,96.5,21.4,61.3,73.3,7.72,86.0,74.31
S08659,80.7,21.5,58.0,67.0,8.82,52.3,76.76
S08660,81.3,15.8,51.9,66.3,6.88,72.5,52.93
S08661,100.0,23.0,69.7,78.6,8.31,58.9,72.55
S08662,66.0,5.0,57.7,54.0,7.46,73.4,47.51
S08663,88.0,13.1,56.2,60.5,8.93,69.5,59.16
S08664,96.6,16.8,46.6,66.2,5.96,46.9,67.99
S08665,76.8,9.8,51.6,61.4,6.17,18.1,51.52
S08666,88.6,5.8,43.7,62.7,7.84,21.5,58.73
S08667,70.2,15.8,50.4,58.9,7.62,18.2,51.26
S08668,73.1,22.9,53.2,61.6,7.43,53.2,57.67
S08669,83.8,27.0,57.5,74.4,8.19,7.9,61.71
S08670,88.0,14.2,49.7,61.7,6.38,51.8,67.0
S08671,91.2,23.1,42.2,66.7,5.86,57.7,66.63
S08672,95.7,22.5,51.2,67.5,6.9,72.1,60.51
S08673,79.3,26.5,58.8,66.6,7.03,65.1,73.39
S08674,91.9,15.5,41.6,63.9,7.16,73.0,59.24
S08675,76.6,5.4,51.2,69.7,9.02,63.3,61.31
S08676,89.0,18.5,55.9,75.9,8.42,48.5,67.72
S08677,82.1,10.9,40.5,59.3,8.14,52.9,47.45
S08678,84.5,12.9,62.8,67.0,7.77,38.0,57.19
S08679,84.2,15.9,45.0,54.7,6.98,59.6,65.42
S08680,64.0,15.6,46.8,57.8,6.48,23.3,57.16
S08681,68.8,19.0,41.9,44.8,6.06,76.3,46.32
S08682,81.0,22.9,46.4,69.8,6.67,35.9,62.67
S08683,63.1,15.4,44.7,59.3,7.45,58.1,53.07
S08684,88.3,20.8,49.2,59.3,6.11,61.4,67.67
S08685,88.7,18.1,54.2,73.9,7.7,78.3,65.65
S08686,83.3,24.5,49.7,67.6,7.27,21.4,58.38
S08687,68.8,16.7,40.8,57.1,7.02,48.5,58.13
S08688,93.8,17.4,66.3,75.0,8.89,66.0,78.54
S08689,100.0,15.4,48.5,64.7,4.55,90.0,63.14
S08690,81.5,16.9,50.4,55.4,7.04,54.2,61.65
S08691,85.1,12.5,38.1,53.2,4.68,43.1,42.85
S08692,82.0,11.8,61.1,63.8,7.79,95.5,55.43
S08693,85.3,23.4,57.6,69.2,8.41,71.1,60.91
S08694,78.8,10.4,33.1,47.5,5.88,82.5,55.77
S08695,79.7,15.8,48.6,55.7,6.03,30.8,52.05
S08696,89.1,25.1,46.3,68.2,5.46,65.4,68.3
S08697,100.0,15.5,63.0,66.7,7.58,33.3,62.27
S08698,66.0,23.8,54.7,63.2,7.09,28.9,59.35
S08699,79.0,13.9,55.0,57.5,7.17,66.6,53.7
S08700,68.2,10.6,42.2,60.4,7.06,68.0,50.91
S08701,95.9,6.8,49.2,64.8,6.33,45.4,46.53
S08702,74.1,27.2,58.8,62.5,8.86,83.6,66.72
S08703,65.6,10.0,51.6,59.9,7.83,47.6,51.56
S08704,86.4,23.2,45.2,57.8,6.08,49.6,49.62
S08705,97.4,11.0,53.2,67.4,6.66,54.3,63.75
S08706,86.6,27.2,65.0,64.3,6.45,50.1,70.93
S08707,82.0,33.4,59.4,80.3,9.19,80.5,73.05
S08708,84.1,6.2,52.1,54.1,8.35,34.2,47.82
S08709,94.1,10.4,69.2,68.9,7.35,39.9,74.48
S08710,71.3,23.4,55.9,62.6,9.55,31.2,65.77
S08711,78.9,21.6,48.9,68.4,9.24,92.7,53.04
S08712,75.5,23.4,51.3,60.3,7.22,48.5,58.52
S08713,68.3,14.0,55.9,59.1,7.01,39.6,51.46
S08714,76.7,31.9,60.5,65.2,7.07,49.3,63.37
S08715,91.1,18.8,46.4,55.9,6.36,72.0,66.73
S08716,85.7,9.5,59.9,69.8,9.58,68.3,66.58
S08717,86.4,16.2,48.8,55.1,6.29,43.5,60.71
S08718,81.5,9.6,57.9,57.7,8.54,47.0,58.0
S08719,85.2,29.1,55.9,74.2,8.33,25.9,74.93
S08720,72.0,13.4,50.1,52.7,7.13,57.8,52.26
S08721,76.9,21.4,70.2,82.6,9.67,80.6,75.41
S08722,81.9,14.7,30.4,58.3,5.63,43.4,54.2
S08723,82.8,13.7,54.9,69.1,7.4,67.7,58.18
S08724,83.2,4.6,55.1,56.2,6.91,43.4,40.9
S08725,78.6,22.2,47.1,75.3,8.65,33.1,54.53
S08726,76.2,27.1,50.7,53.3,7.92,68.6,77.28
S08727,100.0,11.6,47.5,58.0,5.43,100.0,63.31
S08728,89.1,7.2,51.5,71.1,8.99,65.9,66.49
S08729,84.1,23.6,52.0,71.2,8.08,46.7,74.96
S08730,77.7,6.5,41.8,50.4,6.26,48.0,41.89
S08731,75.5,26.5,57.3,61.7,7.08,93.2,61.61
S08732,78.7,11.7,54.0,58.6,5.94,61.1,48.78
S08733,82.9,10.3,57.8,64.4,7.29,39.7,72.66
S08734,61.2,19.7,53.5,57.2,7.68,53.8,51.37
S08735,64.3,10.7,54.9,66.1,7.1,59.3,62.98
S08736,73.6,13.1,59.2,59.2,6.96,64.4,53.91
S08737,82.1,20.5,48.7,67.1,5.56,85.2,61.79
S08738,77.6,1.0,55.9,63.7,7.9,80.5,63.39
S08739,94.8,29.5,55.7,72.8,5.19,59.0,70.21
S08740,65.2,18.3,46.6,49.8,7.54,54.2,53.68
S08741,72.5,8.9,40.3,55.7,5.34,62.9,62.43
S08742,95.2,10.9,60.7,75.3,7.56,42.8,53.56
S08743,81.3,24.9,63.4,67.0,7.49,74.6,62.73
S08744,88.8,22.2,61.0,76.2,7.98,50.9,67.74
S08745,100.0,27.7,61.8,70.6,8.53,64.8,81.11
S08746,73.1,13.2,49.4,59.7,8.76,89.3,56.89
S08747,79.0,20.1,35.5,59.3,5.57,66.1,61.16
S08748,77.3,21.0,54.2,63.5,7.43,59.6,52.1
S08749,60.5,22.9,56.7,64.4,9.91,44.7,70.48
S08750,76.9,25.9,47.8,70.2,7.64,53.4,69.99
S08751,88.8,13.0,53.0,54.0,6.5,32.3,49.85
S08752,85.4,17.2,55.9,65.7,7.4,65.7,63.24
S08753,86.2,13.7,42.3,59.6,7.04,12.3,53.29
S08754,76.2,17.6,44.7,52.9,6.09,74.4,58.15
S08755,73.4,22.9,63.2,76.4,8.54,69.6,76.04
S08756,92.7,6.4,50.6,61.3,8.2,57.0,54.83
S08757,75.0,25.8,48.3,54.9,5.9,44.3,60.38
S08758,82.9,10.0,51.1,50.0,7.39,54.7,56.55
S08759,81.6,15.8,49.7,67.1,6.82,19.5,58.69
S08760,94.6,26.7,57.6,66.9,5.58,71.5,76.35
S08761,89.7,20.3,56.2,63.9,5.8,51.7,63.24
S08762,67.0,20.4,52.0,56.3,5.98,85.3,50.08
S08763,68.1,9.7,43.9,61.0,7.43,62.8,57.64
S08764,85.8,10.7,53.1,71.3,6.95,59.6,69.79
S08765,79.4,24.6,55.5,55.5,6.35,63.0,62.53
S08766,75.4,13.9,47.3,56.4,7.03,35.5,62.43
S08767,90.2,14.5,52.4,62.4,8.4,46.0,59.83
S08768,81.9,24.7,56.9,67.6,7.93,57.7,69.53
S08769,80.5,10.7,49.9,63.5,8.7,48.9,49.64
S08770,87.8,19.9,50.0,56.6,7.23,43.5,57.07
S08771,76.2,18.3,58.2,70.9,9.42,49.4,66.81
S08772,95.7,18.0,56.9,69.1,7.92,55.9,71.01
S08773,72.1,14.4,47.9,61.7,6.91,100.0,60.72
S08774,86.6,13.9,43.8,62.0,7.61,48.5,66.2
S08775,94.3,10.5,48.5,53.5,6.0,41.5,45.81
S08776,66.2,21.4,34.4,55.7,7.13,51.9,62.87
S08777,76.6,13.3,44.9,53.2,8.02,85.0,52.85
S08778,91.4,24.8,59.3,67.0,8.23,86.5,63.85
S08779,91.6,16.4,60.9,67.9,7.01,94.0,72.81
S08780,78.3,10.6,60.0,68.4,10.0,56.2,57.18
S08781,72.7,16.3,49.3,51.0,7.29,67.8,64.66
S08782,89.6,15.1,45.8,58.8,5.49,34.0,42.38
S08783,91.8,25.1,60.7,74.9,8.96,47.9,67.92
S08784,68.4,15.4,57.8,62.9,8.23,32.7,63.9
S08785,68.0,16.1,42.1,47.9,7.78,64.5,57.66
S08786,82.3,27.9,49.8,65.4,6.94,55.8,49.28
S08787,86.3,21.6,62.9,74.9,7.97,59.5,65.35
S08788,77.0,29.6,58.6,65.3,9.44,38.1,59.12
S08789,86.8,26.8,69.2,69.8,7.74,72.0,73.13
S08790,72.9,11.8,46.9,58.7,5.74,6.9,50.18
S08791,58.9,24.9,42.4,54.8,3.36,50.0,48.33
S08792,75.8,28.7,45.8,62.5,7.96,52.9,63.5
S08793,80.6,28.7,58.4,64.3,6.32,14.6,57.04
S08794,77.2,24.9,48.0,63.6,7.38,62.7,58.65
S08795,68.4,24.8,52.1,66.7,6.53,51.5,67.23
S08796,61.8,15.9,40.6,47.0,6.44,66.2,46.99
S08797,74.9,12.1,47.3,54.8,6.58,95.0,51.99
S08798,89.0,15.5,45.0,59.0,6.69,61.5,65.43
S08799,92.6,6.3,44.7,56.8,8.43,74.5,50.94
S08800,91.9,27.4,61.6,78.9,8.19,82.6,83.94
S08801,71.8,16.0,42.9,55.7,6.05,64.8,62.92
S08802,68.5,27.0,42.2,45.8,6.21,37.7,48.42
S08803,85.0,9.4,42.2,60.3,7.95,22.2,60.22
S08804,86.4,25.6,44.1,75.1,8.76,62.5,55.77
S08805,84.0,14.5,59.1,70.9,8.74,47.0,65.34
S08806,59.9,9.0,38.1,55.8,6.3,80.7,42.19
S08807,71.3,29.4,53.0,63.7,8.69,45.5,69.0
S08808,79.7,25.8,49.3,64.9,5.37,54.7,62.91
S08809,84.9,19.5,59.4,74.6,7.26,31.8,63.25
S08810,87.7,18.2,57.8,69.3,8.08,48.1,59.04
S08811,81.4,21.1,43.3,54.4,5.01,36.1,60.03
S08812,83.3,19.4,73.8,84.3,10.0,38.0,73.6
S08813,80.8,12.5,51.6,68.5,9.09,53.9,57.82
S08814,86.9,15.1,47.1,69.6,8.28,42.9,58.91
S08815,83.1,31.7,54.4,68.5,6.34,100.0,69.25
S08816,80.7,36.7,56.3,69.3,7.42,71.7,71.7
S08817,77.3,28.9,63.2,71.4,8.45,76.7,73.61
S08818,80.8,21.3,46.2,58.0,6.15,52.8,64.09
S08819,84.8,15.6,51.2,66.0,7.28,57.1,67.41
S08820,82.7,12.4,49.2,63.6,8.59,46.4,58.46
S08821,83.8,12.9,51.1,61.1,5.71,100.0,61.04
S08822,93.4,14.1,57.0,65.8,7.9,52.8,62.81
S08823,82.7,33.1,49.6,58.5,5.39,42.9,70.37
S08824,73.5,30.6,49.8,64.4,6.37,39.9,61.92
S08825,88.8,23.2,54.4,69.3,6.89,61.7,66.99
S08826,66.3,11.3,39.1,52.1,8.12,83.4,52.73
S08827,69.2,24.3,55.3,68.4,6.66,76.7,65.95
S08828,83.4,16.3,59.7,63.7,7.65,39.9,65.86
S08829,85.2,2.9,46.7,60.4,6.68,39.4,60.06
S08830,67.5,20.0,46.7,59.4,6.86,79.9,65.18
S08831,76.2,12.1,47.6,62.9,9.0,97.0,61.33
S08832,73.9,12.3,54.7,65.4,6.12,52.1,55.83
S08833,75.1,16.2,61.7,75.8,8.41,79.1,64.98
S08834,89.4,14.5,56.2,61.8,7.5,25.7,66.52
S08835,87.1,17.8,57.0,55.1,6.81,38.1,61.32
S08836,79.8,17.4,54.9,59.4,6.04,34.8,72.13
S08837,74.5,4.9,48.4,50.1,6.12,63.2,48.75
S08838,66.5,28.6,43.6,54.8,6.61,51.4,67.32
S08839,94.2,11.1,51.8,75.2,7.32,59.8,72.33
S08840,85.9,11.3,56.8,80.9,8.22,79.4,75.09
S08841,72.9,15.7,49.4,54.7,7.14,41.9,53.21
S08842,87.2,17.2,57.7,68.6,7.22,56.9,63.54
S08843,79.3,28.2,58.6,69.3,7.4,28.2,65.53
S08844,77.1,19.9,55.0,67.4,8.07,78.3,73.62
S08845,84.4,22.0,41.3,56.4,8.27,76.9,59.74
S08846,72.6,19.9,52.5,65.1,5.84,62.2,55.28
S08847,76.6,19.6,55.6,68.4,7.16,57.4,66.61
S08848,81.2,20.2,70.0,72.4,8.97,44.8,61.41
S08849,75.0,4.5,38.8,57.0,5.92,27.1,50.99
S08850,86.7,16.3,42.8,54.7,7.59,61.1,51.65
S08851,98.7,26.1,58.5,65.0,7.29,70.1,68.03
S08852,72.5,45.0,58.9,70.3,6.82,95.4,82.27
S08853,63.3,9.6,47.6,61.1,9.41,47.1,51.8
S08854,60.0,21.0,55.4,59.1,7.54,60.4,60.38
S08855,78.5,14.0,51.9,71.6,9.31,77.3,71.7
S08856,73.4,32.3,54.0,62.5,7.51,77.9,60.67
S08857,82.1,8.5,50.0,68.6,8.05,42.6,59.17
S08858,81.3,22.4,68.4,74.3,6.81,49.4,71.32
S08859,64.0,8.1,36.8,58.7,6.82,44.5,39.43
S08860,61.9,15.8,50.9,49.6,7.99,37.0,47.09
S08861,83.0,17.8,47.2,61.3,8.01,84.4,72.14
S08862,81.4,25.5,59.0,65.6,8.22,56.3,60.79
S08863,75.7,10.5,44.1,62.5,7.95,53.5,53.62
S08864,63.4,22.6,50.4,63.9,5.9,60.0,45.34
S08865,84.7,18.1,56.1,63.1,6.53,56.1,56.73
S08866,92.7,19.9,61.2,76.8,8.52,50.6,74.95
S08867,82.8,24.7,39.6,63.7,5.15,39.8,63.66
S08868,71.5,9.0,47.5,59.8,7.85,86.3,60.63
S08869,80.4,23.7,51.8,68.3,7.37,43.6,63.65
S08870,66.3,14.0,54.8,52.1,8.52,36.4,49.02
S08871,90.6,25.7,53.7,78.2,8.0,53.4,73.07
S08872,80.8,20.3,57.6,63.7,6.7,98.2,61.79
S08873,62.3,16.5,49.6,68.9,6.65,38.6,45.75
S08874,77.0,13.9,39.8,51.6,6.87,69.2,53.78
S08875,84.6,23.8,56.1,71.9,8.2,50.1,75.49
S08876,76.7,26.8,45.3,60.7,4.74,59.9,65.2
S08877,77.2,14.3,56.7,51.9,7.69,73.4,65.78
S08878,67.8,10.1,38.7,59.8,6.44,20.6,50.22
S08879,85.7,22.9,57.2,72.9,7.73,37.1,61.18
S08880,73.5,7.9,54.8,54.1,7.91,73.2,59.03
S08881,58.4,8.9,38.3,47.7,5.51,56.9,44.84
S08882,76.3,10.6,36.7,56.2,7.23,59.2,50.79
S08883,89.8,15.1,51.7,65.7,7.69,69.2,67.15
S08884,76.1,8.6,53.8,58.5,7.61,37.2,57.53
S08885,97.4,4.4,57.3,67.5,7.35,76.1,57.53
S08886,84.3,10.1,33.0,57.1,6.03,71.4,47.98
S08887,83.4,22.5,51.9,67.3,6.22,59.8,55.91
S08888,78.7,9.1,49.7,57.2,5.85,64.4,54.69
S08889,79.3,15.6,56.4,67.3,8.16,78.3,69.14
S08890,77.4,31.6,59.1,67.9,7.36,43.1,64.58
S08891,77.0,17.7,63.3,62.3,7.44,68.2,56.54
S08892,85.3,20.4,48.0,60.0,5.45,89.9,63.42
S08893,70.6,11.4,48.9,54.5,7.46,67.8,63.93
S08894,69.2,33.1,50.2,59.8,8.26,50.6,77.44
S08895,68.8,14.2,37.1,37.1,5.29,100.0,56.94
S08896,100.0,16.4,53.7,66.8,6.86,59.6,64.36
S08897,85.3,27.2,56.0,69.2,5.62,83.0,61.37
S08898,83.0,16.7,46.6,67.4,7.0,46.6,63.31
S08899,69.4,18.3,53.2,61.2,6.42,76.4,57.95
S08900,86.2,16.0,48.2,58.1,7.96,44.1,58.58
S08901,78.8,16.1,55.6,64.1,7.7,61.5,72.88
S08902,82.1,20.6,61.5,66.1,9.05,42.9,75.14
S08903,70.2,21.9,51.7,71.0,7.44,93.0,67.94
S08904,81.6,13.5,58.3,64.7,7.91,50.6,60.73
S08905,75.8,12.6,42.7,53.8,6.83,32.8,52.0
S08906,72.3,13.7,41.7,58.4,6.18,56.9,43.44
S08907,87.3,8.2,48.5,64.2,8.5,65.7,65.96
S08908,64.6,6.9,48.6,63.7,8.99,54.5,62.42
S08909,85.6,20.1,56.3,63.7,8.35,38.7,59.92
S08910,86.8,24.6,61.8,72.0,7.66,75.7,66.56
S08911,71.2,24.1,50.2,62.0,6.33,80.2,66.74
S08912,71.8,1.3,52.7,47.6,8.87,22.0,47.46
S08913,77.8,16.3,51.8,60.6,8.2,37.5,66.26
S08914,82.8,10.3,60.3,68.0,9.93,51.8,59.59
S08915,78.5,19.0,58.7,63.7,6.11,44.4,58.14
S08916,84.3,15.1,47.5,63.2,8.54,65.5,64.9
S08917,97.6,22.1,49.6,71.9,8.16,91.8,68.55
S08918,74.9,17.9,53.1,60.7,7.09,47.4,56.41
S08919,62.8,4.7,42.6,61.0,9.14,86.5,51.0
S08920,88.3,11.2,45.6,73.7,7.98,25.6,63.94
S08921,96.8,18.0,57.0,61.1,6.38,64.1,69.55
S08922,83.9,18.6,47.0,63.0,7.36,43.1,63.21
S08923,69.1,8.2,51.6,61.3,6.36,64.5,48.62
S08924,78.8,7.2,47.6,54.7,6.94,19.9,59.04
S08925,68.8,18.4,50.2,62.9,8.34,29.3,60.07
S08926,86.4,8.2,49.6,63.1,8.69,64.5,66.01
S08927,66.5,6.3,46.5,50.5,7.77,42.4,41.53
S08928,77.0,14.9,38.0,49.7,6.6,48.5,58.89
S08929,70.0,14.6,34.6,41.6,7.96,91.7,50.0
S08930,81.3,11.9,43.8,62.1,8.37,57.8,55.5
S08931,76.3,13.1,49.2,56.9,5.13,73.0,56.08
S08932,81.8,18.1,47.5,58.1,7.64,39.8,46.67
S08933,80.2,13.0,41.3,56.6,7.27,28.2,55.8
S08934,70.1,18.5,52.2,56.1,8.64,53.4,57.88
S08935,86.3,15.3,67.9,75.0,7.96,25.2,74.34
S08936,79.5,19.2,60.6,66.5,8.08,41.0,65.65
S08937,70.1,24.1,44.5,61.9,6.92,59.8,53.45
S08938,100.0,23.9,55.0,70.7,7.5,52.8,64.84
S08939,84.8,27.0,55.0,65.7,8.63,61.7,54.38
S08940,78.5,23.9,47.8,60.1,7.42,67.0,76.93
S08941,94.2,19.7,60.8,79.9,7.71,31.1,53.79
S08942,98.4,15.0,49.1,74.3,5.66,36.2,58.07
S08943,78.5,15.3,43.9,51.8,7.42,11.4,57.79
S08944,83.5,11.9,36.0,56.8,5.09,47.6,59.32
S08945,70.1,18.0,61.1,57.7,6.88,69.7,70.43
S08946,78.5,22.9,57.8,63.1,7.58,84.8,65.08
S08947,78.0,12.9,47.5,63.2,8.42,58.8,62.07
S08948,81.8,17.7,56.3,66.0,6.3,82.5,60.45
S08949,83.3,13.3,46.1,58.6,7.95,62.7,49.21
S08950,85.6,19.5,58.7,75.1,9.26,57.1,63.0
S08951,82.4,14.2,47.8,66.4,6.73,42.8,47.54
S08952,67.9,12.8,42.4,55.1,5.64,7.3,49.5
S08953,70.6,13.2,43.2,52.3,7.85,79.5,52.79
S08954,74.5,21.5,48.0,56.3,6.07,53.9,56.01
S08955,77.2,17.3,37.6,59.5,6.52,82.8,60.49
S08956,90.5,15.0,55.4,77.6,8.61,36.0,67.56
S08957,68.4,19.8,63.9,63.6,9.75,100.0,71.61
S08958,76.4,15.1,52.7,61.5,6.3,50.0,67.64
S08959,89.5,25.9,50.6,69.7,6.62,41.2,60.69
S08960,77.0,11.2,38.3,47.9,6.97,50.7,39.37
S08961,84.6,16.7,38.0,63.1,6.84,58.4,54.26
S08962,78.6,8.2,59.3,79.3,9.82,53.6,63.24
S08963,82.6,15.6,51.9,66.0,6.86,44.7,62.16
S08964,77.7,6.2,48.7,61.1,7.03,18.9,56.11
S08965,86.7,23.2,71.7,75.0,9.44,38.9,66.7
S08966,64.5,23.4,52.1,59.3,8.19,76.5,54.43
S08967,76.4,23.5,57.6,65.3,8.68,37.4,73.38
S08968,83.0,18.2,41.4,53.9,6.41,20.7,56.31
S08969,85.3,11.8,59.6,64.6,6.86,33.9,61.28
S08970,94.9,12.4,50.1,65.3,6.25,53.2,61.21
S08971,76.1,28.7,52.2,62.7,8.46,39.8,66.55
S08972,94.8,28.0,65.3,77.0,8.97,49.4,74.47
S08973,73.4,18.9,60.2,65.5,6.78,39.0,56.07
S08974,93.3,14.4,66.5,61.3,7.06,75.2,61.73
S08975,88.2,27.6,50.6,71.8,7.12,64.8,81.27
S08976,70.9,13.1,49.3,56.3,5.64,99.4,65.39
S08977,83.1,19.6,53.1,65.0,6.69,47.4,66.92
S08978,79.5,27.5,63.6,78.0,8.43,49.3,71.13
S08979,86.3,12.1,50.7,66.4,6.45,78.7,63.07
S08980,77.8,23.8,57.3,69.8,7.61,62.8,57.55
S08981,76.9,21.6,55.5,63.4,5.93,36.2,65.47
S08982,93.7,17.7,45.1,64.7,7.33,66.1,61.43
S08983,79.0,11.0,49.8,56.8,6.82,62.9,55.5
S08984,88.3,12.9,41.6,53.3,6.03,19.1,52.96
S08985,77.7,20.0,52.1,67.5,8.45,42.0,62.06
S08986,96.7,8.0,57.1,72.6,8.52,58.8,69.37
S08987,73.2,18.9,40.8,55.9,6.34,83.9,65.66
S08988,73.9,21.8,47.2,53.6,7.24,69.0,64.07
S08989,95.2,24.9,50.6,56.2,7.55,43.7,65.37
S08990,75.6,8.2,37.6,50.5,5.32,40.8,40.01
S08991,96.0,27.2,57.8,60.5,5.82,71.0,67.47
S08992,88.9,29.9,68.3,80.3,9.04,6.5,74.2
S08993,78.5,20.9,44.1,68.0,6.22,38.8,63.6
S08994,61.9,10.7,56.9,63.4,9.01,83.2,55.01
S08995,79.8,15.7,49.9,57.0,5.89,60.9,50.88
S08996,81.0,17.7,63.3,64.9,8.29,39.8,65.91
S08997,91.7,19.9,44.4,61.1,7.13,31.0,66.04
S08998,95.9,18.2,58.2,70.5,7.3,71.8,68.42
S08999,73.2,20.0,61.0,75.6,9.73,56.6,74.04
S09000,88.0,17.4,39.5,58.7,5.99,50.6,48.83
S09001,87.7,19.9,71.6,74.3,8.21,62.5,73.82
S09002,90.7,14.8,52.5,71.2,8.16,58.3,56.92
S09003,85.0,15.6,63.6,81.8,10.0,56.8,86.87
S09004,60.6,14.0,46.7,53.9,6.21,28.5,57.23
S09005,78.4,31.4,54.2,66.6,6.75,34.5,67.97
S09006,68.4,28.2,63.1,60.7,8.48,70.0,57.59
S09007,78.0,21.9,64.0,61.5,7.26,66.2,56.37
S09008,89.8,27.3,49.6,59.3,6.94,62.6,76.78
S09009,83.1,23.6,58.9,70.1,8.65,43.3,61.08
S09010,91.5,19.3,60.5,66.1,7.18,70.3,69.46
S09011,83.4,7.5,36.8,51.8,6.43,47.6,60.69
S09012,67.0,16.2,56.6,58.9,8.37,81.0,60.93
S09013,54.8,15.7,55.4,54.2,7.95,40.1,46.59
S09014,81.5,10.1,56.7,54.3,7.12,44.5,45.23
S09015,77.9,7.6,49.6,60.1,7.07,52.0,56.38
S09016,70.2,21.4,56.2,64.6,6.4,71.9,54.32
S09017,63.0,20.3,52.5,61.5,8.37,54.3,59.68
S09018,72.7,9.8,38.1,55.2,7.07,55.8,44.56
S09019,78.1,12.8,44.0,59.3,6.58,47.2,50.57
S09020,86.7,26.1,50.5,66.0,5.96,60.4,60.78
S09021,81.9,11.9,51.8,68.1,7.97,53.6,58.69
S09022,96.1,19.2,54.9,74.8,6.89,39.3,61.54
S09023,69.6,16.7,39.3,58.4,5.08,57.5,53.09
S09024,88.8,21.5,52.8,55.0,6.06,58.0,66.88
S09025,80.5,12.0,58.6,67.0,7.22,100.0,60.21
S09026,86.9,18.6,54.9,60.7,7.25,42.8,63.37
S09027,75.6,19.2,54.1,70.0,7.21,38.2,55.58
S09028,90.7,19.6,41.3,62.5,7.04,60.6,51.8
S09029,83.0,18.6,48.6,61.3,5.73,35.1,59.58
S09030,73.2,20.4,54.2,61.7,6.45,33.5,63.51
S09031,79.9,33.3,68.6,77.7,8.92,26.3,63.26
S09032,77.6,35.9,67.6,84.0,8.74,39.5,76.35
S09033,84.9,13.5,56.1,73.5,8.19,40.0,65.79
S09034,68.2,1.8,47.8,64.2,8.09,29.3,52.14
S09035,79.7,22.2,52.5,66.0,8.59,50.0,61.35
S09036,84.0,19.3,54.7,53.1,6.16,7.7,56.83
S09037,80.3,25.4,50.6,68.8,7.54,64.8,71.36
S09038,93.5,20.0,56.8,61.9,6.16,43.9,57.6
S09039,87.7,18.4,50.8,61.3,6.18,46.8,69.09
S09040,79.9,25.9,56.0,67.7,7.94,66.7,59.15
S09041,82.2,26.9,64.9,73.9,8.64,62.4,77.6
S09042,83.0,8.3,52.6,65.5,7.27,42.4,57.26
S09043,84.0,12.3,59.2,65.9,9.48,64.0,61.62
S09044,61.7,17.3,44.2,58.7,7.75,86.0,45.47
S09045,77.0,18.7,58.2,62.7,6.57,34.8,66.62
S09046,65.2,16.4,45.2,66.7,6.2,70.1,49.91
S09047,92.8,21.0,65.0,68.0,8.72,32.7,69.06
S09048,79.4,25.0,55.0,67.3,7.65,78.5,69.68
S09049,78.1,30.1,53.5,71.2,8.31,40.8,82.7
S09050,89.0,22.1,48.6,57.6,4.31,40.0,55.17
S09051,84.2,12.0,48.8,60.2,7.79,78.0,59.89
S09052,68.7,17.0,49.2,64.5,6.89,69.4,60.29
S09053,79.3,17.5,27.1,54.4,5.83,41.4,51.43
S09054,76.6,21.6,49.6,58.5,7.42,57.5,55.99
S09055,62.6,20.7,51.6,54.2,8.81,40.8,67.04
S09056,73.1,32.4,56.3,74.6,10.0,23.1,68.56
S09057,78.2,14.8,53.6,65.4,7.79,58.8,63.42
S09058,78.9,20.7,47.5,63.4,6.65,47.9,58.22
S09059,65.2,34.5,50.0,59.7,6.58,36.1,58.33
S09060,91.5,13.9,54.4,73.9,8.66,81.1,73.48
S09061,79.0,19.0,54.4,70.3,6.3,36.8,62.04
S09062,80.4,11.4,55.7,73.1,8.25,57.9,49.04
S09063,84.0,18.6,56.3,63.5,7.85,76.6,66.41
S09064,72.1,12.5,49.1,72.0,7.72,49.9,54.52
S09065,84.6,25.3,65.3,71.6,5.62,40.3,56.47
S09066,76.3,19.0,49.1,53.8,7.07,61.0,63.69
S09067,71.0,11.5,37.9,52.7,5.75,64.1,44.68
S09068,85.7,23.9,46.5,64.4,6.79,72.5,65.33
S09069,94.9,19.3,65.7,75.7,8.6,92.4,78.85
S09070,87.2,24.7,70.6,76.8,8.98,45.9,72.2
S09071,89.2,10.0,48.1,67.2,7.76,58.9,61.42
S09072,74.8,20.6,47.6,63.2,6.82,29.6,53.88
S09073,64.0,23.4,52.6,61.3,9.41,68.3,70.13
S09074,94.9,15.0,52.8,63.9,6.8,58.7,61.04
S09075,100.0,9.2,40.7,57.7,6.14,51.4,58.76
S09076,95.4,17.7,64.0,74.0,8.34,42.6,78.21
S09077,76.6,26.6,62.6,74.5,8.05,48.0,57.92
S09078,68.5,25.9,37.7,61.1,6.85,59.7,54.1
S09079,69.3,15.0,58.9,61.9,7.62,35.7,56.86
S09080,63.2,9.0,55.6,64.7,8.03,48.9,55.95
S09081,78.9,15.0,33.2,58.0,7.74,55.3,58.74
S09082,96.1,14.7,44.5,66.7,8.05,24.2,68.6
S09083,78.6,21.1,50.0,71.4,6.89,34.0,56.96
S09084,83.0,17.3,62.6,71.7,8.13,41.8,64.2
S09085,93.8,12.7,56.4,67.9,7.52,86.4,71.59
S09086,76.0,25.7,51.7,67.2,6.93,38.4,64.77
S09087,100.0,19.0,61.0,66.9,7.2,53.9,57.3
S09088,99.9,21.0,53.8,69.9,7.38,34.2,56.16
S09089,78.7,5.9,50.4,57.9,5.77,39.5,47.73
S09090,74.2,1.0,42.2,56.4,6.74,26.2,49.75
S09091,87.0,7.9,41.5,60.8,7.58,68.4,59.37
S09092,76.5,14.6,40.4,47.7,5.88,28.5,44.3
S09093,68.4,22.0,49.9,54.5,6.76,73.1,62.12
S09094,92.8,1.6,56.6,68.7,10.0,64.4,64.06
S09095,92.2,29.1,52.8,68.7,6.14,53.5,61.1
S09096,81.6,19.2,52.8,57.4,7.04,73.8,57.52
S09097,67.4,27.5,50.4,66.5,6.5,100.0,52.18
S09098,67.7,11.8,38.7,54.7,7.36,64.6,44.58
S09099,81.1,21.5,57.9,66.7,6.52,32.6,50.83
S09100,75.0,18.6,49.1,59.8,7.21,84.8,50.83
S09101,76.6,23.7,52.8,55.4,6.64,58.7,70.47
S09102,90.2,16.4,59.0,72.3,8.77,97.2,67.2
S09103,87.3,21.3,53.2,71.1,7.6,44.9,54.8
S09104,93.8,25.7,60.5,69.9,6.3,80.6,72.25
S09105,70.1,13.4,51.2,66.9,8.51,55.0,60.86
S09106,76.6,19.7,48.6,59.2,6.35,100.0,61.3
S09107,87.6,4.8,29.7,53.9,5.62,49.4,42.04
S09108,84.5,22.9,59.9,68.8,7.5,100.0,72.81
S09109,95.3,31.7,66.8,83.8,9.79,63.8,74.56
S09110,84.2,9.3,48.6,61.7,5.31,71.9,59.35
S09111,98.5,17.4,62.5,64.8,5.9,89.0,71.49
S09112,85.4,24.2,63.3,76.3,8.4,39.2,69.93
S09113,90.6,18.2,53.4,71.3,6.73,74.4,56.19
S09114,76.8,19.2,52.0,75.5,8.23,49.1,68.98
S09115,80.1,15.3,63.4,66.2,6.5,58.0,57.87
S09116,89.1,15.0,57.3,57.8,7.67,56.7,63.5
S09117,96.1,17.4,64.3,68.7,9.59,66.4,75.41
S09118,87.3,18.3,49.0,57.5,6.07,65.6,54.41
S09119,79.2,9.7,47.6,68.8,8.73,43.5,71.58
S09120,93.8,17.5,46.8,78.4,8.32,57.5,66.68
S09121,58.1,29.0,52.7,54.3,5.71,8.3,50.87
S09122,65.8,15.1,44.3,57.4,8.17,74.8,62.17
S09123,86.8,9.3,50.6,50.6,7.59,88.9,66.88
S09124,80.1,16.9,51.5,66.9,7.61,58.8,49.19
S09125,86.1,13.0,62.2,70.1,7.9,22.9,54.15
S09126,80.6,8.6,43.5,56.4,7.08,69.9,49.41
S09127,85.7,19.0,55.9,62.6,7.58,39.7,75.33
S09128,71.9,13.0,52.1,59.1,7.79,58.6,54.13
S09129,85.7,13.6,46.8,57.5,8.4,68.7,69.22
S09130,89.9,19.1,41.0,54.7,5.67,65.9,58.73
S09131,92.2,7.3,52.8,62.1,9.05,76.6,53.36
S09132,100.0,5.8,51.6,59.1,6.11,57.9,62.07
S09133,82.4,22.7,57.7,63.9,8.41,58.5,68.35
S09134,82.7,4.5,48.3,63.2,7.6,69.7,50.55
S09135,64.8,11.2,44.7,46.0,5.96,53.6,43.71
S09136,74.7,5.4,43.3,57.0,8.13,41.2,45.36
S09137,78.1,14.6,46.0,52.3,6.37,64.0,50.78
S09138,90.5,21.0,59.3,67.9,8.78,32.4,71.62
S09139,73.9,18.8,43.0,51.4,6.65,53.4,49.21
S09140,88.0,34.7,68.1,77.7,5.71,27.4,72.63
S09141,80.0,25.6,47.0,66.3,9.34,43.9,68.12
S09142,78.2,11.5,57.6,60.8,7.72,44.7,57.92
S09143,82.5,9.6,58.2,62.2,8.54,35.3,49.73
S09144,76.1,36.9,58.6,60.7,6.48,77.0,73.56
S09145,75.7,25.4,46.9,54.0,5.23,75.4,51.24
S09146,63.0,22.1,62.3,60.6,9.51,81.3,61.88
S09147,77.5,18.5,48.8,59.7,7.49,51.2,56.48
S09148,75.2,19.9,55.4,61.8,8.09,46.3,61.58
S09149,74.8,7.6,50.1,56.9,8.29,71.1,56.32
S09150,84.2,19.1,51.1,70.3,7.1,57.6,67.24
S09151,86.6,18.5,55.8,66.7,7.77,57.5,62.7
S09152,82.3,11.7,50.9,65.6,9.41,4.1,51.96
S09153,90.0,14.2,49.8,71.4,7.46,70.1,69.78
S09154,85.8,28.6,70.0,70.6,8.63,67.5,71.89
S09155,77.0,17.1,61.1,59.1,5.11,54.9,56.36
S09156,75.4,32.5,62.4,64.7,8.85,71.3,65.78
S09157,83.1,5.8,48.8,57.4,5.67,67.0,47.12
S09158,85.7,14.3,57.8,72.5,8.71,41.1,73.36
S09159,94.0,7.2,57.1,56.4,7.97,50.6,50.91
S09160,91.9,9.5,56.0,71.1,7.38,34.8,53.5
S09161,74.6,12.2,54.5,63.2,7.38,84.2,56.4
S09162,79.0,20.2,60.8,67.1,7.2,74.5,66.78
S09163,86.7,19.9,46.4,55.8,6.52,38.7,52.53
S09164,90.7,13.2,70.0,76.5,7.25,67.4,58.12
S09165,89.4,2.4,58.4,79.1,10.0,60.6,57.16
S09166,79.4,28.3,60.6,70.5,9.06,41.3,67.85
S09167,67.5,16.0,42.1,52.0,6.45,57.5,45.97
S09168,70.0,10.2,45.2,57.1,7.82,72.2,67.66
S09169,82.7,19.9,57.6,65.5,7.62,73.8,77.02
S09170,83.4,19.4,56.9,65.9,7.33,100.0,72.86
S09171,69.0,15.7,47.9,61.1,6.3,56.9,57.14
S09172,80.4,19.0,51.4,64.7,8.04,50.2,64.61
S09173,86.3,9.9,38.3,61.9,8.52,66.2,65.73
S09174,68.5,23.3,36.5,63.5,6.5,51.3,57.17
S09175,91.0,11.0,60.4,80.9,9.85,43.3,63.36
S09176,76.2,13.8,57.1,62.2,9.33,36.5,73.78
S09177,92.6,22.5,56.7,80.5,8.16,0.0,71.67
S09178,74.7,26.4,44.5,65.0,6.02,69.7,69.82
S09179,69.7,29.1,55.7,73.1,7.98,22.2,76.6
S09180,75.4,25.4,53.4,62.2,7.84,37.4,52.48
S09181,79.0,15.7,50.1,64.5,8.12,60.8,55.76
S09182,76.1,7.2,43.6,58.7,9.41,48.6,54.22
S09183,77.8,27.8,48.8,64.2,7.29,98.0,69.39
S09184,83.3,27.6,69.1,87.4,9.96,24.8,81.91
S09185,78.3,13.3,45.8,61.4,7.99,99.8,59.61
S09186,79.3,24.4,56.8,57.7,7.15,82.6,72.25
S09187,62.9,15.7,62.1,65.3,10.0,73.2,67.34
S09188,83.9,28.5,54.8,67.1,8.5,83.8,74.36
S09189,79.1,14.4,46.4,68.4,6.95,63.1,57.1
S09190,96.1,31.9,67.5,74.0,7.6,20.9,76.02
S09191,70.6,23.5,60.7,65.2,8.26,65.3,67.25
S09192,61.9,30.6,46.2,56.6,7.32,25.4,64.56
S09193,86.2,14.8,43.7,69.9,7.66,44.4,52.33
S09194,83.5,20.8,58.6,71.0,6.52,53.4,68.53
S09195,69.9,11.2,44.4,55.0,5.48,36.8,39.03
S09196,64.7,23.9,52.1,62.0,7.63,73.9,56.41
S09197,95.4,24.3,64.7,76.3,7.67,50.7,75.75
S09198,94.1,34.8,56.3,75.2,8.13,63.2,70.92
S09199,55.1,21.4,46.0,63.6,6.81,54.8,55.55
S09200,75.4,23.1,45.8,51.5,5.89,57.5,50.98
S09201,96.6,14.7,56.2,53.6,6.34,37.3,62.8
S09202,75.2,21.8,60.4,71.3,8.77,31.5,66.1
S09203,75.1,15.3,53.3,67.7,6.7,51.9,58.52
S09204,77.2,18.8,53.5,63.6,6.97,35.7,66.05
S09205,68.8,19.2,49.5,49.1,7.13,82.9,59.34
S09206,63.0,15.5,45.7,57.9,6.76,27.5,54.68
S09207,90.5,18.4,55.1,61.3,6.67,100.0,71.24
S09208,61.6,15.4,38.9,43.9,6.45,61.0,55.71
S09209,82.5,15.3,54.8,63.6,9.18,56.4,57.88
S09210,88.9,25.5,62.0,65.7,8.32,44.2,73.76
S09211,65.5,19.2,56.5,65.5,9.0,68.1,65.56
S09212,70.8,20.4,51.4,61.6,9.24,50.9,70.1
S09213,92.1,7.8,37.6,47.1,4.68,61.0,41.2
S09214,85.3,21.0,45.8,76.3,7.91,71.8,62.12
S09215,73.8,21.7,41.7,54.6,6.8,68.4,56.11
S09216,92.0,15.2,55.6,71.2,8.84,79.8,76.19
S09217,92.1,32.6,54.9,77.8,6.61,65.8,70.93
S09218,82.7,2.0,42.4,58.1,6.24,36.0,48.42
S09219,71.0,23.5,38.7,63.1,5.78,13.4,50.24
S09220,75.9,23.0,40.4,54.8,7.14,59.2,62.82
S09221,82.9,21.8,58.2,75.4,8.6,59.5,72.91
S09222,78.1,19.2,53.6,67.2,7.81,93.5,61.46
S09223,89.4,21.9,55.5,71.0,6.06,52.7,58.34
S09224,64.7,24.1,61.8,73.7,10.0,62.5,73.5
S09225,65.1,12.9,50.7,55.4,8.28,70.5,58.97
S09226,81.8,20.1,56.8,82.7,8.43,65.3,65.12
S09227,75.1,16.7,60.1,57.1,9.04,71.9,67.2
S09228,73.7,10.3,50.5,51.4,5.53,38.6,53.77
S09229,62.3,23.0,41.0,56.4,6.41,35.5,60.95
S09230,80.2,14.0,58.5,69.0,8.49,49.4,68.07
S09231,79.5,7.5,42.0,56.0,6.53,11.5,47.18
S09232,86.5,14.2,53.2,68.3,7.17,54.2,56.83
S09233,80.7,12.4,56.7,60.2,7.41,41.8,70.33
S09234,78.7,25.2,47.7,64.4,5.97,61.4,58.3
S09235,91.8,19.1,49.0,64.8,7.07,49.7,51.67
S09236,66.9,27.7,51.7,71.1,8.6,34.7,57.62
S09237,85.4,13.3,49.2,63.5,8.38,81.2,49.99
S09238,63.3,24.1,46.6,63.0,8.84,56.7,68.7
S09239,71.6,37.9,66.6,77.2,8.71,72.3,87.53
S09240,67.9,20.5,53.9,67.0,7.99,58.7,63.27
S09241,87.8,24.0,53.2,68.9,7.89,64.3,58.1
S09242,79.3,22.9,48.4,62.4,7.8,27.8,68.5
S09243,79.9,8.0,41.2,51.9,6.75,80.6,55.11
S09244,68.9,22.1,42.0,57.4,6.26,72.6,63.9
S09245,77.0,20.1,56.3,54.0,6.67,54.6,62.69
S09246,72.4,16.2,47.4,60.0,7.11,60.8,48.55
S09247,83.8,11.8,61.8,67.8,6.71,75.1,65.72
S09248,70.1,22.9,51.9,72.2,8.0,47.6,54.04
S09249,93.3,11.2,51.2,63.2,7.74,23.3,54.66
S09250,63.2,32.9,58.4,66.3,7.87,47.9,72.64
S09251,71.9,18.8,41.2,58.9,7.92,58.0,63.44
S09252,96.8,9.4,59.9,67.4,8.93,54.4,59.47
S09253,75.6,14.4,42.4,57.8,7.49,81.4,50.03
S09254,66.9,16.1,38.1,49.6,8.71,35.8,53.05
S09255,82.2,34.9,59.2,77.1,8.12,38.3,85.32
S09256,75.2,11.8,57.8,69.0,8.86,33.8,64.0
S09257,71.6,17.2,56.4,68.9,9.44,63.6,78.49
S09258,69.0,14.2,50.3,57.2,8.19,24.5,54.15
S09259,100.0,21.5,44.0,74.7,7.62,69.9,73.52
S09260,77.5,14.3,49.6,56.1,7.62,36.3,54.36
S09261,60.7,10.0,41.3,51.1,6.94,39.5,42.66
S09262,94.9,16.6,58.1,63.4,6.9,90.4,59.82
S09263,86.1,15.9,50.2,65.7,8.58,79.7,66.44
S09264,72.3,13.9,50.0,63.8,6.34,57.4,63.55
S09265,70.7,14.2,50.9,66.0,9.44,28.8,57.46
S09266,86.7,26.3,54.4,63.6,7.32,95.3,76.9
S09267,77.5,15.8,61.3,68.7,10.0,51.1,77.05
S09268,60.7,10.1,34.2,45.6,6.67,60.0,50.79
S09269,97.9,14.8,62.3,69.0,7.8,73.2,69.72
S09270,75.7,18.4,41.5,58.9,7.08,15.7,50.77
S09271,95.0,8.6,54.8,76.3,6.55,42.2,68.8
S09272,92.8,29.4,61.9,73.9,8.78,53.6,67.77
S09273,70.0,24.1,46.1,66.8,6.17,57.6,63.05
S09274,90.3,28.0,37.5,61.7,6.69,28.9,54.09
S09275,73.5,20.7,49.6,64.5,8.2,61.5,55.77
S09276,61.3,3.3,43.4,54.6,8.39,55.7,48.35
S09277,75.8,28.7,58.5,55.7,5.83,88.3,68.14
S09278,84.0,12.0,53.3,67.8,8.2,75.0,68.41
S09279,75.4,12.5,45.6,46.8,7.65,49.6,53.09
S09280,76.9,19.1,53.2,62.5,6.4,51.1,56.65
S09281,91.4,27.6,52.7,68.6,6.55,75.3,63.67
S09282,81.1,25.4,53.6,53.8,5.06,60.7,63.8
S09283,71.6,24.3,59.3,70.0,9.56,27.6,70.69
S09284,87.0,15.8,51.8,66.3,8.72,96.9,67.04
S09285,82.0,15.7,53.0,60.4,5.95,35.2,58.55
S09286,54.8,20.4,51.8,57.9,8.46,100.0,69.26
S09287,84.3,17.1,56.4,62.3,6.81,63.6,67.69
S09288,83.9,24.2,57.4,71.1,8.6,42.3,59.77
S09289,80.2,23.8,55.8,69.8,6.9,7.7,67.81
S09290,88.9,22.1,66.3,71.0,7.06,70.5,77.5
S09291,73.3,1.0,44.8,54.2,7.15,24.0,41.9
S09292,83.4,18.9,48.6,65.3,6.71,62.1,66.73
S09293,64.3,17.2,61.5,77.4,9.18,93.7,84.79
S09294,84.1,19.2,60.9,70.0,8.58,32.2,68.9
S09295,99.5,12.7,54.0,61.0,7.63,69.8,62.09
S09296,70.1,8.7,60.3,60.1,8.73,38.8,56.39
S09297,72.4,21.2,37.8,55.6,5.55,77.7,55.59
S09298,72.9,15.5,47.9,64.1,6.03,56.3,46.27
S09299,81.3,22.0,62.3,65.6,8.07,54.6,56.73
S09300,69.4,13.3,56.5,62.9,8.38,79.1,61.83
S09301,84.2,27.9,52.1,68.1,7.84,67.5,68.1
S09302,88.5,25.0,42.6,55.8,5.24,38.9,62.27
S09303,85.3,20.1,51.9,71.0,6.23,90.7,62.74
S09304,62.3,16.5,52.1,65.0,8.0,24.3,56.92
S09305,90.0,24.0,58.0,77.2,10.0,60.5,79.41
S09306,89.4,20.7,62.0,72.0,8.96,38.5,55.61
S09307,88.3,19.7,52.0,75.2,9.39,25.3,61.71
S09308,83.7,25.3,63.1,74.4,7.91,32.3,65.81
S09309,82.2,28.0,53.6,65.9,7.9,54.0,66.39
S09310,90.3,9.2,47.8,65.6,6.26,62.0,48.83
S09311,99.2,10.6,64.2,76.9,8.64,76.2,64.13
S09312,70.5,12.5,51.9,51.2,7.41,84.5,59.83
S09313,90.8,7.5,57.4,63.6,8.33,60.6,63.99
S09314,79.1,17.6,58.0,59.3,7.54,46.1,43.94
S09315,78.7,22.2,56.5,72.0,7.83,75.8,65.49
S09316,64.6,17.9,55.8,57.0,7.39,42.7,55.79
S09317,77.2,14.3,40.6,61.2,7.77,23.1,49.47
S09318,70.0,25.9,54.8,76.9,8.7,73.8,67.75
S09319,75.4,19.0,45.8,61.1,5.98,81.5,60.3
S09320,69.0,20.4,42.9,51.7,5.71,38.6,56.57
S09321,75.5,26.1,57.8,63.9,8.01,94.2,68.36
S09322,75.9,17.1,57.1,66.3,9.23,66.7,68.55
S09323,81.0,32.4,67.9,72.6,9.53,63.7,76.25
S09324,63.9,14.9,34.8,42.7,6.03,44.7,32.44
S09325,65.5,32.0,64.4,62.5,7.02,75.3,66.21
S09326,83.6,11.2,43.4,59.0,5.72,24.5,44.62
S09327,72.0,21.6,50.6,57.7,6.84,48.2,59.02
S09328,90.7,13.5,56.7,69.5,8.85,40.3,63.36
S09329,82.3,25.8,55.7,70.0,7.48,28.8,64.35
S09330,86.1,14.7,48.3,66.1,7.05,72.3,55.78
S09331,94.1,20.0,60.2,63.4,8.15,61.8,65.37
S09332,76.9,13.4,50.4,50.7,6.55,71.1,56.78
S09333,74.3,24.6,43.7,62.1,9.41,49.4,58.05
S09334,88.7,13.4,51.3,59.6,7.51,74.7,57.16
S09335,85.1,29.8,53.6,71.9,7.02,56.5,58.21
S09336,78.1,11.0,65.4,66.1,8.2,45.6,63.1
S09337,93.9,8.6,61.9,81.1,8.63,42.2,58.58
S09338,77.9,24.7,68.3,72.5,9.42,15.3,69.76
S09339,80.3,13.9,53.5,64.6,7.25,78.3,64.87
S09340,80.2,17.9,56.6,64.9,8.8,76.0,72.95
S09341,70.7,15.7,51.1,62.8,7.62,100.0,58.43
S09342,80.8,8.8,54.0,63.9,6.77,48.3,59.96
S09343,94.0,17.5,63.8,75.2,6.57,41.7,66.25
S09344,84.4,26.9,54.1,64.6,6.18,21.0,51.65
S09345,80.3,25.0,48.0,68.4,6.61,74.2,55.17
S09346,78.4,19.6,61.7,71.7,8.84,69.6,72.9
S09347,83.3,25.8,52.9,65.4,8.35,86.0,75.55
S09348,87.5,10.6,49.9,57.4,6.01,36.7,41.8
S09349,86.1,15.7,51.0,64.2,5.4,69.3,60.82
S09350,76.7,20.8,47.3,65.2,6.17,44.6,60.16
S09351,83.2,17.1,44.6,54.1,6.57,81.9,53.11
S09352,84.8,16.3,49.2,66.8,7.14,65.7,56.62
S09353,69.9,9.6,48.8,53.0,8.91,23.9,46.83
S09354,81.7,3.4,39.8,51.8,6.84,52.4,37.53
S09355,58.4,23.7,51.1,64.7,9.52,16.0,54.15
S09356,84.8,19.7,39.3,52.3,5.48,31.7,58.03
S09357,86.6,24.3,58.3,76.2,7.08,32.9,65.2
S09358,87.5,14.9,58.2,72.8,8.44,42.2,69.51
S09359,76.0,13.0,54.0,58.4,8.52,49.7,46.74
S09360,83.1,18.0,49.5,66.2,7.1,58.3,63.98
S09361,94.2,24.0,60.3,68.5,8.7,57.3,75.86
S09362,94.1,16.4,53.8,70.4,8.47,54.5,50.7
S09363,79.7,23.6,54.3,68.6,6.68,61.6,60.97
S09364,81.4,11.0,43.3,63.5,7.88,30.0,57.89
S09365,91.1,16.9,58.1,70.6,8.34,56.5,74.62
S09366,65.0,17.5,41.4,51.8,6.77,83.7,45.49
S09367,76.8,26.6,70.4,70.4,9.53,51.7,80.54
S09368,93.4,19.5,56.7,68.9,6.5,64.9,68.07
S09369,89.8,30.2,59.3,76.7,7.67,63.0,67.25
S09370,83.7,8.6,39.1,65.0,6.0,72.2,59.94
S09371,64.9,18.9,40.1,52.7,7.62,60.7,68.23
S09372,79.5,19.3,51.5,65.4,6.22,71.9,58.74
S09373,74.1,22.3,61.4,69.9,7.15,65.1,62.48
S09374,83.3,12.3,48.1,55.8,5.6,68.1,48.99
S09375,71.9,29.8,57.3,71.6,8.46,63.8,80.31
S09376,69.7,18.1,51.5,57.3,7.93,34.9,53.0
S09377,59.4,10.4,48.1,58.2,8.8,31.6,46.72
S09378,92.2,17.9,55.7,67.0,7.08,47.9,60.22
S09379,76.0,15.8,50.2,66.3,8.86,86.0,59.45
S09380,81.6,37.5,52.9,71.7,7.55,51.6,68.33
S09381,80.0,25.3,55.4,64.4,7.64,61.2,61.02
S09382,69.3,18.3,65.5,71.0,10.0,15.7,60.8
S09383,67.4,17.2,51.0,57.6,6.92,58.9,57.04
S09384,69.9,24.7,48.2,58.2,8.97,56.7,70.62
S09385,72.8,25.0,52.3,62.6,8.08,1.5,54.88
S09386,83.7,1.0,50.2,56.1,6.81,60.8,43.9
S09387,72.0,22.5,55.5,55.0,5.92,22.0,58.45
S09388,97.5,18.2,64.4,67.6,6.26,40.5,68.59
S09389,90.3,8.8,55.1,67.5,8.86,74.9,72.78
S09390,88.1,24.2,67.6,78.3,9.58,58.1,83.27
S09391,78.8,33.7,58.5,63.5,7.61,46.0,59.35
S09392,95.1,21.9,57.7,77.8,7.67,44.3,57.59
S09393,77.8,25.7,57.0,71.8,8.43,46.6,71.12
S09394,79.7,30.6,56.6,68.1,7.59,58.2,72.03
S09395,81.7,12.2,61.8,63.5,8.82,31.0,70.49
S09396,87.0,5.0,42.8,59.0,7.85,77.5,57.98
S09397,86.4,22.6,58.7,68.4,7.66,32.0,62.46
S09398,75.2,16.3,56.9,56.9,6.66,20.5,62.27
S09399,74.7,8.4,52.7,52.3,6.37,74.8,46.67
S09400,86.4,17.5,45.9,59.4,3.71,46.3,66.01
S09401,87.2,23.1,55.7,69.9,8.98,56.4,70.75
S09402,76.1,17.0,54.7,67.6,7.32,68.1,57.17
S09403,64.1,12.5,52.1,56.8,7.02,40.6,47.41
S09404,77.9,16.4,40.9,57.5,5.16,57.7,54.35
S09405,86.2,17.9,53.8,68.4,6.73,68.0,62.64
S09406,98.1,4.5,49.3,65.6,6.57,87.9,58.03
S09407,68.0,17.0,41.7,59.8,6.55,44.8,45.66
S09408,75.7,8.6,47.2,59.8,7.9,45.7,53.53
S09409,76.1,22.6,53.6,57.1,7.65,66.3,67.15
S09410,93.6,7.1,42.4,51.6,5.87,59.2,47.88
S09411,79.7,25.1,43.0,55.3,5.94,52.3,59.81
S09412,70.9,15.1,38.5,55.6,5.94,86.9,59.7
S09413,85.6,14.2,61.1,70.6,9.67,21.4,69.12
S09414,76.0,20.1,48.1,66.1,9.29,26.6,54.95
S09415,67.8,11.9,30.2,50.7,6.48,21.6,47.75
S09416,71.1,20.0,51.1,57.3,5.13,79.0,65.2
S09417,97.3,12.9,50.1,56.0,7.65,65.3,64.13
S09418,83.8,14.1,51.0,57.9,7.56,27.6,64.62
S09419,81.1,20.8,60.0,77.5,7.88,52.5,73.31
S09420,77.5,10.0,42.9,61.1,8.39,54.4,49.23
S09421,82.9,9.1,43.2,46.8,8.04,10.8,61.93
S09422,82.8,19.7,45.7,60.2,6.16,58.8,66.2
S09423,82.9,17.8,59.7,77.5,7.85,31.4,63.59
S09424,81.1,19.2,55.8,69.3,8.52,69.1,73.79
S09425,88.7,20.3,52.8,65.7,6.63,32.1,61.23
S09426,80.2,18.4,51.6,55.4,7.86,59.4,59.84
S09427,70.2,22.3,51.9,59.1,6.84,80.9,55.06
S09428,73.9,18.7,66.3,64.4,9.9,74.5,61.57
S09429,60.2,3.9,54.9,46.6,5.91,65.1,47.12
S09430,100.0,5.8,57.6,64.8,8.89,53.4,61.52
S09431,88.6,31.5,62.0,78.1,5.5,25.0,60.32
S09432,71.7,18.0,62.1,73.3,9.65,46.2,68.3
S09433,77.2,24.7,50.8,68.2,6.13,50.5,64.98
S09434,73.6,15.6,36.9,49.1,7.73,49.0,54.69
S09435,95.4,17.6,48.5,64.0,5.54,24.3,60.67
S09436,65.8,14.8,40.0,45.7,5.88,63.7,51.34
S09437,81.1,35.3,63.2,70.1,8.58,31.4,74.0
S09438,78.9,19.8,54.8,69.8,8.73,85.9,69.0
S09439,88.3,14.3,50.9,66.5,7.79,58.0,65.08
S09440,79.0,6.4,63.0,68.5,8.39,74.6,57.77
S09441,62.4,31.8,62.7,62.1,8.75,74.2,60.84
S09442,77.5,16.9,36.4,55.5,6.68,96.6,58.14
S09443,70.3,23.2,44.1,57.3,5.82,58.6,57.21
S09444,80.8,24.0,57.9,64.3,7.48,47.2,67.58
S09445,94.3,14.8,61.3,68.4,6.81,47.6,70.78
S09446,62.6,22.7,47.2,50.4,7.97,84.9,58.13
S09447,72.0,13.8,49.1,49.8,8.16,28.6,53.16
S09448,74.5,11.1,46.4,66.8,6.68,37.4,57.15
S09449,76.2,26.2,60.0,70.4,8.34,59.7,62.32
S09450,87.4,16.9,47.1,63.6,8.28,51.9,62.41
S09451,78.3,21.6,43.2,66.3,8.37,74.4,62.83
S09452,84.2,20.9,60.3,63.7,7.01,28.2,68.09
S09453,73.7,22.5,48.5,63.9,8.44,53.7,59.8
S09454,82.3,7.1,64.0,73.7,8.12,51.3,62.44
S09455,87.8,13.9,50.3,60.6,8.27,33.6,59.05
S09456,72.7,15.7,54.1,63.5,9.51,72.6,48.03
S09457,87.8,12.2,56.0,60.3,7.89,53.2,57.58
S09458,80.5,21.0,38.2,61.8,6.77,52.3,58.17
S09459,90.5,26.3,71.0,74.7,6.17,38.5,64.76
S09460,78.0,27.4,56.1,75.5,8.85,47.6,69.03
S09461,83.8,15.6,48.8,68.2,7.93,34.6,68.75
S09462,79.6,20.0,51.6,66.7,9.5,72.3,72.14
S09463,79.0,21.1,47.6,59.6,5.06,75.7,46.84
S09464,82.6,22.3,59.3,72.7,8.59,88.6,74.73
S09465,85.4,11.9,44.1,63.9,7.19,63.7,61.27
S09466,67.5,30.7,42.8,65.7,7.08,48.2,61.33
S09467,94.3,24.5,62.0,66.3,6.58,45.6,53.49
S09468,61.4,24.7,47.9,50.8,8.58,64.8,63.8
S09469,73.2,26.4,44.5,56.9,8.24,59.0,59.38
S09470,79.1,21.7,48.0,62.4,6.13,51.5,60.58
S09471,84.1,10.8,49.3,64.8,7.7,49.8,52.68
S09472,95.8,17.0,70.8,74.7,8.35,78.4,67.8
S09473,61.4,6.4,40.4,50.1,7.71,46.4,52.76
S09474,74.9,20.9,53.6,62.1,8.83,81.9,74.49
S09475,58.7,16.8,45.6,53.4,7.15,58.6,50.12
S09476,80.3,17.7,40.6,50.4,4.79,47.6,60.78
S09477,82.7,26.4,58.9,77.9,7.72,39.3,66.61
S09478,95.9,14.8,50.4,74.3,7.72,51.9,62.23
S09479,81.2,16.2,51.6,68.0,7.87,65.1,53.93
S09480,90.4,18.2,61.7,73.7,8.83,47.5,71.83
S09481,85.8,5.1,49.6,62.8,5.16,72.0,52.09
S09482,75.6,16.1,45.8,59.5,7.21,46.5,55.69
S09483,65.9,1.0,35.7,47.9,6.39,52.5,40.27
S09484,82.8,13.9,56.5,54.0,6.05,29.3,49.43
S09485,65.1,24.0,45.9,59.3,7.41,66.2,62.91
S09486,93.0,21.1,59.1,66.5,8.34,49.7,67.73
S09487,78.4,13.8,61.7,65.0,7.86,86.6,68.12
S09488,92.0,18.3,53.7,67.3,6.67,69.1,58.53
S09489,75.2,10.5,46.3,53.6,7.33,56.7,54.93
S09490,82.7,18.0,55.2,70.5,8.62,79.5,79.4
S09491,82.1,38.5,57.1,77.9,8.32,63.1,71.91
S09492,79.5,30.9,56.7,62.7,6.84,75.2,64.63
S09493,75.7,18.4,43.1,58.1,6.76,37.8,52.61
S09494,83.9,19.1,52.1,54.9,5.44,64.2,51.81
S09495,70.7,11.1,45.7,50.1,6.98,65.1,61.95
S09496,67.9,12.4,41.9,52.3,5.42,24.1,33.43
S09497,92.4,20.5,74.4,85.6,9.98,85.1,71.51
S09498,87.3,14.3,41.4,51.3,6.47,31.8,56.47
S09499,80.7,24.3,58.4,80.9,8.83,29.0,65.12
S09500,96.7,29.0,70.9,80.7,9.68,0.0,76.87
S09501,77.3,20.3,49.1,63.9,7.76,64.5,61.79
S09502,93.2,18.7,61.6,68.9,7.38,22.1,68.22
S09503,81.8,6.2,40.9,52.7,5.91,44.7,49.44
S09504,69.8,23.2,50.6,67.7,6.89,71.8,59.53
S09505,98.5,10.0,60.2,82.2,9.42,58.8,70.47
S09506,89.9,15.1,56.4,60.5,7.92,42.5,60.99
S09507,78.8,24.7,54.4,63.1,7.53,23.2,72.87
S09508,87.3,25.2,61.1,89.1,9.07,52.8,71.49
S09509,76.0,14.7,49.5,60.4,8.34,72.1,63.17
S09510,88.3,15.1,49.2,66.3,7.32,69.0,67.39
S09511,56.1,13.1,46.1,59.4,7.76,90.7,46.38
S09512,69.8,9.6,44.0,58.1,6.58,41.9,43.94
S09513,89.8,13.6,47.5,48.5,6.83,28.7,66.44
S09514,77.5,6.7,49.2,60.6,7.25,61.2,50.31
S09515,82.1,22.8,53.4,76.1,8.17,59.2,67.75
S09516,66.5,20.8,53.8,58.2,6.0,54.9,55.64
S09517,98.5,21.9,74.1,74.0,7.59,40.1,72.22
S09518,91.9,11.3,60.5,63.3,7.03,1.9,56.58
S09519,78.0,9.6,53.7,58.8,6.42,34.9,54.48
S09520,76.0,18.4,54.5,66.1,7.04,66.1,56.47
S09521,90.3,18.4,45.7,73.4,4.71,60.7,58.83
S09522,99.8,17.0,43.6,62.9,6.59,74.3,50.58
S09523,89.5,16.0,44.2,63.3,6.18,61.9,58.17
S09524,100.0,30.0,56.8,66.0,7.16,69.7,74.11
S09525,70.8,21.0,49.3,46.7,4.76,70.3,59.1
S09526,71.8,31.8,56.2,64.0,7.73,55.4,73.78
S09527,68.1,26.9,50.6,66.1,8.59,55.5,62.31
S09528,84.4,29.9,45.6,64.5,7.36,0.0,68.3
S09529,81.8,10.5,66.0,69.7,8.1,41.9,55.48
S09530,78.5,22.2,54.3,62.6,6.88,42.7,58.28
S09531,88.1,15.0,53.4,62.3,5.63,52.8,68.23
S09532,92.3,6.4,49.0,62.2,7.5,36.4,57.7
S09533,64.7,28.5,52.4,56.6,8.32,73.8,64.96
S09534,74.0,15.9,42.8,47.3,5.91,37.4,49.57
S09535,88.2,10.6,51.0,69.9,6.94,77.0,72.01
S09536,75.3,15.1,60.0,60.2,7.2,35.8,61.6
S09537,72.0,12.4,48.2,62.5,10.0,42.9,68.12
S09538,90.2,13.1,54.2,73.1,7.77,41.4,59.52
S09539,67.1,16.4,43.1,50.1,5.21,45.1,43.6
S09540,77.0,30.1,46.5,62.6,4.92,78.6,57.32
S09541,83.3,13.3,60.2,64.4,8.38,48.5,66.27
S09542,74.3,29.6,51.1,77.1,10.0,49.0,80.98
S09543,87.8,23.9,66.6,73.8,7.16,40.2,73.53
S09544,74.3,20.8,41.8,57.7,7.09,49.8,62.38
S09545,94.1,23.2,52.7,69.7,8.02,59.3,69.66
S09546,78.7,18.1,46.2,63.0,6.54,50.7,50.34
S09547,86.7,27.0,43.9,59.6,4.45,52.0,71.46
S09548,87.5,22.0,61.9,57.4,8.74,75.3,71.97
S09549,73.7,6.3,46.2,53.3,6.76,60.5,53.79
S09550,59.5,20.1,51.0,61.8,8.76,32.0,63.38
S09551,83.6,23.5,43.6,56.1,6.59,53.3,49.37
S09552,80.7,16.0,51.3,61.1,7.65,44.2,56.39
S09553,85.6,18.9,57.2,67.9,8.53,65.4,70.32
S09554,77.7,13.7,61.3,76.4,8.78,57.1,64.36
S09555,75.7,8.4,49.8,63.1,7.78,77.6,56.52
S09556,100.0,7.1,57.7,71.7,7.72,40.2,70.34
S09557,65.3,7.2,58.3,55.2,8.24,51.2,54.61
S09558,87.3,22.7,50.5,64.1,8.06,33.7,78.51
S09559,74.3,1.0,38.1,53.9,5.95,54.2,45.09
S09560,76.6,13.3,38.2,56.5,5.97,24.3,55.21
S09561,76.8,12.6,51.5,49.3,4.97,61.4,54.58
S09562,72.0,16.0,61.9,73.7,8.42,53.9,60.52
S09563,85.7,5.0,57.5,59.6,7.03,58.1,50.04
S09564,93.9,20.8,63.4,76.9,8.48,70.8,72.59
S09565,84.7,9.1,54.5,78.9,7.98,59.5,74.12
S09566,81.0,25.9,48.5,60.0,6.3,29.5,57.99
S09567,70.1,13.6,52.0,60.4,7.36,43.9,58.91
S09568,85.2,17.3,44.1,58.2,6.95,53.4,56.75
S09569,100.0,18.0,48.2,67.7,6.77,48.4,65.1
S09570,76.2,19.7,52.3,72.5,8.6,50.9,71.24
S09571,76.2,18.3,69.9,73.9,10.0,87.4,72.18
S09572,74.4,15.0,50.4,62.0,8.84,57.0,56.46
S09573,75.1,20.4,49.0,67.1,7.47,62.6,71.29
S09574,52.5,21.3,51.1,52.7,9.01,14.8,51.35
S09575,84.1,12.6,63.2,72.8,9.56,69.9,71.53
S09576,71.5,21.0,53.0,55.3,5.83,100.0,50.1
S09577,63.9,26.3,47.6,60.8,8.97,81.9,71.41
S09578,87.5,22.9,58.1,67.0,8.42,46.2,83.29
S09579,69.2,24.5,56.5,59.5,8.93,100.0,66.17
S09580,76.6,19.2,56.3,55.7,8.48,55.5,55.6
S09581,94.7,11.4,58.8,66.7,7.23,61.1,67.62
S09582,65.9,12.3,58.3,66.9,9.94,49.7,61.64
S09583,64.7,20.2,49.6,63.6,7.91,49.1,71.73
S09584,82.7,24.6,60.3,61.7,6.98,10.0,59.24
S09585,91.5,37.5,69.2,80.5,8.11,70.7,72.58
S09586,64.3,24.9,58.3,68.3,8.67,49.1,66.51
S09587,84.1,9.8,47.9,63.6,7.61,51.2,60.97
S09588,85.8,12.6,57.9,68.9,7.97,60.5,58.5
S09589,59.4,33.9,58.4,53.1,7.61,46.7,68.79
S09590,88.0,16.5,48.6,62.3,6.71,60.3,60.52
S09591,88.8,18.3,52.7,64.4,6.51,79.1,61.41
S09592,76.9,11.3,53.4,61.3,5.82,63.1,58.48
S09593,92.5,29.0,67.1,86.6,9.32,51.9,76.97
S09594,91.4,21.5,55.3,67.5,7.23,52.5,61.44
S09595,81.0,12.6,47.2,51.0,3.39,59.0,39.78
S09596,75.5,11.0,47.2,60.6,7.98,38.4,51.74
S09597,70.3,20.2,41.0,58.0,7.95,59.2,72.66
S09598,79.6,18.3,40.7,56.9,5.26,68.7,55.12
S09599,85.7,23.8,59.4,70.4,6.5,56.8,60.19
S09600,76.8,21.8,52.3,60.8,6.45,46.5,67.27
S09601,58.0,16.1,42.7,53.8,6.61,49.3,50.17
S09602,92.7,14.2,65.5,74.0,8.96,68.0,71.32
S09603,81.9,16.9,52.8,56.8,7.32,33.0,60.08
S09604,76.2,14.1,46.9,53.0,6.99,38.7,62.82
S09605,88.6,17.1,63.4,61.8,8.85,22.9,56.79
S09606,95.2,18.1,56.2,79.6,8.09,55.7,77.94
S09607,52.0,11.7,38.4,50.8,5.41,72.2,49.65
S09608,84.3,22.4,47.8,68.1,6.76,81.6,64.69
S09609,65.7,15.4,41.8,54.6,7.89,86.0,50.28
S09610,85.0,12.1,43.2,63.1,6.38,41.2,53.79
S09611,81.3,15.5,58.9,75.7,9.94,60.0,68.24
S09612,86.4,19.7,51.1,58.7,7.64,47.0,72.63
S09613,75.0,18.6,44.4,53.6,6.6,88.0,65.76
S09614,61.3,21.0,42.4,55.0,6.15,81.1,52.01
S09615,75.5,24.3,55.6,65.1,8.61,58.4,77.92
S09616,84.1,27.1,44.5,59.0,6.72,42.6,67.49
S09617,90.2,20.0,42.0,68.3,7.96,0.0,63.75
S09618,68.3,10.5,44.5,48.7,6.12,26.3,45.78
S09619,90.3,16.1,55.7,80.5,7.58,18.0,61.27
S09620,73.5,11.0,37.5,60.9,6.74,26.1,53.92
S09621,83.6,29.9,58.4,68.2,7.12,92.6,72.94
S09622,74.9,31.9,54.6,70.8,6.54,29.1,63.17
S09623,81.8,22.6,55.9,70.3,8.73,33.8,73.11
S09624,88.9,24.0,66.6,70.4,6.91,36.6,69.04
S09625,67.7,19.8,56.1,71.7,7.33,100.0,66.38
S09626,73.2,20.6,48.1,62.5,7.39,53.8,66.11
S09627,81.8,6.8,52.7,61.5,9.43,74.9,65.1
S09628,100.0,17.5,52.4,74.3,8.57,58.5,59.16
S09629,71.4,11.8,57.8,72.4,8.45,15.3,63.59
S09630,100.0,20.0,54.5,67.5,5.61,85.7,66.13
S09631,100.0,17.6,60.5,72.6,6.71,63.0,64.98
S09632,79.0,31.6,47.5,66.1,8.93,52.6,68.92
S09633,77.0,24.4,53.7,63.9,6.09,90.2,61.59
S09634,73.1,20.0,47.9,55.8,7.6,48.1,58.81
S09635,79.3,16.1,51.0,56.2,6.22,52.1,56.29
S09636,65.9,29.7,51.2,57.8,6.34,48.1,64.25
S09637,79.2,17.8,57.7,70.7,9.52,76.5,58.35
S09638,95.0,20.3,55.7,77.6,8.36,71.3,71.9
S09639,73.9,18.3,56.3,65.4,8.68,60.6,63.12
S09640,77.6,15.2,48.3,67.0,8.44,34.0,73.19
S09641,63.0,18.3,52.9,56.6,7.33,47.6,44.24
S09642,83.7,4.3,42.1,59.2,6.67,34.0,56.15
S09643,82.6,7.2,48.2,65.7,7.02,78.2,59.53
S09644,80.6,20.4,47.9,61.9,7.27,23.5,63.84
S09645,77.8,29.0,62.2,75.7,9.63,86.9,72.13
S09646,77.1,20.4,41.0,52.9,5.9,80.8,58.08
S09647,85.0,13.0,45.2,63.1,6.84,36.6,57.37
S09648,79.7,7.9,59.4,48.2,6.4,46.7,74.12
S09649,83.1,23.5,63.6,65.0,8.77,40.8,66.13
S09650,82.1,14.0,60.4,74.2,9.72,63.6,62.65
S09651,91.2,22.5,61.1,64.4,7.87,83.2,81.31
S09652,86.8,20.7,58.2,67.4,7.97,78.7,69.65
S09653,81.9,21.3,53.5,73.0,7.61,46.3,67.99
S09654,95.2,18.2,62.8,78.1,8.02,80.1,78.14
S09655,84.2,20.7,52.0,79.5,8.43,78.4,69.36
S09656,93.0,17.2,66.9,74.9,8.01,51.2,66.65
S09657,86.1,13.6,55.1,66.6,8.1,54.8,63.26
S09658,61.6,11.3,52.1,58.7,8.43,85.8,51.37
S09659,93.0,1.3,53.9,55.9,5.37,76.2,44.28
S09660,81.4,16.7,55.1,64.1,7.5,79.5,57.71
S09661,79.5,28.6,51.5,60.2,7.87,100.0,53.6
S09662,82.8,23.1,63.3,77.2,8.0,65.9,68.05
S09663,76.6,19.6,61.1,70.1,7.29,61.5,61.27
S09664,82.3,12.9,40.1,53.2,7.69,82.2,60.09
S09665,74.1,25.0,49.3,57.4,6.64,94.8,62.73
S09666,92.7,17.2,51.0,64.7,5.37,42.8,58.69
S09667,78.9,29.0,57.1,71.7,8.68,51.0,77.07
S09668,76.2,11.1,37.3,47.3,6.14,34.6,45.52
S09669,70.8,12.8,41.8,55.7,7.31,61.9,46.72
S09670,82.7,12.1,37.3,58.5,6.6,72.8,39.42
S09671,81.9,7.6,60.9,72.4,9.4,36.0,62.48
S09672,83.9,11.4,59.2,74.6,7.4,77.7,63.29
S09673,69.7,18.7,56.3,63.1,7.13,45.9,66.75
S09674,64.0,13.0,48.3,52.0,8.4,44.3,48.24
S09675,86.3,1.0,57.8,63.9,10.0,77.6,65.42
S09676,94.8,25.5,66.8,83.1,7.99,42.5,59.49
S09677,69.7,6.2,42.6,61.5,7.05,26.9,41.65
S09678,95.9,22.1,55.0,72.2,8.34,69.9,72.74
S09679,82.8,18.2,43.9,59.6,5.61,52.4,60.55
S09680,79.9,32.8,57.9,70.0,7.56,79.0,61.48
S09681,76.0,25.0,56.0,69.0,9.89,71.7,64.96
S09682,66.2,14.5,50.3,51.1,7.69,20.0,52.74
S09683,89.9,13.1,45.8,65.8,7.63,81.3,61.05
S09684,72.2,28.5,51.7,72.6,7.52,93.0,71.21
S09685,72.2,7.7,47.6,57.3,7.03,75.7,58.62
S09686,89.9,19.3,57.4,68.5,7.88,76.5,59.73
S09687,61.2,17.1,44.5,54.7,8.43,50.0,57.48
S09688,64.8,15.6,50.0,59.6,7.1,45.5,50.41
S09689,79.8,20.5,45.4,61.4,4.51,59.2,58.18
S09690,82.9,19.3,42.5,65.0,8.06,73.4,59.63
S09691,84.8,21.2,64.8,66.7,10.0,72.9,77.8
S09692,77.0,19.0,47.6,69.2,7.05,46.2,63.59
S09693,100.0,20.9,50.6,70.5,5.73,44.2,58.39
S09694,77.7,18.7,49.1,62.8,8.31,25.2,49.87
S09695,77.7,13.4,50.2,62.9,9.59,67.9,69.04
S09696,72.0,18.0,52.9,60.8,8.14,47.2,55.48
S09697,81.2,13.0,60.4,74.9,9.57,49.0,62.27
S09698,86.1,12.5,56.0,58.1,8.45,89.6,67.23
S09699,92.0,15.6,63.2,75.6,8.35,67.0,62.86
S09700,65.1,17.2,49.0,58.1,6.88,61.5,56.66
S09701,77.5,18.2,40.4,60.5,7.84,71.6,59.26
S09702,84.5,24.4,49.8,59.8,7.46,83.4,64.55
S09703,85.9,14.5,59.7,59.2,7.42,22.7,66.84
S09704,80.1,19.4,44.0,71.5,7.2,43.7,63.51
S09705,85.4,18.8,38.4,61.4,7.77,50.4,65.45
S09706,71.9,13.7,54.7,68.1,5.94,35.4,54.22
S09707,95.6,18.5,61.6,78.9,8.47,49.7,66.31
S09708,89.9,25.0,50.0,66.0,6.45,24.0,69.41
S09709,66.6,19.3,42.5,56.8,7.2,73.4,52.8
S09710,69.2,19.6,54.3,68.1,7.9,44.6,61.85
S09711,69.5,13.1,47.0,61.3,6.39,59.0,56.43
S09712,86.8,31.8,53.3,67.1,5.14,56.0,61.45
S09713,67.2,13.5,44.3,60.4,7.04,66.1,49.63
S09714,76.7,6.3,34.6,55.5,5.78,5.8,43.52
S09715,84.5,24.0,57.7,72.1,8.35,64.0,73.75
S09716,79.3,17.2,53.9,58.4,6.12,49.5,59.69
S09717,82.6,15.9,54.3,71.1,9.28,63.1,57.61
S09718,69.3,14.2,51.3,55.7,7.49,31.4,66.1
S09719,85.9,31.1,55.7,68.2,7.57,63.3,72.61
S09720,73.9,20.5,48.7,58.4,5.12,81.0,54.5
S09721,76.8,21.8,47.0,61.6,7.67,58.8,60.31
S09722,82.4,19.1,53.0,71.5,7.4,40.7,61.57
S09723,81.0,19.9,51.1,57.7,5.94,41.5,55.56
S09724,80.2,27.8,51.5,55.4,7.6,66.5,71.5
S09725,72.5,16.2,50.0,66.0,7.02,66.4,73.03
S09726,77.0,7.8,47.1,58.4,7.24,62.1,50.85
S09727,80.0,24.1,53.8,66.4,7.53,54.2,62.02
S09728,66.2,21.5,43.3,51.9,6.93,59.1,54.65
S09729,75.4,18.8,57.8,56.1,7.8,53.7,52.31
S09730,83.9,21.3,48.3,59.9,7.4,47.4,64.52
S09731,67.2,15.4,50.8,62.9,8.07,70.1,59.77
S09732,91.6,18.1,48.6,63.7,6.87,61.2,63.09
S09733,92.7,17.1,51.4,62.9,6.22,80.8,51.25
S09734,67.5,13.9,48.4,47.5,6.65,77.3,39.11
S09735,93.6,26.3,62.2,86.3,9.23,60.5,74.79
S09736,78.6,8.1,33.6,55.8,8.65,66.9,57.48
S09737,84.2,34.5,54.8,84.5,8.96,35.9,64.59
S09738,75.0,24.1,44.2,65.5,9.04,53.4,69.27
S09739,89.2,5.6,49.7,69.5,6.94,61.9,55.85
S09740,84.1,16.4,53.9,62.5,7.85,23.3,55.37
S09741,71.9,16.8,47.5,51.9,7.59,63.6,56.78
S09742,68.3,20.7,48.1,60.0,8.29,35.8,50.94
S09743,65.4,11.1,45.9,57.5,7.15,38.0,36.08
S09744,81.9,18.2,44.4,64.9,7.61,44.4,67.21
S09745,85.7,17.2,59.6,70.5,7.59,54.4,64.58
S09746,86.5,12.8,54.8,78.5,8.14,28.4,58.96
S09747,78.8,11.9,46.5,63.4,8.29,72.1,55.6
S09748,68.4,24.4,48.5,59.0,7.61,58.5,55.74
S09749,73.2,6.1,46.0,55.9,7.65,93.5,51.76
S09750,91.5,21.3,49.1,63.4,7.77,61.0,64.32
S09751,75.2,23.6,62.3,73.1,9.48,66.4,74.27
S09752,81.4,16.5,51.6,65.0,5.42,37.9,52.79
S09753,69.2,18.4,46.2,63.1,6.34,31.4,48.59
S09754,83.4,26.1,63.7,71.4,8.31,67.4,67.94
S09755,75.4,13.1,66.1,67.3,7.82,33.1,75.75
S09756,90.5,13.8,43.6,60.1,7.82,67.8,61.01
S09757,87.7,14.5,56.1,73.4,8.3,89.1,69.21
S09758,75.0,26.2,45.9,56.0,7.76,73.9,60.81
S09759,78.7,27.0,61.9,64.4,6.83,66.4,76.99
S09760,74.5,8.2,51.1,40.4,8.25,60.4,57.42
S09761,65.8,25.0,45.9,52.8,7.53,47.3,51.45
S09762,71.4,23.7,48.1,56.9,6.96,52.7,59.87
S09763,82.0,28.9,66.6,71.7,8.33,43.7,69.25
S09764,83.3,20.7,59.0,63.3,8.28,28.7,66.62
S09765,81.5,17.7,56.7,60.9,7.76,55.7,68.08
S09766,77.0,26.0,68.8,81.8,9.56,77.2,67.94
S09767,89.3,22.9,66.9,72.9,9.09,29.2,73.27
S09768,80.6,33.7,67.5,67.1,8.7,83.0,70.39
S09769,87.0,24.7,63.0,71.6,10.0,79.3,82.78
S09770,62.3,19.1,33.1,45.6,7.32,62.9,56.6
S09771,40.8,9.8,36.7,42.6,6.94,63.1,30.0
S09772,82.8,13.9,50.8,67.1,8.53,51.3,54.95
S09773,65.8,7.9,48.5,48.5,7.2,55.8,41.62
S09774,77.9,16.5,40.4,59.7,7.51,45.7,56.12
S09775,77.0,24.5,54.6,70.0,6.32,55.6,65.27
S09776,95.9,18.0,60.2,78.4,8.23,57.8,74.85
S09777,84.0,25.2,52.4,66.1,5.73,92.6,63.43
S09778,81.7,20.4,56.7,68.5,7.38,66.3,63.12
S09779,88.4,15.2,53.5,64.7,7.48,50.8,63.52
S09780,83.7,18.6,49.8,70.2,6.98,53.0,81.04
S09781,75.4,21.3,52.2,61.2,5.39,40.7,48.27
S09782,90.7,19.0,52.8,59.3,5.38,44.0,48.0
S09783,68.9,19.1,50.5,57.6,6.6,73.2,54.22
S09784,83.2,12.6,52.8,61.8,8.15,45.1,55.35
S09785,64.5,15.0,48.2,57.0,7.85,42.6,50.07
S09786,82.0,33.8,57.5,76.2,7.48,43.1,71.47
S09787,81.9,26.6,41.7,59.2,6.44,40.4,53.04
S09788,96.8,7.7,46.9,61.3,7.91,77.5,56.57
S09789,64.4,1.4,35.0,49.5,5.34,57.9,39.56
S09790,74.0,18.5,30.6,54.2,4.62,49.4,47.76
S09791,88.2,24.3,55.0,64.3,7.21,55.6,65.03
S09792,83.4,14.4,44.6,67.1,6.84,59.3,57.75
S09793,81.8,25.2,58.1,75.6,8.72,40.1,64.5
S09794,70.4,18.4,51.0,58.2,7.69,27.2,55.47
S09795,74.1,16.9,44.8,68.9,9.48,81.8,63.33
S09796,92.5,23.3,57.5,63.4,6.84,74.8,72.78
S09797,79.5,14.3,49.8,60.7,8.08,62.6,50.72
S09798,83.8,16.0,37.8,52.7,7.2,73.4,56.56
S09799,78.8,22.7,55.4,64.3,9.16,93.3,69.19
S09800,68.2,17.8,50.0,63.2,7.26,44.3,58.38
S09801,89.3,31.4,59.7,74.6,8.53,32.6,74.48
S09802,85.0,22.9,48.4,56.8,6.21,68.2,53.06
S09803,100.0,22.4,58.9,69.6,7.0,25.7,68.4
S09804,69.8,17.7,45.8,54.7,7.4,55.8,56.42
S09805,88.2,24.1,59.4,74.9,9.02,49.0,74.49
S09806,66.9,15.7,31.6,57.3,4.86,68.5,47.87
S09807,81.6,20.0,48.9,63.7,7.1,45.4,57.39
S09808,89.8,11.6,63.0,70.2,7.06,79.0,70.29
S09809,59.3,25.3,41.7,57.8,5.01,40.1,45.21
S09810,78.0,20.0,52.1,59.8,6.94,69.1,52.5
S09811,74.4,31.9,45.3,65.5,5.65,41.7,54.32
S09812,73.0,34.7,44.4,54.7,4.7,66.0,62.29
S09813,83.9,23.3,52.6,64.0,7.19,34.7,58.63
S09814,91.2,18.5,59.8,68.0,7.14,54.5,64.79
S09815,78.7,11.4,56.0,62.4,7.21,81.4,67.65
S09816,82.1,24.3,52.9,65.9,7.8,57.3,58.49
S09817,81.1,19.5,49.6,63.2,6.44,78.7,50.83
S09818,80.0,21.8,58.3,69.3,9.65,54.5,73.39
S09819,69.1,30.1,57.1,65.7,7.46,44.9,60.18
S09820,91.1,12.2,61.1,64.5,9.04,58.4,58.22
S09821,83.0,11.5,44.4,60.1,5.48,67.4,53.56
S09822,83.9,16.3,55.8,69.8,6.5,16.9,58.63
S09823,71.9,23.7,57.0,67.4,8.32,65.4,60.39
S09824,75.4,21.9,46.5,64.3,7.23,36.2,62.99
S09825,78.2,11.7,45.8,52.6,6.21,31.2,46.76
S09826,64.7,23.3,41.5,59.3,5.29,65.8,49.73
S09827,63.1,9.6,41.1,55.2,8.38,81.8,41.62
S09828,74.0,12.1,49.5,53.2,8.28,59.3,41.39
S09829,85.2,17.2,61.1,75.5,7.79,27.9,66.51
S09830,73.5,14.1,53.7,64.1,6.9,41.6,49.04
S09831,69.8,24.2,52.5,69.0,6.16,46.6,59.68
S09832,71.9,20.0,54.8,71.1,7.44,58.9,74.1
S09833,75.4,30.4,51.1,68.4,5.92,53.6,66.83
S09834,76.5,16.3,44.2,59.8,6.6,64.9,56.63
S09835,100.0,17.1,65.8,81.7,9.01,75.0,76.93
S09836,90.5,26.5,41.4,54.8,5.28,61.9,73.06
S09837,90.2,17.4,53.4,67.5,8.31,73.0,54.75
S09838,91.7,28.5,70.9,95.7,9.29,49.6,79.9
S09839,70.0,21.8,50.3,54.3,8.48,100.0,71.16
S09840,67.8,1.5,48.6,57.6,7.98,66.1,52.59
S09841,68.9,26.2,47.5,59.2,6.94,68.7,67.87
S09842,93.3,24.4,59.1,74.8,6.72,90.2,67.12
S09843,74.5,24.7,35.2,52.5,4.8,56.8,45.95
S09844,67.5,4.6,51.9,63.2,7.54,42.1,63.47
S09845,75.7,13.4,41.2,56.3,7.02,81.1,55.61
S09846,77.6,13.9,39.4,59.3,6.66,82.3,60.51
S09847,82.7,12.1,58.3,67.6,7.48,58.1,66.55
S09848,82.5,30.2,56.9,67.9,7.57,90.2,78.42
S09849,71.7,17.9,45.5,55.0,6.74,53.3,56.94
S09850,86.9,17.7,69.3,83.0,9.44,73.6,75.57
S09851,73.6,21.9,58.4,70.2,8.38,85.3,69.97
S09852,78.4,22.0,53.4,71.9,8.58,57.0,62.38
S09853,86.9,1.0,47.7,66.4,7.38,64.1,61.21
S09854,73.6,13.5,57.1,61.5,8.11,75.5,56.94
S09855,74.3,8.1,38.3,50.9,6.43,47.7,54.97
S09856,85.9,20.8,65.8,71.6,8.3,38.7,73.07
S09857,71.4,16.0,45.5,62.8,7.25,81.7,44.78
S09858,76.2,18.1,42.1,56.7,6.27,61.1,60.34
S09859,85.6,3.5,55.7,64.6,7.47,44.9,57.55
S09860,100.0,15.8,60.8,66.9,7.15,56.9,74.14
S09861,86.1,25.8,53.2,76.9,10.0,65.2,83.36
S09862,84.7,27.9,57.5,74.9,8.02,23.6,69.7
S09863,85.3,23.0,54.3,74.0,9.4,69.3,72.67
S09864,69.3,8.7,54.8,63.2,8.86,63.2,50.04
S09865,81.2,26.8,65.6,76.9,7.55,88.1,71.36
S09866,79.7,23.1,55.2,64.8,6.97,50.6,73.12
S09867,83.2,17.2,42.0,63.5,5.41,82.5,57.62
S09868,81.2,3.8,50.2,61.8,6.45,54.1,58.29
S09869,83.8,24.7,57.4,63.9,8.3,57.8,67.18
S09870,76.9,13.9,48.3,59.1,7.14,60.6,56.06
S09871,80.6,20.4,51.5,66.8,7.95,96.9,69.07
S09872,67.7,18.5,41.9,47.8,5.06,30.2,31.33
S09873,76.8,28.8,55.7,73.2,8.04,64.9,71.47
S09874,93.9,17.1,45.5,57.9,8.82,55.8,49.6
S09875,83.2,17.9,46.8,62.4,5.37,54.4,56.71
S09876,79.8,29.1,56.0,72.1,7.95,66.7,64.73
S09877,99.0,13.4,63.3,66.3,9.11,77.1,62.24
S09878,66.4,23.7,43.8,62.3,9.52,65.6,71.45
S09879,68.9,16.6,49.6,55.8,6.9,79.7,63.29
S09880,97.1,11.0,58.0,78.8,8.44,50.0,64.68
S09881,80.5,18.0,60.4,66.5,9.22,54.0,80.27
S09882,77.6,22.8,44.5,66.1,7.98,35.0,67.49
S09883,68.0,27.5,48.7,69.1,9.04,94.7,66.7
S09884,84.5,28.3,45.3,62.7,7.46,51.3,53.5
S09885,85.4,15.9,55.4,73.8,7.97,49.1,63.82
S09886,69.1,11.1,42.4,51.6,6.75,67.1,47.22
S09887,78.6,15.8,49.5,68.2,7.3,77.1,58.3
S09888,76.6,9.7,41.7,70.9,8.02,41.2,58.75
S09889,82.6,16.5,42.6,63.5,6.66,78.7,55.22
S09890,68.8,15.6,32.2,54.5,7.23,48.9,59.27
S09891,92.5,23.1,52.1,68.2,8.41,83.6,66.45
S09892,89.2,2.6,53.5,77.9,9.96,44.2,56.28
S09893,76.4,12.9,38.4,55.7,5.04,69.7,54.76
S09894,77.8,12.9,56.6,66.3,9.87,55.9,63.32
S09895,78.6,26.3,57.9,74.5,7.19,32.5,71.43
S09896,72.2,10.2,46.7,60.5,8.66,26.7,55.76
S09897,75.6,19.6,58.4,71.5,8.89,40.1,56.81
S09898,77.3,17.1,61.3,68.2,9.38,74.9,68.6
S09899,96.1,25.3,63.5,68.4,6.63,16.1,62.15
S09900,89.5,22.2,58.4,65.1,7.23,61.7,67.25
S09901,89.3,18.8,55.4,66.1,7.44,59.9,61.12
S09902,83.7,14.1,44.2,62.6,7.07,21.4,54.83
S09903,68.8,5.0,51.1,58.9,9.08,39.1,53.83
S09904,79.6,19.7,50.0,59.1,7.41,39.0,63.97
S09905,89.7,21.7,58.6,61.5,5.56,56.1,59.45
S09906,67.4,7.0,43.2,58.9,6.74,84.3,34.58
S09907,86.4,9.4,44.7,56.5,5.61,76.5,48.16
S09908,100.0,19.8,66.3,65.6,7.23,47.8,69.2
S09909,90.6,20.4,55.6,70.5,8.31,38.4,73.86
S09910,94.1,11.1,51.8,62.8,6.71,23.8,59.73
S09911,82.2,14.0,62.1,67.7,7.02,47.4,67.48
S09912,89.7,5.1,51.6,60.2,7.17,37.0,56.14
S09913,72.8,27.6,60.2,73.8,7.67,54.3,69.18
S09914,88.0,8.9,62.5,68.9,8.12,55.0,61.3
S09915,86.5,21.8,54.8,68.6,8.47,45.5,72.96
S09916,82.9,17.8,65.8,73.6,10.0,45.9,79.53
S09917,93.2,27.0,57.3,74.5,7.65,41.1,64.75
S09918,74.6,12.5,63.6,69.4,8.38,44.8,63.22
S09919,78.1,18.4,54.6,58.6,5.59,83.7,51.89
S09920,81.0,6.1,51.8,60.6,7.04,65.4,65.24
S09921,69.7,4.4,50.1,55.0,7.18,65.6,52.0
S09922,82.3,22.2,46.2,64.9,6.28,75.2,61.6
S09923,62.8,5.5,51.4,47.9,6.86,73.5,42.0
S09924,90.5,16.4,48.9,63.4,7.37,83.5,61.73
S09925,80.5,25.1,55.1,64.6,6.89,66.8,64.39
S09926,74.8,23.2,55.4,76.7,10.0,59.1,63.21
S09927,71.7,13.3,55.2,68.6,8.11,43.2,60.26
S09928,77.7,6.9,65.6,72.8,9.9,38.5,57.9
S09929,86.9,21.6,63.4,69.8,9.29,72.6,73.77
S09930,85.5,27.4,56.3,68.0,6.73,52.8,60.94
S09931,72.9,13.4,48.0,68.5,7.55,27.8,57.49
S09932,71.5,12.4,46.8,56.2,6.98,13.1,50.37
S09933,86.6,14.3,50.3,64.5,7.31,98.0,64.32
S09934,72.8,22.0,57.5,63.3,6.33,35.3,60.74
S09935,80.6,26.6,58.1,63.0,6.97,41.3,65.26
S09936,81.2,9.3,49.0,57.9,7.93,79.6,53.2
S09937,83.1,7.5,51.3,58.9,7.9,30.8,58.72
S09938,88.6,34.4,78.2,79.6,7.8,65.6,81.26
S09939,67.4,16.8,49.3,60.7,7.43,91.4,62.48
S09940,60.9,19.8,58.7,64.1,8.53,97.3,63.04
S09941,74.3,13.2,44.5,59.9,7.19,46.1,53.62
S09942,98.0,21.4,66.4,89.9,9.17,54.8,70.79
S09943,100.0,24.7,49.8,79.0,5.28,47.1,63.05
S09944,98.3,20.1,57.4,74.0,8.29,54.6,67.19
S09945,78.1,30.2,61.8,75.7,8.09,81.0,78.47
S09946,62.2,15.7,38.2,54.1,6.69,27.0,41.81
S09947,56.6,16.2,36.1,54.5,7.07,68.0,42.59
S09948,73.9,19.6,56.5,70.5,8.06,51.1,63.11
S09949,78.0,21.3,52.9,63.8,8.6,82.4,60.81
S09950,93.0,19.6,48.5,72.4,5.4,81.3,61.36
S09951,88.7,9.0,43.4,70.1,8.25,46.9,56.52
S09952,82.3,20.2,44.2,65.6,6.95,52.8,56.66
S09953,71.1,15.4,54.0,67.5,8.85,72.9,57.69
S09954,70.4,13.9,39.9,52.8,5.29,74.7,44.89
S09955,82.5,18.2,65.9,76.2,10.0,5.6,66.09
S09956,87.0,11.3,43.5,62.8,6.44,72.8,48.19
S09957,83.9,10.1,55.0,69.1,9.22,87.9,67.92
S09958,69.7,1.0,43.7,55.3,7.42,60.1,43.01
S09959,86.5,30.2,53.7,67.3,6.52,74.0,71.13
S09960,84.3,21.9,59.1,68.8,7.82,80.6,63.96
S09961,69.3,17.2,45.8,70.0,8.73,59.4,66.96
S09962,72.2,13.3,45.8,55.2,5.64,71.3,52.82
S09963,86.9,1.0,58.2,64.8,8.34,55.3,51.25
S09964,77.7,12.9,44.8,60.5,7.49,54.0,71.25
S09965,95.9,23.0,62.9,70.0,8.19,41.8,67.86
S09966,85.0,24.6,57.8,74.5,7.51,58.5,65.25
S09967,75.1,22.5,53.5,63.3,6.81,92.7,60.31
S09968,79.9,19.1,48.4,58.9,6.16,37.0,59.42
S09969,80.6,27.1,66.1,71.7,8.31,67.3,62.85
S09970,72.7,15.7,64.3,60.3,8.3,61.4,62.78
S09971,70.9,25.6,57.9,76.4,8.29,84.5,58.97
S09972,87.0,15.3,56.8,69.9,8.01,88.3,65.53
S09973,88.5,11.8,56.2,78.6,8.63,36.5,71.44
S09974,86.0,11.0,48.9,65.6,9.19,43.5,57.6
S09975,95.2,10.5,39.0,59.9,5.25,44.6,58.94
S09976,74.6,22.6,36.6,55.7,4.69,45.3,42.71
S09977,96.7,12.8,63.3,79.4,9.56,47.0,66.54
S09978,71.0,10.8,41.2,50.4,5.89,61.9,41.87
S09979,69.9,23.0,55.9,52.6,6.2,38.0,68.54
S09980,62.4,20.3,31.5,62.1,7.15,40.8,50.54
S09981,75.5,24.7,47.1,55.1,5.52,39.2,52.88
S09982,75.0,21.6,52.9,75.9,7.04,64.9,62.61
S09983,85.3,12.7,54.0,60.4,6.36,53.7,57.86
S09984,82.4,18.5,53.0,72.1,7.22,50.2,60.85
S09985,68.1,18.9,52.0,64.7,7.84,38.2,51.85
S09986,76.1,11.6,48.7,62.9,7.09,22.9,62.55
S09987,76.3,10.3,49.8,56.7,7.03,87.6,62.56
S09988,62.2,13.2,46.1,54.3,7.81,49.2,54.59
S09989,70.2,32.3,70.0,72.5,8.75,100.0,76.68
S09990,72.3,15.1,58.1,68.5,9.42,70.5,65.45
S09991,94.3,26.6,59.5,72.1,7.24,91.6,69.71
S09992,81.9,14.7,53.8,66.7,9.69,74.9,61.91
S09993,86.6,24.2,57.1,67.2,8.55,58.2,78.26
S09994,65.0,24.3,54.2,55.0,6.02,43.0,60.59
S09995,91.9,24.7,38.3,63.0,5.99,35.5,52.39
S09996,93.0,20.7,55.1,64.7,6.81,77.4,63.13
S09997,60.0,27.6,54.2,58.8,9.23,60.3,66.67
S09998,72.9,20.6,52.0,61.8,6.9,67.3,62.44
S09999,85.0,30.0,52.1,52.5,5.23,71.3,65.83
S10000,86.4,6.7,58.8,65.3,7.23,62.1,50.1
