student_id,attendance_pct,study_hours_week,assignment_score,internal_marks,prev_sem_cgpa,activity_score,final_exam_marks
S06781,94.5,24.1,70.5,74.1,8.76,53.8,91.22
S09121,92.4,27.1,76.0,91.8,,84.7,89.68
S04870,74.2,11.2,71.9,57.8,7.15,76.0,71.08
S02579,65.1,8.9,52.5,49.81,6.51,25.7,45.56
S08169,89.0,24.1,85.3,90.4,8.96,74.2,95.55
S08918,65.1,23.5,63.1,60.2,7.05,35.4,56.59
S04174,40.5,2.0,52.2,44.0,4.92,53.8,30.08
S08502,65.7,12.2,58.0,62.0,6.52,60.6,49.25
S06869,85.7,,83.7,91.9,9.15,76.7,89.65
S09156,52.6,5.9,43.5,41.3,4.0,46.9,34.95
S05927,65.5,8.1,41.4,33.5,,54.1,42.71
S03536,67.9,7.4,93.4,73.8,8.24,67.8,70.53
S01449,56.2,8.4,55.3,47.0,5.76,31.0,40.0
S00544,82.9,24.9,94.1,87.4,,72.9,86.41
S09924,84.4,16.4,60.2,62.9,,,69.91
S05773,100.0,30.8,91.4,100.0,8.36,81.7,100.0
S08374,56.0,2.0,52.1,55.7,,18.1,50.32
S05787,63.5,11.7,60.0,48.6,5.31,71.5,50.85
S03032,57.2,11.8,61.3,46.4,6.28,22.3,53.8
S06030,70.5,9.9,81.0,71.2,8.77,81.4,76.49
S01832,71.0,14.9,72.4,59.3,6.61,54.0,70.01
S09458,84.8,17.0,69.2,77.0,8.99,68.0,88.07
S03465,74.8,20.1,,82.7,5.89,81.0,72.76
S07339,74.1,18.8,,50.7,6.93,69.2,72.09
S09668,92.6,20.8,81.5,74.2,7.67,59.7,78.2
S03997,81.9,19.3,67.4,83.6,6.86,61.5,85.49
S01606,88.7,20.3,79.0,72.6,6.84,59.9,59.97
S08598,77.6,8.3,64.1,58.0,7.61,26.9,60.63
S07560,40.0,8.3,32.1,30.0,4.0,,19.71
S01939,83.4,16.3,86.9,73.0,6.8,68.2,82.81
S05309,73.9,26.5,75.1,65.6,9.22,59.8,91.02
S03737,50.6,18.1,46.6,59.3,5.96,43.1,64.27
S00691,,16.3,78.2,74.5,6.22,65.1,78.29
S03097,81.7,24.5,74.9,54.3,7.58,57.3,62.33
S07005,53.1,2.9,47.7,44.8,6.01,26.6,34.24
S07762,91.7,20.2,83.6,87.9,9.18,68.3,85.27
S00048,67.9,7.2,71.3,56.8,7.23,52.8,66.59
S07057,77.8,16.7,90.2,73.8,7.17,79.5,79.72
S09219,99.0,16.2,79.6,74.4,7.01,66.4,68.89
S05975,87.3,22.3,78.3,76.0,8.52,94.9,85.34
S09313,87.3,15.0,64.6,67.2,6.0,81.7,63.03
S07065,63.3,16.1,,71.4,7.31,49.1,61.95
S04344,78.0,29.6,70.0,69.5,8.22,82.1,81.26
S07592,85.0,23.1,84.6,75.9,6.33,67.3,83.8
S06608,85.2,16.6,85.3,67.2,7.03,49.9,77.98
S05513,78.5,32.8,92.7,77.2,10.0,87.1,86.22
S07014,81.6,20.0,93.7,68.9,8.4,71.2,79.67
S06150,62.9,20.6,65.3,53.2,8.03,,62.93
S01296,80.7,17.7,82.3,78.1,6.38,56.1,63.22
S04568,88.4,19.9,75.7,72.0,6.6,56.0,68.7
S01456,63.8,9.9,80.1,63.1,8.21,64.1,76.87
S03687,60.8,9.8,73.8,,5.76,37.9,42.8
S01632,71.8,11.8,99.7,74.6,8.38,71.1,75.82
S08789,72.8,15.8,97.8,77.3,8.29,78.4,86.92
S00686,76.0,17.6,,67.6,5.9,73.2,69.55
S00702,71.9,21.3,66.46,71.3,7.64,66.1,82.54
S04832,45.8,2.0,54.6,39.7,4.96,32.4,33.11
S09823,78.5,16.0,,77.2,7.89,81.8,73.01
S03695,73.7,9.0,78.1,72.8,8.31,71.2,69.49
S09958,65.1,9.4,69.3,77.2,8.17,48.8,73.53
S08016,90.7,10.2,75.8,81.2,6.7,45.5,62.86
S07418,86.5,19.3,100.0,77.8,8.67,79.8,100.0
S04185,89.6,29.0,91.9,78.1,9.81,71.6,84.93
S08767,78.6,10.7,69.5,75.8,7.55,70.3,69.28
S01658,81.0,18.9,78.8,71.2,7.65,63.1,71.42
S03841,92.4,37.3,100.0,98.8,10.0,87.6,100.0
S04124,87.7,18.9,75.1,77.4,6.05,48.4,78.35
S06296,70.8,16.8,57.1,61.1,6.71,46.9,56.69
S03506,64.2,23.0,,55.2,6.49,53.7,54.98
S03245,90.4,23.2,73.5,60.7,7.72,62.0,79.13
S07126,89.3,32.6,81.2,87.2,10.0,92.5,91.44
S07145,79.9,13.0,75.2,47.3,7.19,40.3,66.39
S09517,59.7,8.0,47.9,45.9,5.58,49.7,46.42
S09386,79.7,18.1,66.6,73.2,6.53,77.7,87.44
S08743,80.3,12.4,66.4,71.0,,40.4,82.17
S06836,75.9,17.4,79.3,70.5,,62.5,71.34
S06792,76.9,21.4,77.1,69.8,7.51,86.2,73.82
S02013,65.4,8.7,57.3,52.8,7.87,45.3,60.2
S07873,68.3,7.4,37.1,47.8,6.27,43.1,46.74
S00049,51.0,7.8,38.7,30.0,6.16,19.0,36.72
S07067,88.0,19.6,80.9,86.7,9.52,73.6,91.65
S01014,80.1,10.8,51.9,59.9,6.98,59.3,64.7
S05859,83.1,27.7,,58.9,7.69,62.4,77.96
S06762,74.2,10.2,52.8,48.0,5.13,62.5,46.92
S08643,78.9,7.2,56.5,32.9,6.76,46.1,59.45
S09368,60.1,14.5,66.9,52.4,5.75,45.5,56.0
S06962,73.5,28.6,83.5,98.4,9.16,74.7,100.0
S04902,84.4,22.5,71.4,49.0,8.15,57.4,69.83
S04073,73.7,8.2,60.7,34.2,6.5,53.2,48.01
S08868,62.8,3.8,75.1,58.5,5.97,35.4,53.27
S07096,75.6,19.7,63.8,73.4,8.64,53.0,79.43
S02367,94.1,16.9,83.4,78.9,9.14,54.3,97.29
S06095,62.8,18.4,54.7,67.8,6.17,30.8,55.75
S00506,81.4,19.4,62.0,68.2,8.32,63.6,80.3
S05041,70.8,20.9,63.7,46.4,6.01,60.8,62.74
S06279,71.1,19.9,89.5,87.0,8.46,,86.16
S00416,60.4,12.0,63.2,52.5,6.3,43.8,50.68
S07924,89.8,14.2,81.2,70.1,5.11,40.7,61.39
S03890,78.7,16.8,70.4,62.4,6.0,23.8,72.9
S07589,82.2,31.7,86.8,100.0,10.0,70.2,100.0
S09937,89.2,19.5,74.0,77.2,7.84,66.3,83.77
S04482,78.8,18.4,47.7,50.4,7.13,40.7,65.91
S08728,76.0,19.9,58.8,60.1,7.02,47.8,58.5
S05191,82.2,17.5,87.7,92.8,9.21,53.5,98.52
S02518,87.6,19.2,67.1,74.9,6.81,45.5,79.09
S00656,68.9,10.9,76.7,66.8,8.07,32.3,53.33
S04851,,22.0,91.1,83.4,7.56,79.3,85.05
S02647,100.0,28.0,82.8,100.0,10.0,93.1,93.8
S09572,88.7,14.9,,100.0,9.06,62.1,96.26
S06755,44.6,2.0,30.0,30.0,4.0,36.3,4.46
S04372,62.7,14.9,41.6,54.2,5.26,44.3,46.42
S09014,67.7,16.7,49.2,69.0,6.49,55.1,55.65
S08948,62.0,7.2,53.6,49.8,5.83,45.1,43.57
S02461,94.7,30.5,87.8,87.4,4.74,74.6,67.76
S01743,76.7,22.6,84.8,,8.88,,73.97
S04676,90.9,32.3,78.8,87.8,8.43,90.6,87.35
S09665,79.2,24.2,64.8,,6.72,62.1,84.84
S09168,91.2,15.8,68.8,76.65,5.78,67.1,81.1
S06153,84.7,20.0,75.4,66.8,6.87,63.2,80.33
S02279,87.6,20.3,83.1,76.7,8.88,80.8,97.68
S03387,80.6,19.3,72.6,66.0,6.08,48.7,74.81
S01704,72.4,16.4,69.7,82.5,6.74,49.8,75.3
S01076,72.1,6.1,47.6,54.9,6.23,66.8,59.98
S03880,72.8,16.7,72.8,78.8,5.49,56.2,58.76
S03528,75.4,9.5,57.3,47.0,5.6,37.6,50.88
S08276,92.5,14.7,78.4,80.9,7.96,79.7,76.44
S07153,84.2,14.7,82.6,82.5,6.38,51.7,69.4
S05412,66.3,10.8,83.5,73.7,8.59,29.8,61.22
S03976,80.4,20.3,,64.1,8.13,51.2,87.39
S09134,84.9,14.5,75.9,75.3,7.12,73.4,95.65
S00253,76.4,16.8,80.7,54.3,8.79,72.1,81.89
S01481,69.5,2.0,60.8,48.9,6.72,51.9,70.17
S05140,56.3,7.5,35.2,53.7,5.47,56.0,55.2
S04224,66.6,14.3,91.6,,9.42,84.8,99.83
S08418,41.5,2.0,66.8,35.8,4.0,48.5,27.62
S07263,100.0,30.4,100.0,100.0,9.79,71.6,98.39
S02641,73.7,15.3,56.9,53.3,7.06,60.7,50.3
S00404,69.9,13.6,95.5,71.0,,75.2,92.35
S02785,70.9,18.5,60.6,58.8,7.27,48.0,60.69
S03604,95.7,21.8,83.9,65.2,8.9,62.3,82.76
S01375,85.7,22.0,70.2,81.8,7.57,77.6,82.36
S03459,79.7,8.6,67.9,51.4,6.61,45.5,63.2
S00888,78.9,16.3,51.1,55.1,6.21,45.1,53.12
S01077,57.1,8.9,58.5,47.0,5.43,48.6,60.72
S09693,78.7,17.4,80.8,77.0,6.04,43.3,87.72
S05325,58.8,12.6,47.1,44.7,4.61,30.9,35.89
S05175,49.3,8.6,51.9,41.8,5.84,56.2,41.06
S09164,68.1,9.4,73.0,53.5,8.3,59.5,54.65
S07567,86.4,,100.0,100.0,9.81,70.7,100.0
S00304,47.3,2.0,39.9,44.3,5.31,37.0,34.16
S07703,63.8,8.4,54.9,43.3,7.49,49.8,47.89
S01551,81.9,15.3,77.4,85.7,8.04,79.8,85.87
S08824,56.9,13.9,79.9,70.4,6.48,48.8,60.31
S02953,71.0,14.5,69.0,64.0,8.31,63.9,73.63
S08590,,18.8,94.0,65.4,7.16,76.7,78.59
S04752,84.0,25.8,88.5,80.3,9.51,,96.03
S04137,59.9,2.0,44.8,32.6,5.76,60.9,39.17
S09200,74.1,8.2,85.3,65.2,8.21,62.8,82.3
S05489,70.8,15.7,69.2,56.5,6.32,47.0,63.63
S05833,79.1,16.1,50.6,62.4,6.94,45.4,58.02
S00905,85.0,21.1,83.2,77.2,6.39,78.4,80.3
S02889,75.4,19.4,79.0,68.9,5.35,,66.01
S01205,72.7,17.1,43.9,39.4,5.7,37.2,47.92
S04385,,12.9,71.8,69.7,8.05,57.3,59.12
S01508,78.9,12.4,74.6,85.4,7.95,69.1,89.83
S04292,71.0,10.0,76.5,65.6,8.28,55.3,71.22
S06191,69.1,,73.5,47.7,5.83,63.2,49.33
S04031,66.8,2.0,47.6,60.7,5.71,31.5,35.34
S03579,81.2,9.1,61.8,47.6,5.79,,39.58
S06064,60.7,11.5,71.0,65.6,7.54,67.1,69.75
S09414,77.9,14.2,74.7,62.6,6.81,70.1,60.17
S02381,79.1,16.9,89.0,79.8,8.06,59.7,76.83
S00026,69.1,14.5,70.3,66.3,5.47,59.6,62.15
S09116,51.6,16.1,58.2,56.1,5.61,62.8,53.82
S07122,66.6,12.0,77.4,67.5,8.48,57.6,68.93
S00273,80.1,23.1,91.3,79.4,9.68,59.1,94.61
S04497,71.2,7.9,49.7,59.8,4.65,31.5,54.15
S02867,69.5,2.6,49.4,30.0,5.25,27.0,41.71
S00847,67.3,13.2,71.7,67.0,8.84,51.7,82.51
S03253,95.9,37.9,93.5,100.0,9.86,93.4,100.0
S08768,80.2,18.6,72.4,75.4,6.81,54.0,80.33
S08116,100.0,28.4,91.1,88.5,9.24,67.4,99.74
S06897,70.3,8.8,83.5,71.6,8.29,73.0,75.46
S01719,91.8,24.0,91.0,84.0,,100.0,95.59
S06013,68.4,16.8,71.7,,6.11,37.4,59.8
S09696,70.5,23.3,74.3,66.1,8.16,72.6,77.69
S00407,82.3,,89.2,83.2,8.24,83.3,85.09
S03300,72.0,11.8,51.5,56.6,7.45,49.6,52.5
S09574,54.6,2.0,49.6,42.5,4.95,39.2,22.49
S09570,67.4,6.2,74.5,51.9,6.35,63.3,51.67
S01092,85.5,22.4,78.8,84.5,6.68,61.8,81.95
S04419,64.1,25.3,77.8,76.6,8.2,46.6,80.95
S04038,90.6,23.3,88.2,88.6,8.67,62.7,88.5
S00168,84.6,16.8,83.6,,6.08,48.5,71.38
S03474,72.0,10.4,84.1,64.0,8.3,75.3,73.2
S02048,87.9,20.8,66.6,69.4,7.78,37.3,79.5
S03916,71.2,13.6,61.9,63.4,6.54,64.7,78.47
S08902,69.8,9.4,66.5,68.9,7.08,56.0,66.55
S05608,61.4,13.0,50.5,46.0,5.89,25.3,45.4
S01175,92.6,31.8,100.0,100.0,9.69,70.8,96.69
S07318,66.5,33.4,89.8,75.9,8.75,71.4,76.67
S03941,73.4,9.0,44.5,48.1,4.56,39.9,41.05
S03712,70.8,27.9,91.2,85.8,9.5,66.3,95.0
S04731,74.3,7.1,70.4,53.1,7.35,54.5,60.99
S04421,68.5,4.0,45.6,51.5,5.99,38.5,41.88
S00727,100.0,18.3,76.3,59.4,8.14,,76.13
S08477,88.6,22.5,77.9,83.6,7.03,74.0,92.15
S01186,75.8,3.7,80.9,,6.56,54.5,73.19
S03849,76.6,19.5,85.5,81.1,7.23,,79.55
S08162,73.0,15.5,59.3,38.4,6.21,44.4,43.5
S02672,69.1,2.0,57.9,38.8,5.27,63.7,43.58
S00118,53.1,6.8,49.3,49.9,5.84,41.6,42.8
S03834,84.1,24.0,81.3,82.1,6.57,77.6,80.53
S00894,76.8,21.5,61.2,74.5,6.93,59.8,84.25
S00476,75.0,15.5,69.7,66.8,,38.7,65.86
S07760,77.7,18.7,78.4,70.8,7.71,44.2,62.9
S00994,82.1,14.8,79.1,75.0,7.14,59.9,66.61
S08896,89.0,22.5,87.6,78.6,7.26,72.2,91.84
S04771,86.5,25.6,82.7,71.1,10.0,74.8,94.33
S07604,82.6,15.8,74.9,80.0,7.57,80.1,77.67
S09237,51.9,2.0,30.0,33.9,4.88,23.3,14.15
S05001,82.0,19.9,74.4,82.0,8.68,68.6,99.16
S06261,,11.0,68.1,56.3,6.61,36.1,67.15
S08043,92.4,16.4,75.2,,6.64,72.9,83.85
S09260,74.7,19.5,52.8,58.5,6.9,49.5,76.19
S00104,71.7,10.2,77.6,57.1,6.75,54.8,47.55
S08755,62.4,10.6,57.8,45.0,6.27,47.6,54.63
S03282,78.7,3.5,72.3,50.2,6.73,58.8,69.57
S03341,74.0,,65.8,56.9,7.64,56.9,73.13
S09833,91.4,14.2,82.4,70.4,9.27,75.5,80.05
S01620,77.9,10.5,60.9,55.7,6.78,43.4,53.68
S03671,42.7,2.0,56.2,30.0,5.15,31.2,29.72
S03040,80.3,9.3,65.1,66.7,7.52,61.4,75.72
S09754,73.7,13.2,69.8,76.1,7.66,,71.06
S00973,85.1,24.6,83.9,83.9,7.46,50.0,75.54
S07390,70.7,8.6,,62.7,7.26,61.6,68.4
S02515,81.0,13.4,65.8,65.5,7.16,55.6,76.55
S09177,84.3,,82.3,88.2,9.06,81.0,91.63
S08237,45.4,15.2,65.0,46.2,4.0,32.8,36.43
S09232,75.4,17.8,70.2,57.9,6.44,,61.75
S03571,,11.5,79.5,65.6,9.16,64.9,77.27
S09486,82.1,23.5,70.2,53.8,7.93,60.5,72.57
S09856,59.9,17.9,63.4,59.0,7.64,57.2,77.39
S04924,81.8,15.5,86.5,84.7,8.25,48.0,73.23
S05684,86.3,23.2,84.0,90.4,8.71,72.7,100.0
S00220,59.9,20.5,86.4,63.9,6.59,72.8,64.71
S02420,92.4,35.3,85.7,85.1,8.93,67.2,92.93
S08121,65.4,14.4,,53.8,6.71,49.5,46.31
S06269,64.1,4.1,,30.0,4.93,43.1,52.62
S01328,83.2,28.9,73.5,84.0,7.25,75.1,87.86
S06280,55.6,4.9,,54.9,4.59,40.2,27.11
S09006,75.4,13.8,,57.7,6.37,59.2,63.16
S02141,87.6,12.1,70.7,62.5,5.88,51.3,73.51
S00094,85.8,25.6,75.3,89.9,8.19,77.3,77.1
S02961,78.2,18.6,89.0,57.2,7.64,62.8,63.77
S08521,70.9,17.8,68.0,60.1,6.42,53.5,70.14
S05776,52.4,7.8,66.1,49.5,5.11,41.9,43.23
S02382,60.8,9.9,47.3,44.7,5.46,46.8,47.27
S09778,67.4,9.6,70.7,46.6,6.62,54.6,51.62
S05582,76.3,26.5,83.9,81.0,8.53,51.8,85.59
S01559,70.4,12.3,82.0,57.7,6.95,68.6,65.78
S05600,56.6,6.7,56.6,64.8,5.72,34.6,61.64
S04862,72.5,15.2,43.0,43.3,6.17,35.0,55.49
S07442,91.3,19.8,,81.2,8.29,,85.96
S05272,92.5,17.9,78.1,77.4,8.42,79.9,73.37
S09197,71.0,18.4,71.6,48.2,6.67,58.5,47.08
S09176,64.2,12.5,68.9,40.6,5.31,65.5,47.68
S09274,65.9,26.4,70.6,67.4,7.37,77.3,76.28
S00650,80.2,9.6,59.6,54.3,6.19,61.4,75.18
S07559,67.5,2.0,,59.0,6.66,41.6,48.36
S08317,72.1,18.4,52.7,60.8,5.91,59.5,62.76
S05062,85.5,22.7,81.2,78.4,8.78,47.1,87.09
S05743,50.5,3.4,41.5,39.2,6.0,48.2,41.99
S00710,98.1,21.8,69.6,39.2,5.81,50.0,54.34
S04640,71.1,11.0,78.3,60.2,8.46,46.7,68.18
S00163,76.9,10.0,58.7,52.0,,50.5,57.68
S09864,64.8,2.0,,42.5,5.68,20.8,51.85
S06481,50.6,4.6,41.9,48.9,6.45,21.9,20.59
S02618,89.5,14.0,66.9,68.5,6.98,52.4,78.76
S05633,89.4,15.9,94.2,98.7,8.9,53.6,91.04
S06047,72.6,13.7,71.8,59.7,8.21,57.4,67.25
S07200,63.7,7.0,55.0,59.2,7.67,61.3,58.93
S07190,66.3,16.4,67.3,,5.97,55.2,64.73
S07406,44.3,2.0,35.4,32.1,4.8,43.1,8.24
S09143,83.5,20.7,64.8,68.5,8.1,60.6,77.15
S02354,71.0,10.0,76.8,61.2,8.24,72.1,92.11
S06867,92.0,29.3,96.1,84.8,8.97,78.1,92.62
S09633,71.7,14.4,49.8,55.9,5.33,48.3,49.44
S02462,75.6,27.1,71.7,74.5,7.73,43.6,89.63
S03288,76.4,19.8,70.0,83.3,7.8,56.0,84.08
S06309,73.8,22.6,76.2,83.9,6.79,60.0,70.16
S06436,90.2,17.9,81.9,77.3,5.85,65.2,75.79
S05415,82.7,18.4,77.9,76.8,6.27,50.5,83.06
S02595,84.4,34.6,87.2,82.2,7.96,80.9,88.25
S03940,95.6,31.6,85.9,,9.8,88.2,93.86
S01541,100.0,34.3,100.0,95.8,9.59,,100.0
S04486,71.1,9.7,89.0,69.6,8.92,46.8,91.21
S02572,,2.0,59.5,42.1,6.84,43.5,65.81
S08972,95.3,13.9,78.3,77.5,9.06,71.6,91.19
S09801,63.8,20.6,66.2,60.5,6.64,49.4,69.83
S08072,72.8,18.1,65.5,64.2,5.4,31.6,64.06
S07555,84.7,21.0,75.5,81.1,5.47,72.2,66.47
S09651,65.9,8.4,55.8,51.3,5.92,48.8,58.9
S09246,72.4,10.1,61.7,,5.83,57.5,65.09
S08170,60.0,17.0,77.8,70.6,7.69,62.6,64.61
S02985,57.2,5.0,,37.5,5.79,38.4,40.22
S04501,,26.0,76.5,56.4,7.98,61.9,67.18
S01580,72.2,18.7,74.6,70.9,8.3,66.9,80.12
S08383,63.5,7.8,68.5,59.4,7.27,46.3,64.97
S05724,78.9,26.6,82.9,79.8,7.67,68.0,85.36
S07981,84.7,15.1,80.1,73.6,6.35,45.9,71.4
S03788,76.0,26.9,82.9,78.3,8.93,75.3,100.0
S06672,57.6,22.4,50.8,34.8,5.12,30.0,49.67
S05310,86.6,24.9,80.6,74.2,8.26,56.2,100.0
S04491,64.1,,40.4,30.0,5.75,30.0,42.98
S02834,76.7,26.1,81.7,75.1,9.14,77.3,93.63
S00255,64.6,,66.2,39.5,7.04,46.2,59.66
S03814,86.6,26.2,83.1,78.0,6.38,64.6,77.18
S04916,77.0,18.2,69.4,74.5,8.2,65.3,79.79
S04079,100.0,27.3,,91.5,10.0,76.2,100.0
S07988,77.5,26.0,79.9,70.0,7.7,52.6,78.85
S02188,67.8,13.0,75.3,68.3,8.71,64.9,83.54
S03407,84.8,15.6,59.9,47.6,6.8,61.4,63.05
S04715,68.4,22.1,89.5,68.0,8.31,80.1,86.07
S03427,88.8,28.5,97.5,86.3,8.83,64.3,100.0
S04783,71.7,16.9,59.5,53.1,5.97,37.5,45.37
S00101,43.1,2.0,47.1,31.9,5.75,43.9,36.52
S04420,84.5,19.7,78.9,77.1,6.86,66.0,82.03
S06775,69.7,12.8,72.6,66.0,8.82,83.2,70.23
S05796,78.5,14.9,86.4,72.1,8.87,82.4,82.38
S04016,55.7,16.8,53.5,55.6,7.07,63.5,65.22
S09623,87.3,18.0,74.7,60.0,8.13,48.5,65.88
S03924,66.7,13.3,61.6,69.5,6.35,74.0,77.95
S04334,70.2,18.4,83.4,57.6,8.41,80.7,81.15
S01757,68.6,14.1,85.8,71.2,8.7,53.4,75.98
S03103,81.0,14.2,74.5,70.0,6.97,66.1,77.96
S02328,64.3,19.9,64.2,64.0,7.05,57.3,55.07
S03228,40.0,2.0,51.0,32.0,5.31,38.2,23.13
S09183,68.4,27.1,,66.2,,55.1,62.24
S03138,,14.6,67.0,80.4,9.0,75.1,91.15
S08447,96.6,,84.0,96.4,9.04,74.1,96.81
S03171,65.7,14.2,47.9,51.6,6.09,35.2,47.66
S09588,87.2,16.4,69.2,60.9,7.61,63.5,74.56
S01040,,20.5,81.4,83.3,7.04,62.9,83.29
S03978,69.9,12.1,72.8,61.8,8.08,70.7,74.83
S03451,72.8,8.1,72.9,53.1,8.51,51.8,62.44
S03914,96.5,26.0,78.6,100.0,9.48,72.0,100.0
S03902,78.0,12.5,59.6,44.7,5.02,48.5,52.87
S08204,56.0,13.3,46.6,49.5,,58.8,39.13
S04729,68.6,18.6,61.6,65.8,6.26,68.4,66.25
S04617,53.8,5.2,56.1,53.6,6.46,49.1,54.12
S03390,72.1,8.1,70.8,75.1,8.7,74.3,61.4
S03542,76.1,13.7,62.7,51.6,6.31,48.7,49.69
S04055,57.3,5.0,30.0,30.0,4.19,52.2,15.21
S03548,,2.0,38.4,30.0,5.14,32.9,28.75
S08069,50.0,2.0,44.0,33.4,4.89,26.3,27.49
S00504,96.7,17.1,89.1,80.4,7.82,62.5,81.43
S09672,50.0,7.7,57.1,44.2,4.98,24.7,43.58
S03795,68.4,16.9,,63.6,6.13,63.8,63.51
S07587,77.9,23.5,91.8,78.0,9.62,67.9,92.6
S05168,64.8,4.1,77.5,65.1,9.08,68.8,65.87
S03144,78.3,18.6,73.6,75.0,8.98,86.8,86.26
S02095,55.9,8.0,43.8,30.0,5.2,35.2,37.05
S08201,86.8,16.1,60.5,47.8,6.66,,54.77
S03908,57.2,2.0,48.8,32.4,4.42,32.3,19.68
S09820,62.5,12.1,57.4,41.6,5.13,,39.17
S09575,,34.7,,93.6,8.91,73.7,100.0
S07360,85.9,23.6,64.6,67.0,9.88,,70.36
S07642,88.1,24.9,85.8,87.6,8.33,80.2,99.04
S02092,66.6,5.9,46.8,44.4,5.42,59.7,45.23
S02593,68.9,16.4,67.6,52.0,7.11,47.0,50.8
S00204,81.0,,84.7,81.1,8.81,66.3,95.17
S01775,64.9,20.0,61.1,70.7,7.42,54.6,71.47
S05942,75.0,13.0,76.1,80.8,6.8,46.4,76.73
S03340,86.2,16.8,85.6,76.4,7.36,83.6,82.18
S09432,57.7,2.0,52.2,38.9,4.61,35.4,35.08
S06258,84.7,12.0,91.3,78.0,8.4,54.4,79.08
S02894,,11.6,56.4,48.6,5.74,30.3,55.81
S05990,63.5,14.3,61.9,53.9,4.81,52.0,54.69
S02148,74.7,18.7,73.3,72.5,7.87,58.1,79.8
S09566,100.0,35.8,100.0,,10.0,96.0,98.39
S09849,94.4,23.4,86.0,96.2,8.98,,86.83
S07112,73.6,14.5,46.4,30.0,5.12,36.8,33.2
S02435,85.2,18.2,64.7,87.3,8.1,64.1,86.13
S08636,97.2,21.7,76.2,71.5,9.05,52.3,87.98
S06356,69.9,3.9,61.8,59.1,5.86,50.9,60.73
S03054,74.4,11.0,63.0,46.9,6.86,50.0,51.43
S08196,80.7,26.1,80.8,82.1,9.21,44.5,90.84
S03202,,12.8,72.4,62.3,4.74,50.1,67.86
S08544,59.6,3.5,74.3,47.7,7.2,43.9,70.38
S01713,,14.8,59.5,37.5,4.68,21.5,37.92
S04821,80.3,23.6,84.9,79.8,8.34,65.8,91.04
S08607,76.9,10.4,63.5,,8.55,65.2,66.38
S04738,85.4,22.1,90.6,83.3,6.78,94.3,76.16
S06147,100.0,24.9,,98.4,10.0,88.9,100.0
S05593,65.2,14.7,68.6,73.9,6.62,59.1,76.03
S05207,90.2,8.1,60.8,60.8,6.14,55.5,61.9
S09175,72.6,2.0,62.8,59.7,6.51,65.6,53.36
S07514,76.7,13.4,72.5,63.9,8.91,68.5,85.61
S00576,81.7,9.8,70.5,53.4,7.88,78.3,70.65
S07461,83.4,19.8,70.7,67.5,5.98,68.1,72.27
S07902,83.1,18.5,71.6,65.8,6.09,69.3,80.88
S03877,73.18,18.6,81.7,60.3,8.09,54.8,55.84
S05746,84.1,20.9,80.0,70.8,6.29,60.3,70.19
S04416,83.7,32.2,93.6,81.1,8.24,70.4,79.86
S08079,48.9,7.5,55.1,44.2,6.94,48.9,31.42
S00663,56.0,12.5,67.2,61.5,7.23,53.8,61.91
S07309,54.0,2.0,,36.1,4.83,42.1,28.06
S05457,82.6,8.9,55.4,58.4,6.93,48.3,43.36
S05676,65.3,,69.4,80.7,6.25,67.4,68.74
S06695,68.2,22.7,80.1,73.8,6.98,61.1,84.07
S01431,85.2,9.3,86.1,91.4,8.17,81.1,68.75
S09365,76.8,16.5,66.9,62.4,6.08,,72.28
S07463,70.0,31.6,88.6,78.8,8.2,79.9,88.99
S09180,78.7,17.8,64.5,79.8,8.42,85.3,72.76
S01161,73.9,9.0,80.7,72.7,8.28,73.7,86.57
S03622,76.0,6.3,59.5,69.0,6.13,81.1,63.51
S01170,54.9,2.0,45.7,44.7,5.85,15.8,37.04
S06671,80.3,25.0,69.2,84.3,7.89,65.9,60.32
S01064,67.0,10.8,78.1,62.1,8.06,78.4,73.11
S01550,93.1,7.0,52.3,58.1,9.04,49.8,54.82
S04004,72.3,13.6,63.0,62.5,7.71,48.2,44.0
S00003,75.4,13.7,82.7,60.8,8.34,63.5,74.78
S05566,86.1,25.9,79.3,68.7,6.44,41.8,83.79
S05992,99.0,15.6,88.4,75.5,7.18,68.8,81.23
S03820,67.7,4.8,46.2,49.0,6.82,43.4,52.88
S01969,86.2,28.2,72.0,68.7,7.79,64.7,76.25
S02416,71.8,13.5,69.4,68.0,6.61,,65.71
S00996,57.2,18.4,69.3,55.7,6.62,,66.11
S09383,85.0,19.6,75.9,71.5,8.27,65.3,75.93
S06287,83.2,21.3,84.4,65.3,6.8,42.4,66.38
S05554,58.9,17.2,83.2,77.9,7.94,,78.05
S09495,68.9,17.2,72.7,48.6,,41.3,61.55
S04514,76.8,14.2,72.1,76.0,5.54,47.9,85.27
S04027,81.1,23.1,68.0,72.1,8.25,50.8,77.91
S02885,97.9,7.3,91.6,35.3,7.75,69.3,70.06
S00604,56.4,8.3,,68.0,8.68,71.2,74.9
S05459,77.8,28.3,82.8,,8.99,77.6,89.9
S08828,83.5,16.8,,46.1,7.58,,60.02
S08820,81.7,20.0,67.1,55.3,,65.7,69.47
S06345,81.9,21.5,94.0,80.9,8.33,84.0,77.44
S03661,85.4,12.5,53.5,47.7,5.68,,71.92
S01305,69.5,17.2,71.1,77.0,9.81,62.8,68.74
S08702,88.7,19.5,82.9,73.5,7.15,55.1,79.71
S07063,69.4,4.9,76.0,42.7,6.79,65.9,46.34
S00720,75.8,10.1,93.2,79.1,9.05,83.5,77.13
S02358,77.6,19.9,77.8,64.9,8.68,89.4,77.3
S03807,83.0,21.9,78.3,85.8,9.49,49.6,89.56
S02696,94.4,20.3,96.1,72.8,8.82,57.0,84.74
S01012,,7.1,38.1,44.4,4.87,42.1,36.79
S00432,52.1,8.6,58.0,57.0,6.73,49.0,43.75
S06683,82.8,14.9,68.4,66.3,8.04,53.2,80.89
S06300,60.8,7.3,52.1,,5.8,28.7,51.34
S01879,77.8,23.2,86.8,83.8,9.16,71.5,99.2
S05877,65.0,10.4,63.9,70.7,7.55,69.5,84.28
S02622,72.3,23.3,61.0,71.7,7.45,66.4,61.29
S03603,61.6,7.4,45.9,47.4,6.02,36.5,53.58
S07205,77.7,18.2,77.6,70.2,9.87,65.7,87.27
S08914,84.6,12.6,65.3,,8.62,46.9,69.04
S01648,64.1,10.2,64.8,68.5,7.64,46.9,71.95
S04691,81.1,19.7,70.8,79.1,8.78,61.1,77.56
S01801,76.8,15.6,76.2,74.4,8.57,63.1,75.1
S04854,79.0,18.5,71.4,48.2,7.84,52.0,74.97
S05356,78.5,16.9,66.5,50.4,6.59,47.8,60.66
S05715,87.6,20.6,78.3,81.0,5.91,65.1,68.32
S09882,86.0,30.7,88.4,100.0,10.0,65.0,100.0
S01901,85.0,31.1,93.3,80.6,8.78,69.0,88.75
S04305,65.7,26.8,53.0,78.4,6.89,62.6,61.59
S04601,68.4,2.0,57.8,38.1,5.36,55.8,42.87
S00585,97.2,21.5,71.4,64.8,,60.3,69.29
S06004,80.2,17.4,80.8,78.6,5.9,63.4,67.1
S07812,82.2,,86.3,80.6,8.98,56.1,100.0
S07687,94.7,39.2,,100.0,9.97,75.2,100.0
S01849,61.4,19.6,67.7,74.3,8.12,55.0,92.38
S03462,72.4,21.4,79.5,76.3,7.46,72.2,88.58
S03540,,2.0,53.3,30.0,5.43,54.4,16.15
S09035,72.7,8.6,79.9,70.0,8.83,70.6,83.84
S06377,76.5,13.8,46.7,53.2,6.55,40.9,58.36
S06426,88.1,17.9,84.6,75.0,7.39,78.3,71.87
S02735,71.1,22.0,73.8,74.3,6.7,58.8,81.47
S03080,89.3,23.5,69.8,82.3,8.58,68.8,91.64
S00234,67.1,18.5,70.0,71.8,7.49,62.9,71.95
S01184,77.3,30.1,79.9,96.0,8.78,78.0,100.0
S03828,66.2,8.1,,50.9,6.6,36.7,45.44
S09107,77.5,13.3,72.3,76.0,7.5,63.9,65.11
S00887,86.9,10.3,77.0,78.8,8.72,75.6,76.02
S06395,75.0,17.4,72.7,76.1,5.99,67.8,72.21
S05019,57.4,5.5,,49.1,5.21,42.1,52.23
S01537,54.6,17.1,58.0,72.6,6.17,63.9,59.83
S07101,88.7,,67.7,70.6,6.6,57.3,84.42
S00282,69.7,18.4,71.4,59.3,6.87,49.6,73.42
S05519,88.7,12.8,70.1,58.1,7.99,68.8,74.48
S05755,73.8,,75.6,72.2,6.37,61.6,78.05
S00064,73.8,15.7,65.0,60.9,6.83,55.0,74.87
S06179,89.3,19.3,66.6,75.6,7.75,75.2,83.19
S05926,74.1,17.1,79.8,48.5,,56.4,64.75
S02289,70.5,16.8,55.4,90.6,7.7,66.7,70.31
S02417,81.5,15.7,,52.9,7.11,69.7,69.71
S01735,68.7,15.8,70.3,69.6,6.91,66.1,69.07
S01494,88.4,14.9,76.7,77.6,6.21,69.6,73.32
S08456,81.5,20.7,74.4,75.0,7.29,67.7,84.5
S05903,84.8,19.4,,91.4,9.32,86.3,90.75
S08234,63.8,12.1,75.3,60.4,,44.9,64.06
S02746,100.0,37.9,100.0,96.9,10.0,81.3,100.0
S05437,73.7,11.9,49.6,42.3,5.39,52.6,60.27
S09272,72.0,4.4,47.3,47.2,,67.8,47.2
S07048,87.4,19.6,73.0,87.0,8.07,81.0,88.05
S03626,67.7,15.7,73.7,73.6,7.58,68.8,79.22
S08542,83.4,14.3,69.8,67.3,5.99,40.1,74.22
S09195,78.8,29.7,,84.1,8.92,85.2,86.59
S06712,72.4,21.7,59.7,62.8,8.59,48.3,77.36
S00805,57.1,2.0,48.4,37.8,4.0,42.3,37.27
S01676,99.2,16.3,65.2,58.2,6.71,55.1,76.6
S05543,82.8,16.2,66.5,69.7,7.69,64.4,79.44
S01535,73.9,7.4,59.6,48.1,5.99,41.7,58.19
S03593,68.6,17.4,54.6,53.0,5.66,,54.33
S02070,82.1,16.9,64.5,68.2,7.15,62.7,67.42
S02295,78.2,15.1,69.3,66.8,6.91,50.3,64.69
S09189,88.3,20.9,72.7,67.0,6.02,55.6,78.97
S08253,63.7,15.6,59.6,67.3,,45.9,65.61
S05473,77.2,24.4,65.5,48.5,,53.0,62.38
S03379,77.0,5.5,50.3,,5.29,62.2,52.95
S06317,68.5,10.1,70.8,52.2,7.91,,81.17
S03414,63.5,12.9,72.9,60.8,6.7,38.5,63.4
S02053,73.2,9.3,77.9,60.4,7.96,66.2,72.54
S05305,68.2,17.3,70.0,71.0,7.6,57.0,71.29
S00097,84.5,25.9,90.8,78.9,7.83,88.8,95.73
S01168,100.0,26.7,81.9,92.2,9.57,84.3,91.17
S00131,56.3,2.0,40.2,30.0,4.8,56.1,33.82
S05213,73.6,2.0,55.0,55.3,6.9,60.7,61.46
S00146,53.1,9.0,47.9,34.2,4.44,30.6,32.96
S08784,81.4,22.1,74.4,61.0,7.97,72.2,80.71
S00062,78.2,,61.8,68.7,6.85,46.6,76.73
S00723,80.9,17.3,68.3,77.6,8.69,58.3,83.51
S06446,77.6,26.9,83.5,70.9,,62.0,78.8
S05928,76.3,8.6,63.4,68.1,6.76,42.6,58.61
S07105,63.2,5.9,55.5,59.9,5.56,37.9,54.07
S07570,59.5,11.0,52.1,51.5,6.97,33.3,56.45
S02742,66.7,17.3,82.8,73.8,8.6,68.6,83.26
S08376,90.9,23.7,81.2,68.5,,70.8,100.0
S00354,86.9,15.2,70.0,61.2,6.55,64.8,61.99
S07491,77.2,19.6,87.1,75.8,7.33,,78.42
S09379,74.4,27.5,87.9,89.8,10.0,73.7,97.36
S02281,68.9,28.3,75.6,73.4,7.62,61.1,84.05
S00701,87.2,19.4,72.4,88.0,7.5,59.0,79.36
S05823,84.0,25.9,74.7,77.3,8.18,45.4,76.25
S02743,67.1,19.83,66.1,67.6,6.55,50.7,63.78
S07820,79.8,20.9,69.0,72.5,7.66,85.8,67.92
S05607,,17.3,76.1,69.8,7.26,51.0,89.62
S07990,74.9,12.5,56.0,63.6,5.3,71.7,54.95
S09857,73.4,8.5,,62.5,8.38,49.9,71.38
S08860,96.3,28.0,88.9,100.0,9.44,87.8,100.0
S04712,63.3,23.7,79.4,73.9,7.39,,76.78
S01004,74.0,29.4,77.3,,7.55,72.8,76.29
S04268,,2.0,58.5,45.2,5.51,44.0,38.93
S02874,52.6,11.7,57.5,31.8,5.74,32.8,21.6
S02997,,23.1,80.3,72.7,5.8,54.7,74.92
S01821,94.8,24.4,86.5,86.5,8.84,68.5,96.95
S08199,62.5,10.0,67.1,78.9,6.78,66.0,74.52
S05438,53.2,9.9,60.7,53.8,6.27,42.1,50.55
S00763,83.7,19.5,53.6,64.3,7.26,57.2,78.98
S03632,84.7,14.1,94.8,73.6,9.3,73.8,91.77
S00058,77.2,14.5,56.8,46.2,7.03,52.2,55.84
S00770,46.5,9.6,60.1,47.1,5.82,54.3,41.76
S04159,76.9,19.5,69.2,63.6,7.64,55.0,66.45
S07084,91.4,17.2,65.5,62.4,7.07,58.4,67.05
S02628,91.1,31.7,93.7,96.6,10.0,66.8,100.0
S06779,93.2,36.6,55.4,59.0,7.01,54.6,76.46
S03706,89.7,17.0,,78.4,7.01,79.9,90.4
S01509,57.6,3.3,43.3,30.0,4.0,45.8,43.12
S06433,82.2,16.0,73.4,82.2,7.85,70.5,81.47
S07855,64.9,22.4,66.9,51.6,8.02,56.5,66.12
S00175,85.2,19.1,68.3,58.8,7.6,70.2,80.26
S04068,78.4,19.6,55.8,51.3,6.57,44.8,50.93
S06936,99.8,22.7,86.1,84.3,8.42,63.9,76.98
S06703,72.0,,76.8,58.2,8.32,43.9,58.35
S04220,85.9,27.1,89.9,83.2,7.73,50.9,100.0
S08051,86.4,24.9,93.0,85.8,9.21,60.4,100.0
S01072,82.2,16.3,71.1,74.0,6.72,45.4,70.41
S00173,77.1,10.7,86.1,68.4,6.97,63.3,67.2
S08096,92.3,22.0,83.6,74.2,7.89,75.8,100.0
S07997,76.1,2.0,55.2,53.1,,55.1,39.45
S00906,88.8,19.2,73.5,72.7,7.42,56.3,78.19
S03874,87.2,27.6,80.7,75.4,6.19,68.1,67.61
S03338,68.2,18.7,58.3,59.3,7.73,61.1,69.51
S01975,57.7,,52.2,36.0,5.79,44.9,45.36
S07347,65.5,20.3,62.8,46.0,5.54,77.3,54.2
S05125,,19.4,75.9,60.0,7.46,44.8,77.43
S00301,91.2,17.5,66.2,76.4,,50.2,70.07
S06284,65.8,19.4,67.5,45.3,7.79,59.1,53.11
S08668,55.1,10.7,59.5,57.7,7.01,41.8,55.35
S06298,74.2,20.7,76.0,79.2,7.3,57.4,81.97
S02439,73.7,16.5,86.0,66.6,8.18,65.7,69.76
S08549,78.6,19.3,86.4,79.8,8.66,64.7,87.27
S07843,73.6,17.0,70.8,60.7,5.91,44.2,57.4
S01633,72.7,6.1,57.5,56.6,6.83,61.7,70.44
S06921,77.0,29.3,72.3,78.2,8.46,70.4,87.43
S08740,53.9,8.2,51.7,49.1,4.92,56.9,51.91
S02292,88.4,22.8,77.7,76.9,6.59,66.6,73.99
S08101,70.1,10.8,59.8,48.4,7.05,49.5,52.21
S01091,88.8,20.7,66.8,57.9,8.06,46.5,60.53
S05219,67.8,7.0,32.6,34.7,5.38,47.4,28.8
S01544,58.6,7.9,49.8,47.7,5.98,31.4,49.12
S00828,89.9,40.0,92.0,92.7,9.18,72.6,96.43
S04188,57.7,13.9,45.9,40.9,5.94,,48.43
S00542,63.8,2.0,68.9,62.4,5.14,64.7,61.55
S08979,60.5,10.6,45.7,30.0,6.18,61.2,44.38
S03609,63.4,11.0,34.9,34.8,5.4,36.7,47.06
S03905,64.5,11.5,74.1,,,58.8,54.55
S09259,81.1,19.6,73.9,76.4,6.39,69.9,79.2
S03816,67.5,5.4,78.5,57.7,7.06,67.6,67.71
S08266,49.1,2.0,37.9,43.1,4.0,43.6,31.6
S07907,87.0,20.3,68.2,74.2,7.31,70.0,92.24
S01030,56.0,5.5,30.0,34.4,4.53,42.7,30.29
S09159,75.0,10.6,61.5,70.5,5.88,61.0,68.27
S05890,64.2,11.8,51.6,30.9,5.57,33.8,32.4
S08228,96.3,37.2,,43.4,9.39,84.8,85.19
S08555,81.7,23.0,86.9,89.2,7.75,80.2,88.18
S09037,77.7,15.5,54.8,44.7,6.1,68.1,47.3
S06520,78.4,22.6,81.5,80.1,7.74,69.5,81.56
S07282,63.6,18.0,56.5,48.4,4.7,59.2,41.62
S09351,60.2,,30.6,34.1,5.22,42.1,18.62
S04506,86.6,20.6,68.4,77.3,8.11,76.9,87.4
S07862,,15.3,64.2,74.4,7.86,54.1,72.87
S00374,90.5,30.9,73.7,73.6,9.14,,89.73
S09110,73.9,11.4,74.0,64.5,7.17,79.2,75.1
S05256,69.3,13.8,68.5,56.5,6.52,72.3,68.08
S07140,63.9,9.4,71.2,65.2,8.25,56.3,69.54
S09456,60.8,15.3,83.6,78.4,8.02,71.5,73.54
S04152,74.4,14.9,53.4,55.7,6.52,51.4,66.7
S02995,92.6,20.0,78.8,76.3,7.68,51.7,83.55
S00075,84.9,14.6,76.4,75.4,6.3,70.9,76.27
S04113,63.8,17.8,45.1,59.9,7.82,71.8,64.04
S04695,72.2,13.2,73.8,62.4,8.73,46.3,74.5
S04132,54.7,3.2,46.1,52.2,5.46,61.9,37.98
S07171,64.5,6.0,68.3,50.2,5.84,49.0,63.83
S09824,86.4,27.7,84.6,91.5,8.63,58.6,75.86
S08126,66.0,10.1,44.3,56.9,5.1,,45.49
S07267,78.2,19.3,71.6,75.8,7.9,55.8,76.91
S04200,74.5,13.0,70.0,36.2,7.43,29.4,56.81
S01257,75.4,17.0,71.7,69.2,7.61,54.7,79.33
S09973,84.9,19.7,88.8,88.1,8.25,67.9,87.09
S02604,76.9,9.1,39.2,42.0,6.16,25.5,33.56
S00970,94.7,28.3,82.0,88.6,9.12,86.0,100.0
S02900,72.2,24.0,62.0,70.5,6.78,60.5,64.1
S06324,69.7,21.1,67.8,59.2,6.35,36.4,66.71
S04393,64.1,4.9,35.2,41.8,5.96,44.4,37.27
S06383,100.0,28.3,100.0,93.2,8.89,67.6,100.0
S08815,76.0,19.1,77.5,70.2,7.81,57.8,70.37
S03197,77.0,16.5,70.5,62.0,6.67,50.6,87.37
S08611,89.9,32.1,69.6,76.3,6.72,80.9,80.78
S05078,87.9,18.9,86.1,82.0,7.02,70.6,77.3
S09076,78.5,9.5,69.2,79.9,7.13,60.4,79.08
S01364,74.6,11.9,96.9,69.4,8.74,38.2,68.71
S03435,81.5,26.2,79.7,70.0,7.17,42.9,68.51
S06385,90.6,15.4,75.6,84.3,4.92,38.9,65.68
S08281,85.3,24.7,85.5,86.7,7.88,82.7,100.0
S00160,84.0,15.7,73.3,70.3,7.17,63.3,80.03
S05200,65.0,10.1,73.4,63.1,6.44,57.2,66.94
S02165,67.7,2.0,39.7,47.4,4.96,28.8,41.53
S03529,88.7,24.1,83.2,78.2,6.5,53.6,79.77
S01953,54.5,3.6,51.0,38.2,5.84,45.8,32.78
S02521,100.0,34.3,88.1,94.2,9.01,87.9,100.0
S03098,80.3,22.1,64.6,72.9,7.75,68.0,80.03
S03445,87.1,19.3,93.8,59.2,7.61,88.0,80.69
S01401,82.1,14.3,77.1,76.1,7.3,60.1,75.3
S03250,88.3,11.5,54.6,47.5,7.65,63.8,66.16
S00971,68.8,15.8,68.8,62.9,5.93,38.3,75.87
S08109,81.0,16.8,82.8,75.6,7.92,,70.92
S09365,76.8,16.5,66.9,62.4,6.08,,72.28
S08878,77.5,2.0,53.2,52.8,5.88,54.6,62.45
S05973,74.8,27.2,73.4,70.9,6.75,,80.71
S09581,76.5,25.8,87.7,72.8,8.57,73.0,66.44
S08559,75.5,10.5,73.4,66.3,8.16,,79.8
S00725,70.7,11.2,,64.0,6.07,41.9,60.56
S02308,82.0,20.5,80.8,77.2,7.29,66.2,84.89
S09247,63.5,10.7,39.8,49.3,6.14,33.8,44.7
S02017,79.0,21.2,92.4,80.3,8.44,,82.43
S01933,61.3,,75.7,42.9,6.46,43.4,55.08
S03524,95.4,25.7,93.7,96.8,9.58,50.6,96.48
S09750,72.6,13.7,75.2,65.9,8.61,64.3,53.91
S02740,63.6,17.3,84.8,74.2,8.5,47.2,72.81
S09443,77.1,8.5,83.2,53.8,7.68,41.0,66.82
S07273,75.5,12.4,67.3,40.1,5.17,,47.11
S03322,100.0,40.0,100.0,100.0,10.0,82.9,100.0
S09036,83.7,18.9,85.5,70.4,8.44,70.1,92.87
S09579,78.6,22.3,88.7,79.2,6.17,83.3,68.54
S06631,88.3,17.9,71.3,56.1,8.58,62.0,69.35
S07172,68.6,10.9,67.2,70.8,8.27,55.3,69.45
S06421,76.7,20.4,73.6,60.1,7.7,58.3,72.24
S09192,64.2,6.7,64.7,54.0,6.26,56.2,52.53
S03213,70.5,16.2,68.6,,7.55,40.4,55.4
S03275,71.4,23.1,68.0,76.3,6.94,62.6,74.78
S02551,64.8,10.8,73.6,59.1,7.42,58.6,65.22
S01358,93.8,28.4,87.1,89.4,10.0,76.9,94.96
S04021,66.5,16.7,70.2,60.8,8.07,45.6,73.65
S09681,73.8,4.2,55.3,36.8,,48.6,58.24
S07616,58.4,8.8,63.7,50.0,6.62,44.6,38.94
S05206,70.6,12.7,74.8,64.3,8.15,41.4,71.18
S08428,53.7,10.2,64.8,59.2,6.04,45.1,56.65
S02761,,29.6,78.2,73.0,8.64,60.3,88.9
S03455,86.3,19.0,81.4,83.0,9.34,76.3,91.99
S00306,72.5,17.6,73.1,79.4,7.36,69.0,64.99
S08852,76.5,16.5,54.5,58.5,7.36,71.5,69.19
S02368,86.0,22.8,91.7,90.7,8.53,78.3,94.8
S05873,77.4,12.4,50.9,51.4,5.84,34.7,50.57
S02511,68.5,2.2,30.0,30.0,5.11,37.6,23.89
S07380,77.5,9.5,81.0,66.0,9.16,52.0,78.19
S06193,66.2,13.4,63.6,47.7,6.26,49.0,51.85
S06932,63.3,8.0,47.2,62.5,7.93,53.0,75.41
S05728,69.6,5.0,54.6,44.4,4.67,23.8,41.8
S01020,68.5,7.2,58.6,50.4,,52.5,56.62
S09067,78.4,20.4,88.5,76.3,7.55,67.3,81.24
S00365,73.3,17.4,65.1,52.3,5.24,47.4,66.56
S04260,97.8,19.0,83.5,68.1,7.68,78.1,94.36
S05987,,10.3,62.7,44.1,4.47,24.3,36.67
S05897,77.3,20.6,61.8,55.6,6.62,30.2,52.73
S09785,92.3,15.3,88.0,38.4,8.76,82.3,69.4
S03352,61.9,8.2,60.0,45.1,6.04,43.9,45.96
S01227,60.4,7.8,50.6,55.2,4.48,25.1,47.71
S05954,,21.2,,87.5,9.0,75.0,91.25
S08257,76.7,15.5,71.2,58.1,6.52,61.2,83.92
S06174,64.1,7.0,32.7,41.0,5.65,44.6,36.68
S06170,87.0,13.3,84.3,69.6,9.15,72.2,77.67
S08816,78.8,17.9,76.5,68.1,4.88,57.9,66.27
S03554,82.0,17.0,71.7,74.7,6.99,62.8,84.77
S03441,91.6,27.4,67.5,77.9,7.1,68.1,98.42
S00658,92.6,15.8,60.3,61.2,,49.6,66.66
S03699,81.9,20.7,62.5,65.5,6.39,50.9,64.04
S04628,77.4,,57.3,54.5,5.82,55.5,52.75
S08005,75.5,24.1,72.7,87.7,8.94,,68.51
S00843,81.9,17.4,95.8,90.0,9.46,61.1,91.22
S04952,76.5,19.0,83.1,77.4,,60.0,79.33
S02879,76.8,29.6,79.5,79.9,8.31,52.5,80.42
S08764,79.7,17.7,97.7,72.1,8.5,88.0,81.95
S07790,75.1,21.1,74.2,69.2,7.61,79.4,68.73
S07782,82.7,19.8,84.5,82.1,6.53,,82.0
S01451,94.8,25.4,89.1,87.1,7.62,52.0,100.0
S09515,80.3,29.8,80.2,71.9,8.48,63.4,74.57
S04458,79.1,11.6,85.1,60.9,7.71,,76.28
S03416,69.1,2.0,35.1,30.0,5.28,41.2,36.97
S01966,88.1,20.2,83.3,78.4,6.75,63.2,78.91
S08413,77.8,11.5,79.3,71.4,8.19,65.4,58.63
S07007,72.6,8.3,,60.0,7.42,59.9,57.89
S01491,63.3,12.4,65.0,51.5,6.31,48.3,54.82
S05762,75.3,11.3,65.7,63.8,7.62,29.2,66.88
S05247,79.7,17.5,66.8,61.6,7.31,54.8,66.24
S06498,87.7,33.4,99.0,96.5,10.0,,94.67
S03220,78.4,19.5,54.9,72.6,7.52,48.9,68.62
S05769,70.2,9.2,66.8,74.3,8.76,62.6,80.16
S04258,69.2,25.7,69.3,62.2,6.52,57.4,62.27
S02750,66.1,14.0,61.4,58.1,8.52,57.7,63.27
S02093,85.9,30.1,92.3,78.2,8.94,66.5,85.57
S07407,81.8,13.8,87.2,68.9,,62.5,52.97
S07977,86.6,20.7,90.8,76.2,7.47,72.7,95.43
S09448,62.4,14.2,52.3,39.9,,44.6,49.64
S08010,61.5,2.0,52.4,30.0,4.74,34.0,39.62
S02775,89.5,13.8,72.7,77.5,8.13,74.7,96.82
S08275,67.2,7.2,64.3,46.4,5.7,61.2,62.21
S00824,83.3,20.7,78.3,80.1,8.69,72.8,85.26
S03655,83.3,,89.7,80.3,9.9,81.0,100.0
S03931,58.8,7.4,,52.2,6.98,64.8,54.93
S05392,78.7,25.8,75.8,75.2,7.61,65.6,71.48
S03385,70.1,13.07,63.4,55.4,,61.9,76.6
S06477,85.2,21.0,85.6,70.4,9.38,,79.02
S08384,64.4,12.3,,58.1,,78.4,71.26
S02201,70.5,15.8,42.5,,5.88,37.8,54.16
S02741,77.3,20.8,68.1,72.6,7.21,73.1,79.18
S01702,72.5,8.4,66.4,50.1,8.25,70.8,66.79
S04801,72.1,4.3,50.4,48.9,5.61,52.5,45.37
S00480,65.1,13.6,51.5,46.9,6.4,43.9,58.41
S04587,88.9,19.5,89.0,64.7,9.17,62.7,96.36
S04837,77.2,10.9,54.3,59.9,7.46,28.2,60.52
S03136,,27.5,62.3,,5.52,53.2,47.23
S04823,87.4,19.3,81.1,71.4,7.6,67.2,84.14
S01989,83.3,6.7,76.4,68.8,8.28,54.3,77.57
S09420,76.5,23.9,,53.7,7.97,62.5,62.21
S03055,90.2,23.3,91.0,88.0,8.57,80.3,94.49
S08853,62.3,19.1,82.3,64.5,6.99,61.8,62.98
S04890,73.3,,71.5,94.8,9.02,86.4,91.53
S03456,70.0,8.5,60.6,58.0,5.95,55.6,44.84
S00229,66.0,5.8,51.6,57.4,5.04,56.4,37.27
S01861,52.4,6.7,56.0,30.3,4.56,29.4,41.92
S07729,82.7,13.7,78.6,67.9,5.98,49.4,64.45
S06974,70.7,12.7,72.2,62.2,8.36,59.7,69.09
S02945,93.5,24.7,94.1,100.0,9.49,85.7,95.2
S07650,63.4,,58.0,48.9,5.93,61.2,61.28
S09828,77.8,25.3,88.2,94.1,9.56,97.0,100.0
S05723,74.5,18.0,63.1,68.1,7.24,49.3,77.16
S02703,54.1,18.3,44.0,41.9,4.61,46.4,48.07
S04070,59.9,12.9,61.8,55.1,6.53,36.4,41.69
S01770,56.7,9.4,68.7,49.2,6.48,63.5,54.42
S03499,69.0,14.3,68.2,70.1,7.25,51.1,83.5
S06369,57.0,5.3,53.1,43.1,4.68,56.0,44.7
S08850,40.4,,51.0,43.1,4.7,29.6,33.23
S08572,81.5,10.8,69.7,54.3,7.52,33.5,63.28
S04598,76.2,21.9,71.0,64.0,6.8,57.2,72.71
S04898,87.4,23.5,69.0,58.8,8.0,71.6,92.37
S03347,70.9,26.8,59.4,80.3,7.6,58.1,76.89
S04098,55.0,13.8,48.0,49.1,4.0,47.3,33.66
S06737,91.7,30.2,92.6,100.0,9.56,79.6,100.0
S04351,76.5,17.6,88.3,79.0,5.89,64.6,65.78
S07885,77.0,19.9,79.1,76.2,6.08,54.8,82.1
S08709,78.1,6.9,68.9,60.1,5.75,54.1,43.46
S08465,54.1,2.0,42.2,45.5,5.51,44.6,38.31
S04631,61.0,11.5,57.0,48.5,6.78,36.2,66.9
S05187,90.0,22.0,75.8,78.4,8.56,58.6,81.73
S05863,79.5,19.7,78.9,58.7,5.98,51.7,70.15
S09599,48.8,15.4,31.5,46.2,6.7,23.5,45.35
S05414,73.2,16.8,82.7,79.0,8.16,72.9,75.85
S03838,69.8,11.6,72.4,67.3,8.15,78.9,75.84
S02149,89.2,32.6,92.6,70.8,9.78,66.0,98.11
S00337,81.1,21.0,91.0,83.9,9.74,86.5,91.9
S05482,83.2,17.6,60.2,57.1,7.35,81.0,60.9
S06464,76.7,20.7,75.3,76.0,7.86,76.0,79.04
S02360,72.6,2.1,53.8,46.3,6.35,55.4,45.88
S07496,83.3,21.1,76.9,72.3,7.83,,82.46
S06531,60.9,2.0,46.5,32.7,5.09,47.6,38.3
S05873,77.4,12.4,50.9,51.4,5.84,34.7,50.57
S00078,84.7,16.7,81.9,78.3,6.26,52.9,86.86
S04629,70.1,18.1,54.8,46.5,4.83,57.1,63.08
S01317,56.3,4.0,51.9,30.0,4.52,24.7,41.33
S08519,71.2,9.9,82.4,47.1,7.86,66.8,72.74
S08259,87.8,14.3,81.0,93.9,7.54,68.9,89.4
S08671,85.1,16.4,79.8,,6.11,70.2,77.82
S02146,81.4,26.4,80.1,84.1,8.32,70.3,91.29
S01259,67.5,12.1,59.8,40.4,5.22,53.8,51.44
S04121,67.3,18.9,58.9,61.0,6.26,59.0,74.24
S07623,71.5,12.8,84.2,85.0,6.67,49.7,66.18
S05198,66.0,14.1,87.5,64.4,7.1,44.0,70.39
S07429,74.8,15.6,96.7,69.1,9.14,57.3,96.9
S04764,65.1,14.2,50.6,55.6,5.39,53.7,56.96
S00485,79.6,21.9,74.8,64.2,6.89,57.4,74.5
S03048,80.2,20.8,71.1,62.6,7.51,60.5,78.37
S00614,46.9,11.8,80.3,64.7,6.55,63.8,79.54
S01293,81.3,20.3,80.8,72.0,8.04,70.8,79.17
S01295,58.3,2.0,45.0,50.2,4.82,32.8,36.26
S00448,72.6,7.6,58.3,37.1,5.86,40.1,48.26
S01047,76.4,20.5,75.8,84.7,7.22,72.6,87.36
S02893,84.0,,82.8,55.9,7.99,55.5,69.41
S05277,86.9,22.5,90.2,81.9,9.29,80.6,100.0
S09089,84.8,14.8,64.2,60.7,6.85,,61.88
S09392,86.9,30.0,92.0,86.1,10.0,82.9,93.75
S06496,69.1,10.4,75.3,63.1,,,54.44
S03900,58.2,3.5,53.4,45.0,5.4,39.5,35.14
S02533,,12.6,53.4,43.4,5.88,58.4,57.76
S09688,71.6,9.3,39.5,57.5,7.12,58.7,41.56
S08125,53.4,13.0,41.6,46.4,6.02,54.6,51.8
S08480,63.2,2.0,,35.2,5.46,31.1,30.49
S08053,72.3,26.4,71.6,64.5,6.97,62.6,77.76
S05257,69.9,4.0,61.6,49.3,5.3,57.2,62.94
S02467,63.1,22.9,74.3,71.6,7.4,45.9,75.75
S07375,82.0,14.2,71.4,67.5,7.45,47.1,69.94
S09565,57.1,7.9,62.6,37.9,4.72,37.0,51.58
S07188,69.0,17.6,64.8,63.9,7.13,50.0,82.65
S06659,85.0,14.7,75.4,75.3,5.71,30.2,65.28
S06078,70.8,8.1,64.8,50.2,7.43,60.9,72.61
S09808,76.1,2.0,50.1,52.6,7.11,38.4,45.11
S07221,81.6,15.3,79.0,74.2,5.98,51.0,67.62
S09126,86.3,32.3,78.1,70.4,7.14,64.9,87.13
S08336,52.8,2.0,34.6,31.0,4.72,43.2,38.84
S00790,64.8,13.5,54.0,66.3,6.92,66.8,69.47
S01753,74.8,12.4,73.7,37.1,6.4,,56.58
S04116,79.7,18.0,64.5,61.2,6.4,49.6,78.51
S07794,84.1,23.1,60.2,51.1,4.93,61.5,69.73
S00129,73.9,20.7,83.8,54.0,8.16,73.1,82.44
S06273,100.0,32.5,79.8,91.9,8.91,67.5,90.44
S01442,60.3,5.4,70.2,50.1,5.66,48.8,45.75
S02333,84.8,17.3,74.9,74.8,5.99,36.7,54.92
S05843,79.0,11.4,84.0,67.6,8.85,55.3,100.0
S03367,72.3,7.9,55.9,58.6,5.87,55.1,61.05
S01218,91.4,26.2,,74.6,8.78,81.2,81.57
S06242,70.9,12.0,72.1,61.0,9.18,54.5,66.91
S02726,72.0,5.7,68.0,45.2,5.42,48.5,35.82
S06431,89.4,14.2,69.6,84.2,,68.7,79.2
S06502,97.3,21.3,84.0,65.0,6.76,47.9,49.26
S09616,79.2,10.3,76.3,62.2,,,72.53
S04043,81.3,4.2,62.2,45.8,,45.8,53.27
S02870,73.5,15.8,81.2,68.3,8.37,44.5,74.7
S05104,76.7,23.9,87.0,79.1,7.53,56.6,72.46
S02808,87.5,24.0,87.9,72.1,8.93,61.1,71.18
S00732,46.2,9.7,45.7,43.1,5.86,29.5,39.28
S00678,63.2,15.4,64.1,54.9,4.9,68.2,52.07
S01522,57.8,16.2,68.6,69.7,6.87,49.2,57.83
S06257,66.4,8.9,49.4,60.4,7.35,44.9,54.06
S01018,84.2,15.7,81.1,60.9,8.89,78.2,90.79
S03594,76.8,12.0,81.8,63.9,8.91,59.7,82.71
S01042,,17.5,59.7,65.5,7.26,53.5,77.28
S05690,53.0,2.9,62.2,30.0,5.01,59.6,20.0
S02496,82.6,17.7,90.0,74.9,9.12,57.6,88.02
S04644,66.8,9.6,59.7,51.8,6.34,43.3,49.06
S03539,71.3,16.8,79.6,72.9,7.97,63.1,74.85
S06874,,15.3,73.6,68.2,8.15,57.6,67.37
S02388,69.2,13.0,69.8,74.2,6.58,44.1,65.02
S06601,68.9,2.0,49.1,44.0,5.37,41.8,42.85
S03913,84.6,23.4,64.2,75.6,8.31,62.5,78.71
S02036,76.0,24.0,89.5,78.6,9.73,71.9,97.41
S09344,90.5,27.6,69.0,72.1,7.15,70.6,73.39
S09951,91.2,17.2,69.2,76.2,8.44,79.2,93.07
S00766,87.5,17.3,58.2,57.7,6.89,52.2,56.2
S00925,77.3,17.4,77.8,73.9,6.21,60.8,65.24
S04060,61.8,9.4,59.8,41.7,4.39,38.1,40.34
S03309,63.9,11.2,49.7,35.5,4.72,48.6,40.29
S08656,74.7,7.6,62.0,67.2,6.67,69.4,72.5
S02688,69.7,23.9,75.5,70.6,7.22,60.7,78.27
S00318,42.6,5.6,64.0,58.0,5.9,64.0,48.66
S00885,80.4,19.3,82.5,74.3,7.7,67.8,76.32
S02890,71.7,33.6,100.0,80.2,,73.1,100.0
S09292,71.9,13.7,61.0,54.6,5.59,35.1,55.68
S08100,,7.2,,58.1,7.23,65.1,60.64
S08173,63.6,16.4,79.2,65.1,6.6,72.9,62.41
S02517,81.9,,54.2,58.3,5.34,34.8,55.91
S05003,49.8,13.8,53.6,42.3,4.0,32.4,33.69
S07278,81.8,30.0,98.3,100.0,9.34,69.6,88.62
S01384,48.2,15.4,41.8,30.1,4.12,45.7,24.01
S03534,,8.2,58.4,56.9,5.75,42.8,58.9
S04679,67.7,11.1,76.7,61.3,8.21,55.9,64.56
S08994,76.3,22.7,85.1,82.9,7.98,74.7,92.55
S05234,90.0,24.3,61.9,76.4,9.48,75.6,82.29
S02027,97.0,20.6,89.2,67.4,7.04,71.1,58.78
S09792,75.2,6.6,61.3,67.3,6.54,55.5,62.37
S03595,78.7,17.1,92.8,72.7,,79.5,82.03
S04187,68.3,5.3,76.2,66.2,7.95,70.6,76.94
S03507,81.7,26.3,89.1,96.7,7.52,68.4,100.0
S05497,64.5,16.4,60.3,32.5,6.67,34.2,53.58
S08436,79.3,11.2,94.2,67.1,8.34,85.3,80.08
S09157,91.9,33.1,91.9,100.0,,83.5,92.59
S01264,60.5,8.4,50.2,47.8,6.59,48.8,36.61
S09567,66.0,16.4,60.4,50.7,7.87,57.4,79.18
S09393,55.6,6.5,65.0,53.9,4.99,46.1,41.57
S01255,84.2,16.0,71.6,66.0,5.01,39.4,54.44
S07818,80.3,24.3,70.1,77.9,7.08,69.8,81.77
S09431,55.7,3.0,46.3,44.2,5.16,25.4,35.09
S09362,81.9,19.3,87.9,89.1,7.82,,83.44
S03630,98.7,22.4,77.1,80.7,7.55,89.1,79.0
S02621,73.9,10.8,82.9,70.3,8.12,61.4,64.11
S01540,68.8,14.4,74.5,65.2,7.85,76.1,76.73
S07878,79.3,3.1,55.3,62.5,5.31,46.5,52.25
S06266,67.9,8.2,56.9,59.3,6.7,69.3,57.09
S09421,75.4,13.9,64.0,56.7,8.53,67.8,71.53
S09483,,19.3,69.5,60.7,,,65.37
S09376,74.9,14.0,59.8,63.4,7.52,47.4,69.45
S06017,72.3,12.8,73.1,46.0,5.51,60.9,53.43
S05127,69.2,5.3,55.2,53.4,5.39,42.4,50.12
S05278,58.1,12.0,53.8,67.7,6.45,34.3,52.4
S06834,68.4,13.7,71.3,52.3,8.63,48.5,68.29
S09074,76.6,10.8,68.3,61.3,8.3,58.4,69.6
S03102,62.8,18.0,74.1,64.8,8.98,57.3,87.07
S03239,88.7,28.9,89.5,75.7,,84.2,90.07
S04810,74.3,24.9,81.4,71.4,7.64,69.4,77.42
S03727,84.3,21.7,77.5,80.8,6.89,54.8,70.59
S05166,66.5,16.1,59.7,52.7,6.95,41.3,64.9
S01854,71.6,8.9,85.8,72.6,8.28,81.1,88.31
S05303,72.0,10.8,76.6,64.2,9.0,58.9,69.16
S01959,76.8,16.8,70.3,80.7,8.75,49.7,80.15
S05492,68.2,6.0,66.8,62.5,8.41,36.0,61.19
S02537,83.7,14.5,67.0,68.5,7.54,62.5,83.7
S07185,79.0,22.3,75.3,83.7,8.55,42.7,62.96
S08624,64.3,7.3,35.4,64.8,5.96,54.3,59.35
S00600,96.0,24.5,97.7,94.4,10.0,,100.0
S01530,76.4,19.3,79.0,78.4,5.88,29.2,74.95
S06546,70.2,13.8,,56.1,5.44,39.6,56.07
S06452,71.4,11.5,71.1,71.9,8.39,55.8,68.82
S00752,72.8,8.1,87.5,60.3,7.88,72.9,73.44
S04802,84.5,26.0,92.7,100.0,8.64,87.4,88.79
S09729,81.8,14.0,65.6,45.6,,78.4,66.95
S06761,65.6,14.2,70.2,56.6,8.07,50.5,65.68
S02135,83.0,12.6,68.6,71.9,7.73,58.1,78.5
S01910,59.2,10.6,67.5,57.5,7.32,56.4,70.6
S07253,74.2,14.8,80.5,51.9,6.35,55.0,51.98
S03188,62.5,10.4,48.8,58.7,5.45,43.3,48.77
S03344,97.1,23.5,79.8,83.2,9.29,78.2,82.35
S04793,80.5,23.9,80.9,76.0,6.36,55.8,76.97
S02875,69.5,15.7,65.2,49.2,6.84,50.9,64.77
S05179,73.9,10.9,58.5,67.2,7.39,67.8,70.14
S04408,78.2,7.9,58.9,58.3,6.85,78.6,78.15
S09407,64.7,10.0,50.7,45.0,7.9,36.1,63.14
S08783,95.9,24.9,87.5,93.5,,72.2,95.17
S00852,67.9,2.6,67.0,49.3,7.12,44.9,50.77
S05494,86.6,17.6,,65.8,7.72,58.2,79.3
S00153,74.1,10.4,,56.9,6.51,,69.19
S09758,48.8,2.0,42.6,30.0,4.22,36.8,35.52
S00815,56.3,11.4,,30.0,5.36,47.7,42.2
S06260,93.3,17.9,63.8,63.8,6.36,76.4,63.24
S02386,63.3,10.3,64.3,46.3,7.01,49.8,61.87
S00608,89.0,20.9,,66.1,8.34,72.1,93.44
S01577,92.7,,78.7,74.2,8.66,60.7,84.42
S01060,60.1,11.1,56.3,43.4,7.33,47.8,70.44
S01046,44.5,4.3,54.4,51.9,4.08,32.5,20.61
S01671,54.4,6.4,43.4,30.0,4.91,30.3,31.98
S00452,89.6,23.7,91.3,88.8,9.12,59.1,100.0
S02400,67.6,18.4,70.6,62.1,7.54,58.3,61.53
S07178,83.4,21.0,66.9,65.3,7.51,65.5,82.61
S02169,78.3,13.7,68.9,62.7,5.77,34.9,50.06
S06894,69.0,23.2,64.9,72.1,7.63,71.7,86.12
S09210,81.4,21.1,53.5,64.5,7.63,46.8,69.66
S04314,82.6,15.5,83.7,80.5,8.43,68.1,77.52
S00198,51.6,2.0,42.9,34.8,5.95,39.1,21.01
S02905,86.7,19.0,87.1,87.6,4.26,52.7,71.18
S00515,76.4,21.1,88.8,76.3,5.69,38.7,69.9
S07030,73.6,12.1,65.2,76.6,7.14,57.1,71.49
S03203,,13.1,88.2,53.2,6.64,57.4,51.13
S00344,79.3,19.3,77.0,89.3,9.2,80.1,90.15
S04366,61.6,11.9,74.3,65.8,7.71,63.0,70.87
S04246,60.3,7.0,47.6,48.0,4.64,,34.11
S00922,61.9,,66.7,39.1,5.8,26.6,41.16
S04405,57.7,2.4,40.1,39.2,9.63,47.7,53.91
S01070,61.3,6.0,38.8,39.2,4.85,46.0,33.31
S05192,63.7,14.6,,66.4,7.57,50.3,55.11
S09201,64.1,24.4,,51.3,,52.8,67.59
S01600,75.6,7.3,92.5,66.7,,79.6,77.19
S01501,50.7,6.2,58.8,36.9,5.94,61.3,41.62
S07258,72.1,13.9,85.9,59.5,8.39,57.8,86.02
S01420,55.2,16.8,55.2,49.5,6.62,50.4,46.31
S00802,57.9,2.0,41.7,,4.42,23.2,24.4
S09211,60.1,7.5,59.5,50.7,5.54,56.3,48.42
S06687,72.5,5.2,,48.9,5.59,59.2,57.37
S04874,93.4,24.9,64.9,68.7,8.71,57.0,76.79
S09658,75.6,19.3,87.5,57.2,8.1,69.0,61.98
S07032,77.7,21.8,64.2,78.6,7.39,42.9,68.94
S06493,59.8,4.8,40.3,30.0,5.19,29.0,30.26
S07628,73.4,,70.4,79.0,8.6,74.5,82.82
S03004,66.5,17.1,59.6,,6.38,52.6,51.93
S05588,71.5,18.9,70.6,74.7,7.97,59.4,68.28
S06931,72.9,16.9,79.5,64.9,9.11,54.2,79.35
S07070,91.3,20.7,80.9,91.1,8.35,70.5,93.43
S07930,84.3,9.7,80.9,56.6,,54.7,80.84
S07131,64.1,12.8,68.7,58.9,7.3,39.7,45.17
S06842,66.7,15.4,61.1,65.4,7.87,71.1,60.1
S04580,74.8,10.2,,69.1,9.23,67.5,90.43
S08226,75.9,20.9,71.0,81.3,7.6,56.2,78.8
S05466,68.9,17.4,71.8,71.4,8.95,60.5,73.84
S09892,68.2,,53.0,55.5,6.32,61.7,51.61
S09602,81.2,18.7,65.4,77.0,5.54,43.6,86.41
S02131,81.6,20.9,83.6,79.5,6.04,62.4,74.22
S03454,73.8,17.0,62.2,66.0,6.75,45.7,64.66
S02374,89.0,33.5,100.0,92.2,10.0,71.6,100.0
S08556,85.2,6.9,59.0,60.2,5.99,68.3,56.65
S04155,45.0,14.5,58.3,51.2,5.12,69.4,49.11
S07731,75.3,21.9,68.8,,7.07,57.2,74.09
S08653,51.7,8.9,56.5,30.0,5.7,50.4,38.14
S04193,93.4,21.6,85.0,72.8,9.28,55.1,88.26
S03888,60.4,10.3,58.0,49.06,,55.3,61.38
S03280,70.6,12.4,65.0,57.4,6.29,68.5,51.76
S08222,77.2,,71.0,80.6,6.45,51.0,63.49
S02268,90.3,25.1,73.1,87.4,7.63,60.0,87.48
S05117,99.4,39.7,,96.0,9.95,81.5,100.0
S06845,72.7,5.4,59.6,53.8,9.0,,68.4
S06527,73.2,12.1,72.1,52.0,7.6,65.1,79.76
S09617,47.8,8.0,50.3,51.9,4.76,,34.1
S05557,91.0,15.9,82.1,82.3,4.62,24.1,72.93
S04287,62.1,11.0,75.5,63.6,9.26,,67.53
S07010,73.5,7.5,62.0,63.0,8.58,55.0,80.27
S06011,87.3,20.0,96.4,86.3,7.41,81.6,80.46
S00507,87.2,9.9,53.5,63.6,7.49,72.2,67.81
S06920,66.8,3.3,44.7,30.0,4.78,29.9,40.27
S05031,71.7,13.4,57.9,53.0,5.19,50.3,40.25
S03521,76.7,17.4,,65.9,7.01,61.2,55.02
S08481,85.9,7.3,57.6,63.7,6.86,62.9,77.59
S08889,82.0,16.3,75.3,72.8,6.32,51.1,62.32
S05188,,15.2,84.9,63.1,7.95,72.3,78.45
S03233,68.8,2.7,78.5,82.7,8.27,62.1,82.24
S00249,76.0,9.6,62.7,61.3,8.47,48.4,74.67
S02203,77.4,18.2,61.0,58.7,7.22,,67.17
S05226,86.7,27.2,71.2,62.2,8.12,88.1,73.97
S06210,76.6,15.1,57.0,57.8,7.31,55.3,61.13
S00739,89.6,21.8,,83.4,8.48,82.3,76.67
S04794,63.9,11.4,59.7,42.2,6.57,56.8,46.47
S06329,67.4,28.7,57.7,59.3,7.85,63.7,69.84
S02404,70.7,,81.3,72.8,8.77,76.5,89.8
S03405,70.6,13.7,86.1,72.7,8.28,84.2,99.89
S03520,92.0,18.6,,77.2,7.73,80.8,76.7
S02649,74.0,18.2,86.6,81.9,8.56,63.7,83.88
S00366,67.9,13.4,65.5,53.6,6.11,44.7,60.91
S08665,93.3,26.1,81.3,80.1,6.75,69.2,78.74
S04162,73.9,11.1,84.1,64.3,7.81,39.6,68.53
S04697,64.3,14.8,49.9,69.6,6.04,60.3,52.93
S01769,86.0,27.7,71.7,71.5,6.17,,79.59
S01006,77.5,11.0,49.9,45.2,7.24,63.8,61.69
S03568,80.5,18.6,79.2,79.5,6.17,62.6,71.08
S04667,79.6,19.4,68.7,63.6,7.69,59.6,86.13
S04181,100.0,31.0,94.0,91.5,9.98,74.2,100.0
S08270,100.0,25.9,90.4,82.5,9.54,81.0,88.87
S07613,86.3,21.2,57.3,,5.77,58.9,62.58
S06022,53.3,2.0,30.9,30.0,5.69,46.1,27.36
S05737,52.9,12.8,61.6,47.4,5.54,45.7,59.44
S00747,75.9,15.6,59.2,71.4,7.14,73.5,76.85
S09090,66.6,4.2,,42.5,6.09,22.6,42.12
S04814,70.3,15.6,59.6,71.8,6.26,39.8,56.96
S04219,,19.5,67.4,79.3,6.79,76.5,89.61
S02429,87.6,23.3,85.3,81.0,8.4,71.9,80.1
S01710,60.4,2.0,50.4,49.6,5.72,37.7,38.15
S03612,63.2,22.4,70.0,61.9,7.33,54.6,59.48
S01088,91.5,5.2,90.2,82.5,6.92,57.8,81.81
S00380,98.2,27.5,85.8,81.1,8.89,71.4,84.43
S07321,81.1,15.8,59.1,57.8,6.66,52.1,67.83
S08704,90.0,16.1,75.5,67.8,8.39,51.5,77.83
S06027,67.2,12.3,52.7,63.3,5.31,57.0,55.82
S00587,85.2,17.4,63.1,43.0,5.77,58.0,58.36
S05719,76.3,12.2,80.7,78.8,8.49,70.0,83.04
S00270,73.0,33.8,64.3,64.8,8.64,53.5,94.03
S04074,74.6,30.8,85.6,63.9,10.0,65.1,70.26
S05358,77.3,26.4,64.0,64.7,,68.8,65.64
S02987,59.0,10.4,66.1,66.6,5.09,63.2,57.95
S08706,72.5,21.3,89.1,73.1,7.7,62.8,78.37
S07633,58.9,13.0,65.2,57.8,7.09,48.0,71.35
S04651,80.8,12.5,55.8,54.7,5.81,37.6,57.1
S03832,73.4,10.4,100.0,67.1,8.54,63.6,84.28
S05878,71.3,19.9,63.6,65.5,5.76,46.1,66.41
S09216,64.4,17.1,79.1,58.6,6.39,68.2,83.38
S04199,81.4,10.0,66.4,50.6,7.65,38.7,63.59
S00084,65.9,8.3,52.9,54.1,7.78,40.5,48.12
S06038,86.7,16.6,83.2,79.0,8.04,90.9,80.39
S03373,82.9,27.9,88.5,91.1,8.06,85.7,90.92
S01341,,,44.2,40.2,6.15,42.8,50.09
S08358,63.7,6.2,,49.2,4.77,41.5,34.4
S06732,65.0,21.5,54.1,56.8,7.01,54.3,64.87
S00223,72.3,33.9,80.4,54.7,7.44,61.1,92.68
S00746,75.3,16.8,56.9,64.5,6.86,66.5,62.98
S05057,63.9,9.9,51.0,38.9,4.64,41.3,45.83
S02562,66.8,13.6,60.8,63.1,8.07,26.6,60.18
S04355,66.2,22.7,89.4,74.3,8.17,83.5,85.89
S06152,65.5,9.9,54.0,43.2,6.39,44.6,62.91
S00845,74.4,2.0,73.3,57.4,,25.5,41.27
S03393,60.3,8.7,44.4,57.5,5.59,31.1,46.81
S05253,80.1,26.9,92.7,84.8,7.67,76.1,91.37
S06177,44.2,2.0,47.4,44.1,4.57,48.9,39.98
S06675,91.3,25.7,85.3,85.2,,85.0,76.56
S09336,67.1,10.2,71.3,63.9,8.95,80.0,76.24
S05656,99.7,,67.6,47.6,7.11,47.5,59.7
S04184,81.4,16.6,67.3,79.1,5.53,56.8,62.4
S05421,91.9,20.8,95.7,81.1,8.86,86.9,97.83
S06904,84.9,14.5,91.6,68.6,7.79,77.8,72.64
S08320,70.4,5.8,53.3,50.9,5.99,67.6,56.37
S05496,86.6,17.3,80.8,71.4,5.78,47.2,65.06
S00433,61.5,19.3,60.8,66.7,,49.6,62.96
S01011,78.1,13.9,73.6,63.8,8.23,36.2,69.22
S07102,69.9,4.2,60.1,62.6,6.6,60.0,61.39
S07519,81.1,17.3,,,8.16,52.8,77.02
S06297,64.1,17.4,47.5,49.3,4.84,43.5,54.41
S09676,86.7,24.4,90.4,81.8,8.3,45.6,96.59
S01560,51.5,6.4,55.4,43.4,4.82,49.0,29.92
S09214,54.3,17.9,48.6,54.3,5.05,37.4,50.85
S04638,78.9,13.0,73.6,72.3,8.51,70.1,77.78
S03662,79.5,16.1,56.3,64.4,6.85,60.8,45.65
S08267,70.5,5.2,55.9,49.7,7.82,39.9,59.42
S05853,68.3,25.6,83.3,64.6,6.97,65.2,73.78
S07050,80.8,5.8,58.6,63.5,6.54,54.4,59.43
S05658,40.8,2.0,30.0,30.0,4.0,8.6,2.97
S01418,82.3,16.4,76.3,67.4,7.56,51.6,77.31
S09921,86.8,16.9,77.5,77.1,5.79,56.5,72.94
S06840,,8.2,49.6,62.1,5.93,62.8,54.18
S03132,79.9,22.4,77.0,94.2,7.78,93.5,91.83
S00929,65.3,6.6,70.1,53.2,7.78,61.9,48.07
S05126,92.9,12.9,,65.7,7.1,68.3,68.67
S05885,69.5,14.4,73.0,68.5,8.83,74.8,65.57
S03211,75.4,8.0,73.0,42.1,6.22,63.4,54.04
S00040,75.8,19.2,70.4,73.3,5.74,57.5,66.7
S05555,93.4,26.1,91.5,78.9,8.78,78.1,100.0
S07404,78.9,2.9,69.7,62.0,7.74,40.8,69.17
S05077,65.4,2.7,59.6,51.4,8.47,52.4,59.53
S03265,76.3,25.1,60.9,60.6,6.77,53.7,82.81
S05994,80.5,2.0,61.9,44.0,5.86,55.5,55.84
S07737,72.1,23.1,68.4,70.9,7.5,75.9,63.3
S02630,80.7,3.9,90.3,81.7,7.28,64.8,73.52
S03328,71.5,9.2,56.0,40.9,5.27,58.0,43.58
S06059,65.4,10.7,58.7,49.8,5.32,53.2,50.5
S02627,81.4,14.1,75.7,70.5,7.92,56.0,77.48
S00012,73.9,23.1,65.4,65.2,8.14,60.3,84.15
S00642,62.7,16.6,53.0,62.7,7.4,42.7,69.57
S06173,64.3,8.5,68.6,59.5,6.34,59.5,49.55
S08334,84.0,17.6,87.5,75.2,9.59,69.8,69.13
S07685,96.7,28.8,,89.5,9.53,74.4,90.49
S07148,70.2,10.2,80.9,64.3,8.98,53.5,84.63
S01999,76.2,23.8,83.0,80.0,5.97,69.4,73.27
S02271,93.2,16.3,86.2,68.7,8.15,47.6,75.04
S00858,63.0,7.7,45.9,34.2,5.16,26.7,39.67
S00056,48.1,5.6,38.9,44.9,4.45,33.3,23.64
S09959,53.0,4.8,55.4,55.1,5.48,47.5,50.4
S00205,52.0,12.3,63.0,54.4,5.76,50.5,51.52
S09490,69.0,11.0,79.2,73.7,8.66,66.6,72.97
S05880,72.0,25.6,80.3,76.1,8.41,51.6,85.08
S02993,47.8,4.0,46.0,30.0,4.0,44.2,23.76
S00126,,22.6,91.7,84.6,6.34,74.1,88.05
S05321,78.6,24.1,90.1,81.8,6.44,55.6,77.11
S04313,69.5,11.3,53.8,64.2,,57.4,62.15
S01520,53.3,7.7,63.4,,7.8,47.7,58.68
S05337,72.2,8.6,69.0,63.9,6.9,52.4,80.68
S06392,88.1,19.8,73.9,78.4,6.37,63.4,77.88
S02906,87.6,19.0,76.1,,6.1,44.3,68.96
S04251,,21.6,76.1,82.4,6.66,46.8,70.79
S05375,63.2,11.1,64.7,55.1,7.86,55.5,70.26
S07488,96.1,20.3,84.9,79.5,8.42,64.1,90.94
S06880,87.0,14.4,61.6,71.1,6.86,49.7,70.62
S05476,85.0,7.0,63.9,61.0,7.01,47.1,63.04
S03147,82.5,36.8,97.9,87.4,8.27,86.9,98.32
S02042,52.0,12.8,46.6,46.2,5.43,43.9,42.92
S00357,45.5,8.4,34.4,39.8,4.0,46.3,21.35
S05008,76.5,30.0,94.6,83.0,7.81,66.1,89.57
S07874,66.8,5.0,32.8,30.0,5.06,36.9,21.25
S04852,82.9,23.2,78.5,,8.58,60.7,93.89
S07985,72.6,11.5,86.5,60.5,8.67,78.1,71.91
S06833,87.9,13.9,62.8,58.8,6.61,55.9,59.43
S05285,75.3,17.5,67.7,60.2,6.72,61.0,70.26
S01674,72.2,13.8,79.0,63.5,8.27,83.4,63.75
S02705,69.8,10.5,49.8,54.7,,61.6,60.9
S01840,75.8,21.9,55.6,58.8,7.37,64.6,72.69
S06398,76.9,11.4,76.0,67.8,7.37,66.0,79.35
S07710,74.6,21.9,74.3,62.1,7.53,,64.07
S04865,73.8,18.1,,71.2,7.12,73.4,97.87
S03348,96.7,19.4,63.0,63.4,7.97,45.9,78.35
S07589,82.2,31.7,86.8,100.0,10.0,70.2,100.0
S08318,90.8,31.6,80.1,88.9,9.28,91.9,94.66
S04761,98.0,23.9,76.5,70.2,7.86,79.5,80.57
S07132,82.7,25.2,81.1,72.3,7.99,90.7,84.32
S08311,63.7,9.1,53.6,49.3,7.02,64.0,67.52
S01432,63.9,15.9,54.0,56.4,6.79,13.9,59.05
S01189,68.2,2.0,37.2,30.0,5.43,36.1,39.87
S09900,95.2,26.9,85.3,90.8,8.36,78.2,92.19
S03800,65.4,10.8,60.3,49.7,6.18,63.7,59.05
S01323,67.6,9.1,53.3,48.1,5.31,35.5,56.63
S09885,66.4,15.4,69.5,60.8,7.86,67.5,73.85
S09596,84.7,22.3,89.6,76.8,8.67,77.3,81.35
S09501,66.0,,56.7,56.9,6.75,67.5,63.39
S01194,90.9,30.1,87.0,91.5,10.0,86.3,100.0
S00696,79.4,7.5,62.5,54.1,7.23,61.5,63.54
S09034,64.7,20.6,75.2,57.7,7.31,56.3,60.62
S09306,41.6,2.0,48.5,37.3,4.49,36.7,24.31
S00288,94.7,22.1,97.7,89.6,10.0,,100.0
S07237,72.3,19.0,83.4,58.5,8.42,78.3,75.51
S08472,100.0,30.1,83.7,68.4,8.53,98.1,98.62
S09165,58.0,9.3,89.4,72.1,8.21,46.6,69.7
S02799,61.3,11.0,45.6,56.5,5.99,46.9,54.46
S00472,99.0,27.5,83.6,93.1,10.0,85.3,100.0
S09596,84.7,22.3,89.6,76.8,8.67,77.3,81.35
S09946,79.6,13.4,68.1,62.9,7.27,45.9,66.0
S04512,71.7,6.6,61.8,56.2,5.96,38.8,53.18
S09103,90.7,24.2,87.3,83.1,10.0,84.8,95.23
S07858,78.8,20.5,67.6,66.0,7.59,70.4,72.17
S05390,78.3,23.4,83.1,83.9,8.29,67.2,92.7
S08968,86.7,36.8,96.9,71.7,8.3,74.3,86.1
S00974,100.0,26.8,93.2,97.1,10.0,89.9,100.0
S09009,72.9,11.3,90.1,71.6,,77.2,69.89
S08429,68.0,12.9,77.2,48.1,6.6,50.1,68.42
S06710,45.5,4.9,32.0,41.1,5.04,51.3,33.93
S08750,69.4,33.9,85.9,94.2,9.19,74.2,92.88
S01583,69.3,10.3,65.1,61.6,6.66,52.6,66.08
S05677,60.3,2.1,66.2,52.7,7.26,46.8,38.27
S05276,91.9,15.1,81.2,70.2,6.83,51.4,72.68
S01199,74.9,3.5,54.3,58.8,6.91,55.1,53.44
S06031,66.4,9.1,49.7,43.7,6.34,46.2,46.95
S07198,,15.2,61.7,68.3,7.05,41.2,67.4
S05119,77.0,15.3,66.6,51.6,6.07,41.7,64.91
S05162,84.7,18.4,77.8,71.2,7.4,58.8,77.18
S02794,83.4,17.9,69.1,80.0,7.92,53.5,91.46
S00902,83.6,,85.6,75.1,6.47,71.6,73.76
S07723,69.0,18.5,68.3,66.5,7.03,65.7,64.98
S04117,75.4,19.5,87.9,75.8,9.17,34.6,88.38
S07035,70.2,24.3,58.6,55.0,,49.1,60.82
S04584,66.5,20.1,63.1,51.2,6.21,53.9,67.14
S02310,74.3,18.2,62.1,44.1,6.93,63.6,64.44
S03167,69.9,14.9,61.4,76.8,6.74,56.6,70.09
S08002,92.9,25.0,84.0,77.6,8.42,63.3,100.0
S07996,81.3,19.9,89.0,70.1,8.38,93.2,94.79
S07299,78.6,19.5,77.7,77.5,6.22,44.2,69.56
S09243,72.6,2.0,54.1,55.6,6.47,64.3,51.46
S06401,80.2,23.6,83.1,59.2,8.78,52.0,72.44
S08900,54.0,7.0,52.9,30.0,4.0,,34.2
S05523,79.2,20.6,73.4,69.4,6.34,61.0,74.81
S03765,93.4,25.5,93.7,83.7,9.84,65.2,100.0
S09337,82.0,16.5,69.8,69.3,6.2,36.4,67.03
S03327,78.1,14.7,81.4,59.1,5.84,51.3,64.78
S00782,83.4,12.5,73.6,77.9,6.02,58.4,83.28
S05282,85.7,19.9,71.7,77.2,6.71,56.0,95.35
S06427,70.1,14.2,77.5,67.4,8.29,57.0,89.01
S02845,76.0,30.8,86.8,82.4,8.39,59.1,84.33
S00768,75.3,31.2,100.0,100.0,8.22,73.7,92.84
S04342,78.5,8.9,84.4,60.8,8.61,56.2,76.78
S08200,74.2,20.4,75.1,80.4,6.7,60.9,80.47
S05955,78.5,23.7,72.3,75.0,7.97,74.7,85.19
S06569,99.8,15.9,92.8,77.3,8.97,78.0,90.67
S00714,96.0,18.2,84.3,71.2,8.65,82.1,93.77
S05935,68.3,19.6,96.1,71.2,8.46,78.7,74.45
S03918,90.3,,100.0,83.1,8.34,98.3,96.19
S01408,80.0,27.3,75.3,79.7,8.51,71.4,80.87
S03247,86.6,18.8,83.3,84.3,7.63,88.2,85.47
S06301,71.6,26.7,99.5,92.8,8.98,65.9,95.86
S01381,56.9,6.4,63.1,60.2,5.87,43.5,58.24
S06972,54.6,8.7,42.5,52.0,6.29,32.5,40.66
S06733,79.9,21.8,85.4,81.3,6.19,85.5,65.52
S07207,81.1,23.3,73.6,79.6,8.23,65.3,87.65
S07876,79.9,23.7,75.9,60.3,8.03,62.1,64.62
S07396,100.0,22.2,87.6,85.5,8.63,76.9,84.7
S08770,64.8,2.0,55.7,43.6,5.55,27.9,24.23
S09070,64.7,12.9,55.4,51.2,,53.6,58.34
S09748,64.1,8.6,64.0,59.3,7.17,73.4,69.59
S05634,78.2,19.9,73.7,81.8,7.46,56.6,78.94
S06211,81.8,28.6,71.3,82.9,8.2,86.3,85.67
S04101,61.5,3.2,38.0,45.1,5.25,38.5,32.41
S04285,84.4,7.8,84.8,85.1,4.52,35.5,57.81
S07306,61.4,7.8,,51.3,6.45,28.3,49.13
S02516,84.1,21.2,82.7,73.7,6.37,49.3,85.17
S01447,74.5,9.6,75.2,63.3,5.87,,57.16
S08715,74.1,18.2,75.0,75.7,6.19,49.1,70.33
S07739,85.0,24.6,98.3,53.4,8.28,64.0,71.73
S01626,75.0,15.4,49.7,52.0,,31.1,78.33
S02222,83.0,16.3,65.1,68.4,7.06,56.5,66.93
S09209,70.8,14.3,,64.6,5.06,62.9,66.78
S08929,58.7,5.7,72.9,61.8,8.0,57.8,74.33
S08414,65.5,7.3,67.6,56.5,5.84,59.6,59.17
S00856,77.8,11.6,51.4,53.8,6.93,54.9,58.4
S08020,66.2,9.2,51.1,50.6,,60.2,54.28
S08533,69.1,5.9,58.6,66.4,7.06,51.9,61.1
S01441,73.6,2.2,70.1,72.2,,50.9,70.56
S05527,81.9,26.4,70.7,85.5,7.25,56.7,86.37
S00250,77.1,10.1,71.1,63.8,,54.1,76.55
S05550,83.1,18.2,72.7,79.0,7.72,70.0,88.79
S01230,67.4,14.0,59.7,54.2,,42.8,50.43
S05299,83.9,14.2,73.2,73.5,5.5,44.9,56.85
S04564,67.0,19.4,86.0,59.7,7.91,,54.77
S06235,55.9,14.7,33.2,,,53.8,48.86
S05220,97.0,28.0,88.5,87.4,8.26,75.5,99.07
S05726,83.9,28.0,,75.2,8.01,76.6,87.98
S01402,76.6,13.9,71.1,70.5,6.63,75.5,73.02
S04266,59.6,2.0,47.0,51.8,7.0,48.3,57.41
S06501,64.1,10.7,62.5,59.2,8.14,47.0,68.8
S05038,76.6,26.5,61.7,77.0,5.9,62.0,69.04
S09465,74.6,20.7,81.8,86.4,7.52,64.9,80.32
S04065,60.8,15.2,79.1,74.4,8.39,53.2,91.37
S02336,75.3,20.4,68.6,73.6,7.07,68.0,82.03
S05002,100.0,28.7,92.6,100.0,9.18,74.3,100.0
S05397,87.1,13.9,77.3,76.3,7.96,66.2,80.78
S06650,73.7,19.0,56.9,68.5,6.24,40.7,70.12
S09253,91.0,26.3,100.0,100.0,9.28,80.0,90.63
S06875,53.3,2.0,51.3,39.5,5.61,59.1,35.31
S09670,65.3,18.5,,64.5,7.66,47.9,72.9
S07579,72.0,9.8,45.0,31.4,7.34,42.0,44.38
S04560,84.0,13.1,80.1,73.5,5.97,50.9,69.12
S08759,73.4,2.0,,45.4,5.88,27.1,52.38
S09936,,21.0,78.8,76.0,6.28,,70.98
S01717,79.4,14.2,68.6,70.0,7.19,71.2,53.82
S04345,85.6,15.4,68.6,50.2,7.14,56.6,73.23
S08550,65.3,11.0,54.2,61.2,,54.1,54.39
S07654,72.5,17.1,77.6,60.6,7.93,54.1,59.6
S06935,59.1,5.9,45.8,48.9,5.04,46.5,36.59
S09868,63.3,14.9,61.7,38.7,5.52,33.4,58.63
S00786,84.4,16.9,62.8,61.8,7.8,48.9,82.93
S03801,65.4,9.0,53.2,54.8,6.19,52.2,52.15
S00979,89.1,23.9,,80.4,6.54,71.4,70.56
S01579,81.4,2.2,50.2,50.9,,59.1,40.46
S08883,69.7,19.0,72.5,71.5,,66.3,72.89
S01316,67.2,21.7,68.3,67.0,7.96,66.1,65.77
S06989,90.5,31.9,87.4,88.0,9.98,85.2,95.49
S07337,100.0,24.3,95.1,98.6,9.24,79.3,100.0
S09295,,12.0,53.8,60.0,5.76,46.8,61.47
S06157,94.1,20.0,75.2,43.1,6.37,66.9,55.36
S08289,74.8,15.9,65.5,74.4,6.24,42.5,77.3
S05688,87.6,14.4,73.6,56.6,6.97,36.5,61.75
S03736,72.3,13.1,61.9,49.1,6.93,46.1,59.69
S00232,82.2,28.1,,83.0,8.37,71.2,98.51
S03747,59.9,9.4,61.8,53.6,6.59,57.4,56.4
S08569,87.2,,88.5,79.0,9.42,58.3,92.02
S09469,94.8,2.0,52.4,35.5,5.64,35.8,46.11
S08338,77.4,7.9,53.3,56.2,6.27,56.6,57.35
S05952,76.5,13.0,70.3,59.6,6.47,54.1,70.44
S09716,53.7,5.7,53.0,40.6,5.55,19.8,38.7
S07845,91.3,26.8,100.0,100.0,10.0,92.5,100.0
S04217,81.5,20.5,82.2,79.6,8.95,,71.08
S05518,75.8,4.9,,61.5,8.23,49.2,63.92
S03990,67.5,10.2,,52.4,6.72,53.6,59.2
S01971,60.2,6.0,57.9,57.2,5.97,53.3,62.58
S00262,89.7,16.5,79.1,55.7,7.38,63.2,67.18
S00497,83.9,17.6,45.1,52.4,6.3,38.6,66.99
S09641,88.6,21.9,64.3,63.4,7.76,65.4,70.22
S01739,89.8,30.7,77.2,77.8,7.82,59.8,86.96
S08971,88.7,19.6,81.2,70.6,7.65,57.0,72.51
S03803,66.5,15.9,65.7,73.7,8.26,61.6,69.67
S09498,80.2,23.1,70.8,77.4,6.63,84.8,68.26
S05416,66.9,30.6,67.7,68.9,8.47,60.4,85.76
S05152,,2.0,30.0,30.0,4.0,38.4,13.74
S05124,62.8,10.6,50.5,41.1,5.93,59.5,49.33
S07027,90.5,22.4,79.9,80.4,6.52,,76.85
S06961,63.6,13.1,68.5,40.9,6.5,73.6,53.36
S09001,97.1,21.4,98.6,85.9,8.76,,100.0
S02942,,20.4,78.9,67.7,8.11,47.0,78.89
S01644,95.8,17.9,66.5,74.8,8.48,53.6,89.46
S08314,78.2,2.0,59.6,48.7,5.81,66.2,47.51
S07077,87.6,18.5,77.31,76.7,6.58,67.1,78.71
S02716,62.0,6.8,,40.8,9.33,86.1,70.44
S08507,77.6,12.7,76.8,69.3,8.76,66.7,86.62
S05016,87.7,13.0,74.2,70.9,8.32,80.1,77.93
S00087,57.8,2.5,52.9,46.3,5.5,45.7,32.95
S00808,55.1,14.2,58.8,58.5,6.47,61.2,43.27
S06070,54.9,24.3,68.3,59.0,6.76,63.7,62.1
S02737,68.5,8.8,72.3,57.7,6.86,64.0,63.51
S02329,70.2,13.7,47.0,56.2,6.34,57.7,50.84
S06094,78.2,11.7,55.9,61.8,8.28,50.2,68.68
S07444,76.0,14.4,83.8,69.2,9.01,78.1,89.23
S02557,68.9,9.0,58.7,61.6,8.51,62.6,65.83
S08211,50.7,17.8,45.1,41.0,5.48,21.6,43.16
S03053,75.8,23.0,72.6,64.4,7.81,58.1,71.27
S03781,68.8,21.2,70.1,81.1,7.42,53.2,82.52
S09446,100.0,25.0,95.2,100.0,7.53,86.9,98.17
S02883,55.3,3.7,37.3,32.4,4.0,39.0,28.66
S07156,91.1,23.6,82.8,81.2,10.0,84.7,96.7
S04463,85.9,,74.9,75.7,8.39,96.0,80.28
S07772,68.8,20.3,70.6,49.2,6.5,47.1,55.19
S06457,81.1,12.2,89.8,69.5,8.21,74.1,67.86
S02022,69.3,13.2,80.2,63.0,7.31,73.1,59.77
S07811,88.3,24.2,80.0,87.8,8.15,77.8,90.32
S09484,53.4,9.7,57.9,56.8,7.54,55.1,62.12
S09662,62.0,12.4,,67.5,7.14,34.0,60.54
S09537,74.9,8.5,74.0,63.0,,71.9,65.26
S05918,68.8,6.3,42.9,49.4,6.41,39.3,51.5
S00112,77.4,17.9,64.6,60.4,7.31,48.4,65.69
S07029,88.7,9.0,90.9,63.6,7.49,75.5,81.64
S03160,68.9,17.8,68.2,39.9,7.23,38.5,66.3
S01670,70.5,20.0,74.1,68.2,9.21,83.8,81.12
S07044,75.4,11.7,65.7,63.5,7.59,66.1,61.88
S03663,98.7,8.9,64.0,43.6,5.96,30.5,59.86
S05292,68.4,8.1,75.5,63.87,8.86,67.0,69.78
S02087,69.6,7.7,80.9,61.1,8.03,75.6,64.02
S00478,67.4,15.3,74.4,73.4,8.06,61.5,67.36
S02305,54.0,7.1,58.3,,,64.4,62.03
S03995,69.7,4.8,84.5,86.5,6.85,52.8,74.55
S07025,82.8,32.4,89.6,85.4,7.18,70.3,93.24
S04461,92.1,23.0,74.4,89.7,8.21,62.2,86.18
S06196,72.0,12.7,89.7,69.3,8.39,73.6,83.32
S01239,50.0,2.5,36.3,32.5,5.6,41.0,32.91
S00152,83.0,12.7,73.6,59.2,8.45,56.8,82.3
S08504,82.1,,58.1,50.0,7.24,52.3,69.26
S05503,96.7,10.2,,40.1,8.16,73.1,79.14
S08439,69.5,13.2,80.7,82.7,,68.6,78.99
S08638,70.8,17.8,96.9,71.4,8.8,53.9,85.98
S04128,86.4,16.3,66.7,78.7,8.39,55.9,76.44
S03633,71.4,19.9,63.1,52.0,7.39,50.4,74.47
S00091,62.4,11.4,48.0,41.9,4.4,54.0,50.47
S08127,90.8,10.0,83.3,88.9,5.19,44.4,67.37
S00072,83.6,20.9,86.9,87.3,9.06,80.6,88.75
S01688,86.6,15.7,65.8,54.4,5.94,39.9,72.58
S06222,66.0,11.1,71.1,76.5,8.69,59.1,96.08
S06058,68.7,11.6,45.7,49.9,6.73,62.9,62.74
S08373,70.8,16.5,72.6,62.2,6.8,67.3,60.06
S07457,82.8,17.2,76.8,93.5,8.34,68.7,79.86
S09660,72.3,17.9,73.1,81.0,8.61,83.1,78.33
S08567,52.3,18.2,69.2,52.4,6.92,54.2,58.14
S03844,66.2,15.2,57.7,56.1,6.6,,58.5
S00238,97.3,19.9,82.7,77.3,9.21,70.2,85.52
S07194,65.4,30.2,78.4,69.0,7.69,73.0,73.52
S02102,67.7,6.1,45.3,44.4,5.47,50.4,43.91
S05889,,15.0,69.6,42.8,6.08,55.9,67.67
S07433,64.1,14.6,64.0,56.7,6.18,43.5,57.59
S08730,89.1,29.7,92.7,100.0,9.42,74.7,99.47
S08408,53.4,5.6,40.5,33.1,4.74,50.7,21.43
S03478,79.6,2.0,66.2,62.7,7.35,29.2,60.57
S00031,57.3,10.4,54.1,40.0,5.46,,50.69
S06113,67.8,13.6,58.1,55.2,6.57,45.8,65.73
S03785,61.2,18.5,51.4,55.3,4.41,53.1,38.59
S09959,53.0,4.8,55.4,55.1,5.48,47.5,50.4
S06276,67.6,12.6,58.4,67.9,,58.8,67.24
S06348,73.5,21.8,85.3,75.0,9.04,68.6,83.67
S08724,99.2,27.8,99.7,100.0,9.09,86.9,100.0
S01471,93.0,23.4,100.0,91.9,10.0,83.0,99.22
S07493,76.2,16.9,78.5,74.6,8.47,44.7,76.9
S00139,76.3,17.6,67.8,78.8,8.11,54.8,66.65
S01061,90.8,21.6,76.4,83.8,4.34,52.4,72.16
S08306,50.3,2.6,41.8,42.3,5.29,58.1,25.29
S08149,78.2,13.9,75.5,73.6,7.74,67.9,87.98
S03590,49.0,17.8,39.9,52.0,5.04,28.6,31.1
S08178,78.7,7.8,68.7,53.8,6.41,74.1,58.25
S02000,77.2,25.7,97.3,76.3,9.44,71.4,91.08
S07629,44.2,7.2,54.6,37.5,4.73,39.5,36.29
S07606,80.4,17.7,75.8,73.9,6.12,64.2,70.06
S09655,55.2,4.7,56.0,53.2,,39.1,41.14
S01159,82.2,16.1,,65.3,8.88,57.5,93.19
S04665,70.5,28.0,77.8,61.5,6.96,61.8,72.79
S01996,88.1,15.5,68.1,69.6,7.61,57.7,66.46
S01948,67.1,2.0,54.4,38.2,4.86,39.7,25.96
S00557,71.4,4.7,61.3,56.3,5.6,47.1,54.41
S04618,94.2,19.4,78.9,76.6,7.94,63.9,86.47
S09218,54.9,10.8,65.7,54.2,5.54,39.3,54.36
S04747,62.6,9.5,56.3,52.8,5.61,44.2,56.23
S02784,78.7,14.1,78.2,77.6,5.59,44.8,81.81
S07230,76.5,15.9,50.3,45.2,7.17,43.3,76.96
S07107,67.2,11.7,55.8,61.3,7.6,77.5,63.86
S05454,73.6,14.4,83.6,60.2,8.55,75.6,72.69
S02907,66.8,17.5,82.9,75.3,7.92,51.2,66.85
S00896,60.5,2.0,37.5,30.0,5.51,22.8,27.69
S04433,69.0,15.7,,49.5,6.66,55.3,57.13
S04226,83.5,27.4,69.6,78.3,7.51,64.1,80.91
S03646,75.2,17.8,100.0,73.4,9.18,90.9,96.97
S07853,75.1,11.5,57.5,52.1,5.75,56.7,74.1
S00149,64.6,6.3,64.2,59.6,8.06,48.9,71.72
S00976,68.5,2.0,51.0,35.9,4.94,33.4,30.84
S00800,72.9,21.8,77.7,72.2,8.45,61.2,71.82
S00973,85.1,24.6,83.9,83.9,7.46,50.0,75.54
S00002,84.4,15.7,77.3,70.9,6.25,72.7,71.2
S08611,89.9,32.1,69.6,76.3,6.72,80.9,80.78
S00117,87.0,23.6,75.9,56.7,8.88,61.2,82.87
S04028,69.6,9.0,54.4,64.6,7.94,59.8,74.18
S08008,71.8,10.3,69.2,59.8,7.77,57.5,53.5
S08604,65.1,15.6,58.8,61.9,7.6,60.9,72.0
S07133,91.4,31.2,100.0,95.6,9.89,88.9,100.0
S02615,69.6,6.0,63.0,53.8,5.58,53.7,62.86
S07956,42.6,2.0,56.1,33.8,4.95,57.3,27.23
S07582,76.2,13.6,82.6,67.6,8.25,57.0,71.81
S03143,64.6,11.1,78.1,74.6,7.14,55.9,69.46
S05495,70.3,16.9,74.3,78.6,8.39,71.8,80.39
S05147,,8.8,70.4,49.6,5.88,40.3,59.97
S06085,86.1,23.2,,92.3,8.59,,95.12
S08179,77.1,13.4,67.7,56.0,6.21,58.6,73.6
S03797,90.4,23.3,78.3,81.9,9.36,61.4,82.13
S08955,86.4,36.3,96.6,80.4,8.17,86.3,98.86
S03538,74.8,16.4,90.7,76.3,7.17,58.2,87.5
S01140,97.8,29.1,90.3,75.2,6.84,79.2,85.53
S02592,62.7,3.5,43.4,52.0,5.6,62.6,37.62
S05262,61.5,9.8,64.0,63.1,6.91,51.0,49.76
S02803,64.2,2.8,59.8,54.1,5.2,29.6,63.8
S01906,56.8,2.8,47.3,46.6,5.44,30.6,40.42
S08452,76.5,9.6,62.0,41.8,7.06,38.5,55.14
S09968,87.5,15.2,81.5,61.2,5.84,53.5,73.98
S09605,81.0,12.2,66.1,57.4,6.75,53.1,76.01
S04269,66.4,17.9,76.7,75.9,6.3,55.3,69.57
S09712,76.0,3.8,71.0,53.0,6.74,83.3,65.49
S05047,82.3,18.3,74.6,76.8,5.09,74.1,70.83
S01912,75.3,11.7,64.8,72.9,7.97,70.4,71.45
S07766,100.0,32.1,83.5,90.4,10.0,82.0,100.0
S09059,63.4,11.9,86.5,59.8,8.99,90.6,67.38
S04492,70.9,4.4,,45.7,4.02,35.2,26.16
S08717,71.6,11.3,66.4,74.0,8.88,73.0,75.56
S09841,76.2,7.9,,57.0,6.88,51.5,68.37
S09506,73.4,15.5,68.2,53.7,6.93,71.9,68.23
S09449,73.5,7.6,69.8,81.9,8.19,63.3,79.09
S03295,66.5,11.3,86.9,72.1,8.52,71.4,76.99
S02550,86.8,22.3,66.7,65.0,8.21,66.5,74.93
S04545,79.6,19.4,77.0,76.9,6.62,54.3,70.33
S00874,82.9,20.5,86.5,70.3,6.46,59.1,87.07
S02187,75.2,,50.7,56.2,6.11,32.1,46.31
S06435,73.2,19.7,79.3,73.6,6.39,54.0,73.6
S04395,81.1,10.8,41.0,54.5,5.1,41.1,58.8
S01745,72.1,16.7,91.3,73.0,8.5,85.8,98.02
S01524,71.6,,45.8,37.6,,18.4,46.9
S00102,97.2,29.2,98.3,78.1,10.0,88.0,100.0
S09697,73.4,12.3,65.5,49.4,6.95,44.3,59.97
S09315,91.6,21.4,84.7,80.7,8.42,83.1,84.69
S09394,81.3,,67.2,48.8,7.62,70.4,70.92
S00172,69.7,23.8,73.7,87.2,7.12,77.2,76.76
S08122,71.4,12.6,75.1,65.8,8.18,,82.23
S05760,66.3,5.5,51.3,44.6,5.17,33.0,39.12
S09883,83.2,17.7,75.9,,5.92,38.8,66.3
S06998,97.0,29.7,87.2,94.8,8.93,83.5,87.69
S09119,,17.0,72.3,73.4,7.72,59.3,75.15
S09559,88.0,24.6,77.5,61.1,7.46,57.0,59.46
S02039,68.6,18.9,59.6,61.8,6.56,33.8,59.64
S06467,83.6,15.3,83.03,75.0,8.96,60.2,89.77
S06901,94.4,30.1,100.0,97.8,9.0,92.4,98.01
S03010,77.9,,54.7,57.1,6.61,62.7,59.03
S05977,90.1,15.9,70.9,89.1,9.04,60.5,84.22
S05830,79.1,14.7,72.8,65.7,,76.0,68.37
S08845,84.9,17.0,83.8,83.8,5.95,70.1,94.34
S05729,79.4,14.9,65.1,65.5,6.15,58.0,72.48
S08291,90.6,10.3,41.5,46.6,6.14,44.6,40.33
S08487,69.1,15.4,64.6,,8.34,53.2,64.57
S01106,84.6,27.9,86.1,87.5,7.94,69.7,78.38
S02232,79.0,23.4,86.4,81.6,,62.6,70.29
S06707,76.5,24.6,93.4,85.2,9.27,82.3,94.01
S02590,82.8,13.4,44.6,52.4,6.45,61.8,52.43
S01512,61.2,11.1,42.2,40.9,4.52,39.2,46.33
S00748,82.2,22.4,77.6,78.2,6.46,50.9,83.98
S01209,67.0,14.5,64.4,44.2,7.4,70.4,68.55
S08595,58.8,12.0,63.2,43.7,4.52,40.2,42.36
S02899,88.0,30.3,86.5,83.9,8.85,80.9,91.34
S09167,88.9,6.3,55.8,52.4,7.47,41.9,54.32
S03835,64.8,20.0,76.2,59.6,,65.8,65.61
S03930,70.9,8.6,65.1,59.4,5.63,56.6,52.97
S08028,85.3,23.1,99.3,93.5,9.8,68.4,100.0
S02144,79.7,14.4,72.8,59.2,7.28,44.4,80.75
S09793,77.4,25.6,95.4,76.5,9.36,73.8,91.57
S08867,78.1,25.6,86.5,70.7,9.35,46.9,74.31
S09990,69.3,17.3,76.8,78.8,7.66,70.2,71.09
S03648,83.5,18.0,68.4,71.3,6.02,65.4,63.48
S05377,79.6,13.4,67.1,70.1,,70.3,70.36
S04289,82.9,13.7,83.0,68.2,8.9,,81.52
S00033,93.3,26.8,83.5,80.2,,68.1,83.17
S04399,96.9,20.9,,88.5,6.99,66.1,96.95
S06508,77.5,19.8,76.1,70.5,6.01,59.7,78.59
S09965,92.6,33.8,97.7,84.8,10.0,92.8,100.0
S03274,75.9,10.0,63.7,65.8,7.72,67.7,64.33
S02863,64.0,12.1,70.5,58.1,8.67,57.7,64.09
S04562,80.5,8.5,75.9,75.9,7.61,50.6,75.24
S06075,83.2,13.5,72.1,65.8,7.13,51.1,61.89
S09057,56.7,9.2,70.4,71.6,6.92,64.4,64.69
S01986,57.7,10.5,50.8,50.5,5.95,62.4,56.63
S07483,65.5,16.0,71.3,83.9,,69.2,76.87
S09024,71.7,,49.7,41.5,6.18,42.2,54.14
S08461,79.3,13.9,89.6,71.0,7.38,65.7,75.37
S07633,58.9,13.0,65.2,57.8,7.69,48.0,71.35
S09409,73.3,26.5,66.6,80.9,7.56,69.5,70.56
S06759,79.6,10.2,64.5,59.6,7.09,56.7,71.03
S01023,76.1,14.5,55.8,51.0,6.93,41.1,49.29
S00194,67.3,11.8,92.4,63.8,7.55,65.5,61.9
S04164,82.2,11.5,62.1,70.4,7.44,58.4,75.8
S07778,100.0,19.2,81.6,93.8,9.83,89.1,100.0
S00581,,4.5,52.6,42.9,6.3,49.3,47.0
S00698,48.3,2.0,36.0,30.0,4.38,29.7,9.68
S08651,69.0,9.1,68.3,54.4,6.48,47.2,52.29
S05661,67.5,17.9,,69.0,6.15,,60.79
S02652,91.2,11.4,75.8,79.9,10.0,59.6,84.01
S05956,65.6,14.6,81.1,42.3,6.72,41.2,69.39
S05813,89.6,21.4,73.5,79.0,6.71,70.1,83.14
S07800,100.0,33.6,100.0,98.7,10.0,74.5,100.0
S07870,59.5,2.0,47.2,30.0,,33.2,37.5
S04454,59.1,5.1,80.9,60.4,6.66,73.4,64.06
S04296,83.7,19.8,76.0,75.6,6.39,87.2,71.23
S02241,72.3,18.6,82.5,84.6,7.98,65.3,77.27
S02109,88.0,5.9,63.0,64.5,6.81,65.5,55.35
S00390,59.5,13.7,46.5,43.6,4.8,51.8,35.04
S07438,98.8,29.2,71.8,80.4,8.85,73.2,89.26
S09634,100.0,25.5,81.4,82.7,6.76,67.6,81.83
S04307,82.3,16.8,81.3,74.0,5.46,63.3,67.06
S05389,77.4,18.2,50.3,61.4,5.48,64.6,68.32
S03481,95.4,24.9,64.1,39.3,8.45,86.0,81.87
S04020,84.3,37.0,100.0,86.8,8.67,78.8,97.75
S08524,61.5,14.8,65.8,41.9,5.12,44.3,34.73
S01880,59.7,11.6,65.4,53.6,6.27,35.3,63.23
S00464,88.8,19.8,74.3,84.3,8.09,65.8,79.43
S08808,84.7,17.4,,61.2,7.16,59.4,59.0
S02589,71.0,27.9,79.6,68.8,7.7,74.4,64.81
S04723,54.8,7.8,61.9,47.5,6.23,53.1,46.66
S04096,87.4,16.5,71.5,79.9,7.56,68.4,90.67
S05946,80.5,15.6,63.6,49.7,7.21,63.9,69.7
S08098,51.0,15.1,62.9,57.1,6.37,45.9,46.14
S06828,53.9,10.8,32.3,,4.69,,30.37
S03238,87.2,25.2,68.5,78.8,8.15,64.0,88.23
S06642,100.0,30.8,92.5,99.0,10.0,80.0,100.0
S05852,54.5,2.0,55.1,,4.65,37.3,35.34
S03011,71.9,22.0,67.4,73.2,8.01,53.0,71.88
S06700,53.3,18.2,55.1,42.2,6.04,,57.64
S01886,100.0,22.8,100.0,71.1,8.55,73.5,100.0
S00134,58.6,10.5,46.9,37.4,,58.9,40.13
S04661,72.1,12.3,91.8,71.4,9.15,,81.86
S06679,53.1,13.6,42.0,35.3,4.99,38.2,45.55
S01825,49.4,7.4,34.2,33.9,4.66,33.0,35.56
S05427,60.8,7.8,67.2,48.7,6.93,52.6,43.61
S00235,,2.0,51.6,46.9,6.0,38.5,39.11
S04767,47.1,2.2,65.6,42.6,8.79,52.3,52.14
S06716,67.2,2.0,60.9,40.3,,69.0,44.64
S01835,65.1,10.8,63.0,71.0,,35.0,58.88
S07167,84.4,19.8,86.0,78.1,6.22,49.1,82.56
S00982,58.7,14.5,76.5,69.7,5.87,49.5,76.61
S02110,59.9,9.0,68.4,39.4,4.9,50.8,47.69
S05603,77.4,16.9,78.4,62.6,5.69,60.0,72.36
S04724,49.0,23.5,41.4,38.6,5.47,39.1,43.29
S06530,85.1,16.3,60.7,57.0,,62.0,69.99
S08221,100.0,34.8,89.8,100.0,10.0,70.3,100.0
S08402,62.3,38.4,55.4,55.2,6.71,66.4,59.01
S09863,80.1,14.0,68.3,55.3,5.79,37.0,51.47
S07935,90.1,25.9,83.2,100.0,9.41,64.7,94.48
S06611,75.8,24.6,89.6,59.4,6.36,,71.19
S05594,67.4,16.3,63.4,50.6,6.06,58.8,71.16
S09396,59.9,13.9,52.9,56.5,5.45,49.8,51.99
S04067,80.1,19.8,62.0,52.4,6.57,46.6,75.83
S06124,83.9,33.6,81.7,86.3,9.3,,92.16
S05320,62.2,21.0,86.7,73.4,7.93,71.9,85.72
S07217,67.7,9.9,62.4,53.9,6.19,67.4,66.22
S09364,63.8,10.6,61.6,63.5,5.63,57.1,52.35
S07714,,29.3,79.4,80.4,4.25,74.1,60.08
S07614,76.9,14.5,62.1,47.6,7.43,52.1,53.6
S05474,66.8,8.2,67.0,56.8,5.43,38.8,56.76
S01105,81.4,14.2,64.5,78.6,,52.6,70.81
S01543,62.2,13.2,51.7,52.3,4.87,30.2,39.28
S00877,73.6,28.0,65.6,75.4,8.08,83.3,78.83
S09879,65.8,9.6,93.3,74.6,8.26,67.3,76.88
S01353,95.4,22.7,84.2,79.8,7.54,62.2,76.01
S05364,80.9,22.2,74.0,74.9,9.14,59.6,95.83
S07598,68.7,12.1,61.0,66.4,8.02,50.6,70.19
S00641,80.6,16.4,62.9,53.4,6.36,55.9,64.41
S04623,83.6,33.9,57.8,72.4,7.85,68.8,72.6
S04650,59.5,10.4,48.5,38.7,5.28,,43.26
S04146,65.3,2.0,55.3,37.0,5.0,32.4,36.11
S07684,77.2,16.6,81.6,70.9,8.84,77.5,89.25
S05216,75.0,26.8,78.8,91.7,9.36,76.1,100.0
S09733,59.5,2.0,46.2,55.8,5.78,51.5,58.14
S05522,82.0,,,71.6,6.36,69.7,73.55
S09117,,25.1,82.7,78.3,7.04,77.0,75.53
S01635,83.8,16.3,,64.3,7.11,60.9,74.53
S03260,48.1,,57.3,41.6,6.07,39.4,48.58
S01178,96.6,19.3,91.8,75.9,9.75,98.1,97.95
S00680,40.0,2.5,44.0,39.0,4.3,44.9,27.28
S08844,88.2,25.5,,94.4,8.94,69.6,100.0
S02882,81.8,20.1,70.8,72.7,7.03,42.1,72.46
S09595,74.8,12.6,73.0,63.9,7.59,65.9,68.3
S05204,82.9,20.1,73.5,67.1,7.93,52.9,81.01
S07791,87.3,14.4,86.9,84.4,9.11,72.9,80.57
S02218,82.0,4.3,79.8,86.0,6.11,51.4,66.51
S08833,74.9,2.0,51.0,41.1,6.0,38.4,47.65
S08238,85.4,23.8,61.3,64.5,7.13,46.6,57.72
S04534,75.0,14.6,85.3,,6.34,55.0,75.92
S06965,86.2,16.2,,74.0,8.13,79.0,88.81
S08470,69.0,14.8,71.4,64.2,8.46,64.8,67.9
S05692,67.3,3.8,64.8,45.5,6.17,55.2,39.81
S07660,57.0,8.3,46.3,37.8,4.84,48.3,28.7
S00676,79.6,17.4,61.9,69.8,8.04,73.0,70.97
S05549,84.5,21.5,89.5,90.7,6.66,85.0,77.57
S06686,100.0,19.9,81.4,74.3,8.78,48.3,78.65
S06166,55.9,2.0,38.2,31.1,5.45,,23.06
S05106,81.6,24.4,83.8,86.7,6.7,,63.36
S05222,75.5,19.1,62.8,76.6,6.58,71.3,57.27
S08588,73.8,21.7,66.5,77.4,6.2,71.0,85.46
S02829,85.4,12.5,80.7,74.6,8.76,55.4,80.98
S09647,78.1,34.1,62.6,59.1,6.81,46.6,67.66
S09487,76.3,10.8,66.2,57.0,6.95,70.6,68.31
S02002,79.0,4.0,83.6,55.9,8.4,,63.1
S09332,97.0,18.3,95.6,81.1,8.36,94.3,95.7
S08352,79.2,19.0,83.8,74.3,7.63,53.9,70.76
S07416,75.3,6.4,72.0,57.9,8.09,85.2,72.11
S04702,,6.3,49.5,44.2,9.47,40.9,60.45
S05468,71.5,6.8,66.0,52.8,7.51,51.1,56.27
S01515,85.0,29.7,95.3,100.0,9.22,98.2,99.28
S03088,72.2,2.0,64.4,48.8,6.1,40.1,48.03
S05875,64.9,12.9,53.0,55.8,8.48,68.6,61.82
S03391,75.4,21.5,76.7,69.7,,81.7,71.72
S09636,65.3,8.6,60.2,66.8,8.43,41.7,75.25
S09769,100.0,,94.0,83.5,8.2,75.4,73.15
S07218,71.6,12.2,60.2,65.6,8.17,68.2,67.03
S03305,77.5,10.3,87.9,59.5,,53.5,74.93
S07984,64.9,22.1,62.6,41.7,7.17,44.6,56.49
S06042,70.4,14.2,64.1,54.3,,47.1,42.4
S04267,59.0,11.5,55.4,55.5,,59.3,72.31
S03927,95.3,25.0,,76.0,8.23,69.8,78.74
S01523,77.7,28.9,81.7,78.1,9.1,70.8,89.25
S01148,80.8,9.9,80.4,68.6,9.29,76.5,80.58
S06171,75.2,10.1,59.3,65.8,7.54,45.0,64.06
S04125,78.1,18.4,70.0,73.2,7.18,73.8,73.9
S09133,89.8,13.9,73.2,42.5,6.98,72.8,61.95
S07636,65.3,14.0,62.4,53.5,5.87,47.8,60.6
S07668,73.5,16.5,73.9,69.0,5.2,62.7,66.4
S07108,75.1,18.5,61.5,56.8,6.06,54.7,58.81
S05087,100.0,31.2,73.0,93.2,8.58,68.9,95.98
S09822,64.9,11.0,47.3,49.0,5.55,63.9,50.03
S08725,78.6,19.9,82.3,81.0,8.95,67.9,92.62
S03117,84.4,19.5,68.9,64.2,6.32,62.3,59.73
S06753,77.5,26.4,75.6,67.3,6.62,65.3,80.63
S02267,84.8,22.1,83.8,74.9,6.56,55.4,77.07
S04860,60.4,11.7,49.8,59.6,4.91,56.5,50.37
S08626,62.0,10.9,78.3,58.3,8.42,62.4,75.75
S04677,65.6,5.0,46.4,43.2,6.5,27.1,57.41
S00812,77.9,16.8,57.6,60.1,7.52,49.8,70.47
S02675,80.0,20.6,81.0,78.8,6.13,88.7,80.44
S05035,70.2,2.0,39.3,56.7,5.57,45.5,60.23
S03270,86.3,20.7,77.1,78.6,8.07,81.1,92.6
S02554,97.1,24.1,88.0,93.5,9.2,77.8,94.39
S08265,60.8,2.0,48.3,45.9,5.28,,43.49
S07980,67.0,6.4,51.4,33.3,5.35,48.4,38.92
S07824,,8.4,60.0,58.8,5.12,45.9,44.86
S08976,47.3,5.4,33.9,30.0,4.38,29.6,25.55
S03214,73.0,14.8,66.2,53.5,7.42,59.3,65.12
S02919,66.3,11.6,68.5,64.9,8.6,45.8,58.49
S08331,84.1,22.1,65.9,73.1,6.36,51.2,73.11
S04573,100.0,,83.2,91.9,10.0,78.5,100.0
S05632,70.2,17.5,55.8,52.1,6.97,53.8,68.84
S08433,,2.0,51.3,60.4,4.58,52.4,45.27
S02643,90.6,25.3,89.0,97.0,8.55,73.1,96.9
S06641,49.7,7.2,56.3,51.0,,49.2,54.46
S03850,92.9,21.7,84.7,79.1,8.53,75.1,74.97
S03992,73.3,20.4,63.4,38.3,6.54,18.5,63.1
S08548,92.5,5.1,63.2,57.0,8.79,55.2,68.4
S06140,78.2,10.3,45.0,49.4,5.81,54.8,49.61
S05627,66.7,8.0,60.9,67.3,6.43,60.8,66.76
S02686,62.9,19.9,69.6,70.7,6.14,70.1,64.48
S05461,85.0,20.4,88.0,77.8,8.67,69.7,96.28
S04972,69.8,2.0,68.7,53.4,5.61,53.1,70.64
S06254,54.3,3.8,35.1,30.0,5.18,27.1,24.87
S07530,79.5,9.1,64.6,77.6,8.2,63.5,87.11
S07738,75.1,16.3,45.6,56.6,6.23,62.7,52.29
S00913,83.7,26.4,86.5,77.9,7.22,68.3,77.74
S05391,76.1,16.2,61.1,56.4,8.38,42.0,64.42
S05212,60.0,16.0,75.8,69.4,7.99,57.1,74.06
S01592,77.2,17.9,76.6,79.9,7.02,63.0,74.73
S00261,60.3,10.5,82.1,65.8,,,63.69
S01804,77.7,4.6,46.6,65.1,5.51,37.8,51.85
S06561,82.2,26.6,71.3,63.6,7.11,46.6,74.12
S09367,73.9,15.2,59.2,43.5,5.22,54.4,59.3
S05867,74.3,8.5,65.4,60.1,7.61,52.4,62.14
S06112,93.4,12.3,66.8,44.6,6.91,50.4,66.69
S06639,70.6,16.4,73.3,55.7,6.13,68.4,62.11
S07499,60.9,22.6,83.5,54.9,7.91,,62.58
S06245,41.3,7.7,30.0,43.8,4.38,43.4,21.11
S03582,80.0,18.9,73.1,63.7,7.2,75.3,67.91
S02466,85.8,20.3,62.5,54.0,6.73,48.9,70.95
S01243,72.4,11.5,83.9,70.5,8.69,73.9,82.29
S09359,71.4,11.3,46.7,57.7,8.15,51.5,61.24
S05510,76.7,6.5,72.4,58.7,6.26,43.9,54.13
S07324,61.1,20.3,80.3,81.9,6.46,58.1,70.32
S01387,87.2,27.5,77.3,81.5,7.85,46.2,83.93
S00730,67.9,8.1,54.1,44.3,5.47,52.4,30.42
S07116,65.6,,64.7,44.7,,67.4,61.37
S09714,90.2,17.6,85.4,,6.72,63.9,73.85
S09541,73.3,11.5,64.8,55.9,8.01,54.8,55.72
S05982,76.1,17.4,64.2,58.5,6.91,47.0,67.06
S00088,78.7,19.3,66.0,62.5,8.96,51.4,84.78
S08733,94.6,21.2,80.7,79.7,8.56,69.8,87.83
S09964,100.0,30.9,96.8,95.3,9.14,68.6,94.49
S00165,70.2,17.0,80.0,60.3,7.3,46.3,74.04
S01080,69.7,5.7,69.1,56.7,5.64,68.3,64.15
S03532,58.9,2.6,83.7,49.5,8.96,,55.47
S00716,89.4,21.2,91.1,87.8,7.75,67.5,93.02
S02827,84.8,20.0,81.4,65.9,6.39,68.6,76.65
S07459,72.6,10.3,87.0,73.8,8.49,51.7,77.31
S02872,50.9,,44.2,34.4,4.62,50.4,24.48
S09988,50.8,,57.1,50.0,6.07,48.0,44.23
S00279,84.9,16.4,76.0,73.7,7.89,65.4,75.16
S03821,97.4,10.2,75.6,62.6,8.96,85.8,65.3
S04331,64.6,10.9,91.9,72.3,9.02,56.0,81.32
S03829,89.6,29.1,90.8,70.3,8.95,84.8,82.57
S07882,72.6,9.3,69.9,59.2,5.77,35.1,55.0
S07709,88.1,11.2,55.6,63.8,8.53,53.3,64.48
S03113,78.4,12.6,86.4,79.0,8.17,77.0,81.89
S01531,61.1,7.6,55.8,47.1,7.22,30.3,49.77
S00744,74.2,,49.8,46.8,6.99,49.0,56.1
S09722,74.2,11.0,67.3,36.6,6.23,33.5,53.92
S02037,79.1,14.5,89.9,92.6,9.06,62.4,84.4
S01643,75.1,13.8,70.2,51.7,5.54,39.2,63.21
S00089,100.0,21.5,,64.2,8.04,58.1,72.21
S01104,75.2,16.1,77.8,73.3,7.54,47.6,63.13
S02873,80.8,28.0,64.5,72.4,7.03,71.1,75.73
S04983,92.5,16.0,100.0,99.9,9.75,58.8,90.44
S05631,84.7,18.3,73.4,64.4,8.24,74.4,96.48
S07295,70.3,,85.9,69.6,7.26,68.6,83.31
S06929,93.9,25.7,72.0,79.9,8.09,58.4,72.85
S09137,74.0,6.7,44.8,43.5,6.71,42.8,51.51
S01703,66.1,9.6,58.3,55.3,7.45,60.4,59.05
S08645,74.6,20.9,55.2,66.5,7.48,41.5,57.73
S01344,79.6,22.4,83.3,79.8,9.23,72.8,96.02
S08294,68.8,12.5,80.4,55.4,8.38,72.3,69.42
S03879,86.7,31.2,100.0,80.2,9.09,74.7,86.14
S09426,73.0,15.4,76.8,72.5,9.1,59.2,84.37
S06997,95.7,15.6,68.3,84.1,9.03,71.4,81.5
S01680,65.7,14.5,57.9,62.9,5.88,44.5,51.98
S01588,41.6,4.4,42.6,40.7,5.49,45.2,32.57
S07220,83.1,19.7,71.1,69.6,4.91,52.4,77.5
S08449,84.1,25.5,80.7,77.5,6.32,91.5,84.76
S07683,66.3,7.7,73.8,61.6,6.41,60.3,56.68
S09872,60.6,20.0,77.4,59.1,6.24,50.0,69.8
S01366,61.7,16.6,50.2,46.1,6.21,47.1,47.58
S01533,89.7,21.5,89.5,81.9,6.55,58.4,99.46
S00681,86.5,23.5,80.0,73.7,8.89,79.7,86.69
S05369,76.6,2.0,65.4,58.0,4.04,49.3,46.34
S09881,79.0,27.0,44.0,67.4,5.64,49.8,66.86
S02246,69.2,10.1,89.1,70.3,8.52,,74.43
S09261,51.7,7.5,61.3,56.9,5.44,55.1,56.19
S05431,69.1,8.8,55.8,63.6,5.77,70.1,66.95
S04964,49.4,,44.4,37.9,4.57,43.3,25.41
S07677,74.4,10.7,76.3,63.8,6.86,74.2,67.41
S04918,69.7,30.5,91.8,73.4,9.95,67.5,100.0
S00370,73.8,20.2,76.2,77.3,8.43,59.7,74.13
S04630,69.6,17.9,57.6,62.8,5.26,53.1,80.6
S03893,55.0,5.9,,38.8,5.78,34.8,39.04
S04725,67.1,7.7,65.8,62.8,7.52,57.1,75.23
S02319,100.0,29.5,83.7,90.6,10.0,80.0,100.0
S08451,90.6,10.9,64.8,65.2,7.51,62.1,64.12
S02274,84.1,22.8,70.1,70.4,6.97,71.4,83.28
S06698,46.7,6.5,76.2,56.2,6.2,57.8,46.79
S05950,69.5,16.7,78.8,73.3,6.09,80.9,75.73
S01870,,21.1,59.1,46.7,7.49,48.4,47.03
S05919,81.6,25.6,81.4,87.0,9.42,77.4,78.7
S06402,80.3,24.4,72.0,73.6,6.98,67.1,66.65
S00495,42.6,2.0,39.4,30.0,4.33,34.9,23.78
S07361,93.2,35.7,77.3,87.1,9.21,100.0,90.47
S01958,72.7,21.0,78.6,62.0,8.4,,69.71
S02005,47.4,6.3,44.1,30.0,4.0,50.7,29.32
S04195,67.4,11.1,64.5,57.3,7.03,39.6,60.42
S04949,95.6,30.0,94.0,90.4,7.94,75.7,92.98
S01052,65.9,8.8,75.5,51.3,6.38,60.1,75.07
S03922,69.5,4.2,53.6,33.0,6.74,48.0,28.29
S00371,87.5,20.9,88.4,63.3,8.24,61.6,76.77
S01214,50.5,11.3,60.6,51.9,6.43,67.5,41.11
S03415,81.3,23.1,83.0,89.9,7.53,64.2,79.7
S06824,71.9,24.2,88.4,59.0,8.26,53.2,58.74
S08639,78.9,12.4,68.0,61.2,7.55,61.6,54.43
S04302,85.3,20.4,72.8,66.1,8.15,41.6,73.88
S06033,69.1,16.1,58.3,52.0,6.12,72.4,66.73
S04071,89.4,12.5,69.5,59.4,7.67,47.2,68.59
S08282,86.9,20.5,69.2,71.9,7.43,43.1,66.86
S04317,92.1,31.0,91.0,86.3,9.31,72.1,87.05
S02483,91.3,13.0,74.7,61.1,7.79,56.2,79.99
S03664,84.5,20.7,81.6,73.4,5.98,51.1,83.97
S09307,79.2,21.0,59.8,75.2,6.97,54.9,62.72
S05353,78.9,12.2,87.5,54.6,8.08,57.3,73.64
S04923,68.1,14.7,66.5,59.3,7.0,67.7,65.62
S04824,77.6,16.8,75.6,86.3,6.9,59.8,64.21
S00092,70.7,20.1,84.5,68.1,7.89,60.8,79.79
S07335,94.7,12.6,91.8,93.9,9.12,91.0,90.78
S09268,72.8,13.5,61.0,88.1,7.12,73.3,45.24
S07286,100.0,33.8,,95.2,8.75,76.9,100.0
S05893,61.2,20.7,52.2,57.1,7.44,43.3,65.18
S01403,93.7,23.9,87.1,72.3,6.08,62.4,82.12
S05626,94.0,25.8,78.5,74.5,7.83,58.0,87.26
S04383,65.4,3.8,63.1,43.1,5.79,44.4,55.1
S01434,78.4,11.7,89.6,68.9,7.88,59.4,72.51
S02568,100.0,27.2,90.3,95.7,9.86,57.5,100.0
S00919,68.1,12.4,61.3,53.9,6.47,55.8,50.52
S08981,64.3,16.0,65.9,60.2,6.96,63.8,62.48
S08537,84.9,18.4,73.5,77.4,6.02,63.5,72.66
S00547,81.7,19.9,84.6,,8.79,66.6,99.88
S03707,80.8,26.0,88.0,81.9,8.61,67.5,91.57
S05362,64.8,9.5,71.0,63.0,7.36,59.9,59.5
S07121,62.6,10.7,61.3,53.3,6.42,47.2,57.62
S00737,84.01,17.2,59.2,62.9,7.43,55.6,74.46
S00978,71.5,2.1,44.5,,6.51,42.2,25.63
S02284,63.0,15.2,60.9,47.4,6.58,48.7,54.88
S03966,82.5,35.6,100.0,97.0,9.63,80.7,100.0
S05825,86.9,17.0,74.4,71.3,6.67,53.8,71.92
S07120,80.2,8.0,86.7,87.9,8.66,79.3,90.24
S03647,82.3,14.7,80.72,80.4,4.46,82.0,68.7
S03560,61.6,,60.0,53.6,5.15,31.7,49.78
S02836,81.5,21.0,80.5,74.0,6.91,74.3,86.35
S07527,84.5,25.3,70.0,75.5,7.77,60.3,82.86
S06183,59.6,21.6,57.7,57.0,5.07,46.4,48.34
S08074,94.8,16.4,89.3,78.8,8.66,100.0,75.56
S00247,83.5,21.7,74.5,79.6,5.77,57.3,83.58
S02395,84.7,12.9,83.3,68.0,8.66,74.2,69.83
S01036,90.2,22.0,86.5,69.5,10.0,63.8,83.0
S03219,81.1,21.9,57.9,62.1,6.82,53.5,64.28
S04227,76.7,14.6,69.8,60.4,8.18,59.4,74.2
S09930,98.6,39.0,100.0,98.8,10.0,94.5,100.0
S05508,61.8,10.2,60.2,30.2,5.4,39.3,40.98
S05323,84.1,22.2,82.6,85.8,7.35,75.0,80.44
S03121,82.24,13.6,58.5,68.7,7.57,41.0,69.57
S09855,71.9,,73.4,56.6,7.06,66.7,63.52
S02837,84.8,13.3,78.2,58.1,7.11,57.8,66.17
S00482,81.0,11.1,68.9,59.4,6.79,83.7,76.07
S06391,69.3,7.3,69.9,57.1,5.63,40.6,54.02
S07328,82.8,13.0,62.4,69.6,6.92,57.9,68.65
S06535,61.5,11.0,47.4,49.5,4.54,57.1,58.17
S00499,70.3,12.7,62.2,45.1,6.85,51.0,46.83
S06832,57.6,10.7,44.4,35.3,6.32,42.1,50.18
S03207,56.0,2.0,49.1,43.4,5.79,8.8,40.58
S07631,81.1,12.5,62.2,63.7,6.21,57.2,56.88
S06667,,9.0,67.3,66.0,8.36,59.5,76.78
S04166,86.2,14.4,62.3,69.9,7.82,72.5,83.15
S05065,84.0,23.7,91.5,90.1,8.99,62.5,100.0
S05647,71.4,12.6,60.8,62.6,7.22,59.9,67.99
S04176,55.3,2.4,46.2,30.0,5.18,39.9,36.14
S05105,92.2,16.2,69.3,66.4,7.95,42.9,78.14
S05931,79.5,12.1,53.5,49.0,5.82,31.1,52.1
S03751,88.4,20.3,87.3,73.0,6.01,58.5,69.76
S01477,42.6,3.0,56.4,40.6,4.1,34.1,7.33
S02387,56.6,13.4,64.4,61.8,5.98,61.4,61.17
S01873,81.8,11.2,50.6,52.7,7.29,52.6,53.19
S08269,82.0,19.8,75.1,75.2,6.34,83.8,60.15
S09285,94.1,35.6,95.0,83.0,9.68,86.8,91.39
S03806,75.8,19.0,77.7,72.0,8.06,67.8,82.73
S02294,74.6,17.7,73.5,68.1,7.25,64.9,76.34
S07503,92.6,22.2,81.7,96.2,8.98,83.8,95.77
S06534,71.7,14.7,80.2,82.5,8.57,65.0,78.29
S07225,79.6,22.7,73.7,,6.15,60.1,75.98
S00481,79.7,23.6,74.9,77.7,,54.6,73.48
S00983,89.7,21.6,86.5,72.6,6.91,75.8,74.65
S01101,87.4,21.6,77.6,70.0,7.55,76.6,78.73
S04390,79.4,17.6,79.5,72.3,5.51,48.3,70.48
S08189,97.2,12.9,94.0,83.2,7.58,70.2,86.19
S01729,100.0,23.8,84.2,100.0,9.56,47.4,100.0
S04698,77.3,14.2,79.8,80.2,6.91,69.4,78.38
S02226,79.7,17.8,82.1,80.5,5.56,64.6,67.58
S02228,79.6,18.0,86.0,75.9,8.39,82.0,76.04
S09271,73.0,16.5,60.9,,6.57,57.6,57.56
S09497,67.6,2.8,41.6,52.1,4.78,45.5,35.0
S01615,100.0,28.1,,92.0,10.0,80.8,96.68
S00410,93.4,15.7,73.4,72.8,9.17,58.0,79.94
S06499,67.1,12.3,73.0,53.9,8.28,51.9,60.91
S04066,55.9,18.0,51.3,47.5,6.44,53.7,50.16
S03636,82.5,22.9,68.8,66.5,,44.5,66.37
S02162,73.4,13.8,64.1,61.4,7.5,67.1,61.89
S07441,92.3,23.4,100.0,98.4,10.0,76.7,100.0
S00196,80.8,18.4,71.7,69.6,7.58,53.4,83.98
S04106,63.4,11.0,64.8,48.6,6.02,59.5,60.35
S06109,72.4,21.8,65.9,76.9,7.45,77.8,72.88
S06063,85.6,26.7,77.4,85.7,8.52,73.6,86.27
S00963,76.3,12.2,73.9,62.4,7.72,67.9,67.34
S06751,71.0,24.9,85.6,38.1,7.72,56.4,71.68
S00795,84.9,20.1,81.5,74.5,5.46,58.2,74.41
S08610,88.4,24.7,95.9,100.0,9.52,84.8,100.0
S07536,100.0,28.4,,89.5,9.78,91.2,96.73
S01692,92.0,13.8,72.6,69.9,6.75,67.6,80.74
S08362,73.3,13.6,49.4,53.0,7.84,63.4,61.8
S02620,81.9,5.5,56.5,57.9,7.73,56.0,70.87
S08899,79.0,34.9,80.7,72.5,9.86,57.6,86.85
S07586,92.8,30.7,83.2,95.4,10.0,100.0,89.15
S01137,76.1,20.7,65.2,71.8,8.11,51.4,88.3
S09013,90.1,31.1,98.2,87.7,8.61,79.0,99.36
S05018,61.3,11.5,46.9,42.7,6.91,50.7,44.92
S01974,65.3,29.5,75.7,72.8,7.31,74.2,78.23
S06917,65.0,20.4,81.2,66.8,7.58,70.1,86.22
S01746,88.2,24.5,75.0,76.1,8.18,81.5,87.33
S07173,67.6,12.9,71.6,61.1,7.47,59.6,82.53
S00291,82.6,20.0,80.9,,6.39,52.1,73.7
S04061,86.7,15.0,86.4,77.5,7.22,65.4,65.45
S03383,86.5,31.8,92.8,95.4,10.0,73.2,100.0
S09282,55.2,2.0,43.3,34.1,4.4,39.9,27.33
S09017,58.2,13.4,45.5,54.1,5.38,47.2,56.28
S07417,,6.9,64.8,62.8,6.78,46.6,55.06
S02605,94.1,26.3,71.6,72.3,8.32,48.9,80.5
S01896,65.4,5.0,60.2,50.2,8.03,34.0,59.58
S04678,59.3,12.8,47.6,42.3,,35.3,48.3
S00257,95.1,15.8,75.9,64.0,,66.9,83.31
S07615,82.2,17.1,81.3,79.0,6.15,53.6,73.12
S00883,86.5,25.6,92.4,74.9,9.08,75.8,100.0
S07809,78.8,2.1,80.3,83.7,4.96,41.7,62.04
S00837,55.9,15.3,78.0,66.1,7.59,70.8,75.75
S03901,71.9,28.5,62.7,70.4,5.32,61.6,65.42
S03276,82.5,16.5,87.0,71.1,7.87,66.2,83.07
S02111,93.8,21.6,86.7,92.2,8.12,78.5,97.8
S00463,70.5,10.3,56.9,51.7,5.62,45.5,51.6
S02849,74.7,11.4,81.4,86.6,7.85,76.7,68.55
S03105,53.5,8.1,47.6,46.6,6.88,47.0,52.82
S00895,63.0,10.5,66.7,59.0,7.73,52.8,60.2
S06469,77.6,15.7,90.5,63.5,8.38,62.4,85.77
S06231,67.7,6.7,75.1,71.1,7.42,51.5,72.48
S05525,62.3,14.2,50.2,36.1,5.65,63.0,42.36
S01985,57.7,5.2,66.8,58.8,6.51,52.3,62.17
S05834,63.5,3.9,49.4,53.2,5.44,50.8,60.42
S06701,74.7,16.3,90.6,62.9,8.52,91.7,71.75
S05409,40.0,11.2,42.2,40.3,4.66,50.5,37.17
S08711,90.1,21.8,87.4,84.0,6.98,60.3,99.69
S08146,63.0,14.4,81.5,68.7,7.34,75.0,65.09
S00081,76.3,12.0,68.6,69.3,7.38,58.7,64.89
S06503,,15.0,75.5,67.8,8.65,67.9,74.82
S04085,64.8,,53.4,58.5,8.36,42.7,61.71
S01367,70.4,17.7,69.3,77.6,5.15,57.3,46.87
S01786,83.0,18.1,77.9,75.0,6.26,63.2,77.01
S08315,93.0,14.3,68.2,83.3,8.47,74.4,61.89
S04102,78.5,20.2,70.3,82.2,7.8,60.9,76.06
S01177,73.4,26.7,67.2,60.0,6.17,72.0,63.95
S08195,78.0,20.0,70.5,67.7,7.04,40.3,88.08
S09277,65.9,19.5,66.7,37.3,5.06,32.3,47.0
S09309,65.2,11.0,75.8,68.5,8.63,54.2,63.06
S04341,94.6,16.6,81.3,86.3,8.65,55.9,77.21
S06165,95.7,26.2,86.1,94.2,8.89,51.6,78.0
S01625,88.9,27.2,79.2,74.6,8.51,,86.75
S01312,99.8,22.4,76.2,82.5,9.22,79.9,86.59
S01457,76.6,6.9,85.3,65.5,8.91,74.2,73.33
S08895,76.9,14.5,,70.9,7.05,80.8,55.31
S02286,74.8,14.7,74.6,66.3,7.89,57.7,71.45
S08766,82.8,16.5,77.8,70.3,6.36,42.3,64.67
S05230,67.2,10.0,75.83,55.1,6.76,45.2,62.2
S05571,71.8,8.1,53.4,64.6,,53.9,63.33
S04959,80.4,28.8,71.3,77.9,6.76,70.4,71.92
S04177,70.5,5.4,64.2,63.4,8.54,61.7,67.41
S01944,77.2,13.2,64.2,49.2,6.84,41.1,50.51
S04759,88.0,22.2,65.0,87.8,8.17,60.4,88.91
S01285,89.3,29.5,93.5,88.5,7.29,65.3,99.79
S00753,73.1,21.4,79.9,73.1,5.89,37.8,72.39
S00823,58.2,7.1,45.2,38.0,5.03,40.1,35.26
S05493,74.4,13.2,75.9,66.6,8.94,87.8,68.66
S09204,81.5,19.9,68.1,61.5,6.0,49.3,66.8
S09244,,22.7,60.1,62.1,7.23,70.7,67.14
S00683,77.9,11.2,79.0,62.8,,45.4,73.97
S09610,80.7,9.7,57.7,39.7,6.51,43.7,44.5
S02383,79.1,10.0,62.9,66.9,7.83,52.4,62.22
S08781,77.3,24.8,60.2,55.9,7.76,65.4,75.6
S06790,99.2,24.6,99.1,77.4,,86.2,90.18
S05661,67.5,17.9,,69.0,6.15,,60.79
S02402,69.9,8.8,63.8,52.2,5.44,76.3,54.12
S08399,60.4,6.3,49.9,48.1,5.39,41.1,36.1
S08701,50.6,,51.6,52.4,,30.3,46.55
S04208,,26.9,97.9,74.0,9.29,73.8,89.55
S01911,63.1,12.3,66.7,59.2,7.33,43.4,68.21
S06592,63.3,12.1,65.0,60.4,7.07,59.3,69.69
S04807,73.5,10.0,76.2,65.8,9.22,58.3,71.53
S03066,91.5,,,67.1,6.14,68.1,56.81
S08989,73.8,12.3,70.1,72.0,,66.9,85.09
S00400,66.7,5.2,54.9,55.4,7.47,38.4,55.56
S04928,83.2,14.1,71.9,60.0,7.22,47.7,72.54
S06491,77.5,20.4,77.9,82.1,7.46,67.5,73.49
S08810,75.1,20.3,63.38,65.6,5.75,54.9,65.36
S01727,72.0,10.5,63.0,54.9,6.17,63.6,53.4
S01990,79.6,19.0,71.6,63.1,5.85,93.0,66.98
S01568,75.2,10.8,68.3,49.7,5.85,59.0,59.62
S01779,75.1,12.7,66.9,,6.48,64.6,70.28
S08365,84.7,16.0,61.9,62.5,6.72,50.0,56.63
S04906,73.7,15.7,69.9,49.7,6.74,,55.66
S08915,95.0,6.6,66.6,71.4,7.89,44.1,90.67
S07983,69.1,9.6,57.0,52.2,5.59,50.6,53.38
S02738,72.3,27.2,89.6,85.4,9.78,71.8,100.0
S05302,76.0,15.8,86.7,75.0,7.06,85.0,75.76
S09343,65.4,16.7,73.2,61.1,6.92,80.3,73.91
S01982,48.9,7.2,51.2,52.3,5.78,24.9,51.12
S04805,82.1,23.4,85.8,76.3,8.52,58.0,89.56
S07797,83.6,19.3,66.7,62.5,9.0,70.0,83.16
S08219,61.3,2.7,58.1,43.9,6.31,46.9,54.74
S02580,66.7,12.6,95.7,72.9,8.95,67.8,87.92
S06332,86.4,20.0,87.9,77.3,6.09,62.2,90.51
S05979,84.5,30.2,82.2,83.9,8.72,58.9,80.12
S02871,69.5,11.7,84.0,53.4,8.06,52.1,51.55
S02084,86.9,18.1,84.7,81.3,9.64,74.7,93.94
S00394,72.2,15.2,81.1,65.1,7.76,74.5,89.02
S08545,57.9,3.3,30.0,37.3,5.25,40.6,24.22
S03665,40.0,3.1,42.0,40.1,4.0,50.9,10.86
S07462,79.2,11.3,58.9,45.3,6.02,63.0,59.56
S08235,84.6,24.1,86.9,80.5,9.03,62.0,84.67
S05561,66.2,7.5,37.2,43.1,4.83,65.1,43.1
S06364,75.6,9.0,64.2,57.9,7.5,47.0,59.08
S03741,81.4,21.9,80.0,86.8,7.6,77.3,89.95
S04140,,12.3,58.2,48.3,6.38,56.0,57.32
S07763,73.2,22.2,59.6,54.4,7.13,48.7,58.72
S03264,81.9,16.4,80.0,75.1,7.35,60.0,89.09
S01734,90.4,26.4,100.0,88.6,9.38,86.5,92.38
S03141,83.2,22.8,90.7,73.6,8.61,63.1,87.75
S00024,76.1,13.5,93.5,79.1,7.25,54.9,72.66
S06732,65.0,21.5,54.1,56.8,7.01,54.3,64.87
S01755,80.3,11.2,79.0,70.4,6.48,,64.47
S08517,66.5,13.3,69.9,63.9,7.75,68.0,65.68
S05788,82.4,15.0,80.1,71.6,6.21,47.8,71.74
S06053,69.9,2.7,35.1,49.3,5.15,35.4,52.39
S09217,78.1,15.7,64.3,68.8,8.02,62.3,86.34
S07012,61.1,9.6,64.8,50.7,6.78,57.5,58.54
S09586,76.3,13.2,52.6,56.6,7.26,60.1,56.98
S05553,62.9,7.5,47.2,45.7,5.14,56.1,51.4
S02024,59.5,14.3,64.6,52.4,6.21,62.4,55.69
S07301,64.3,16.4,55.5,57.6,6.35,70.0,70.37
S01026,70.8,20.7,71.6,74.9,8.58,67.5,76.46
S01334,61.8,22.4,58.2,55.5,4.81,53.0,59.09
S05630,51.0,2.0,44.0,30.0,4.84,22.7,35.32
S02631,54.8,3.2,67.0,42.6,5.22,41.2,29.81
S09963,84.0,9.5,74.4,68.7,6.18,41.6,47.19
S05943,77.1,15.3,63.8,63.6,7.27,58.7,66.91
S08934,,10.0,55.7,50.4,6.79,49.2,53.53
S03644,75.7,10.2,57.1,67.1,7.31,53.5,59.24
S05430,95.7,16.8,85.2,69.1,8.25,48.8,82.64
S07600,81.0,8.8,73.3,64.8,6.36,57.1,62.83
S05838,63.5,11.1,50.0,38.9,5.81,38.5,44.02
S09854,70.3,14.2,98.7,66.1,7.64,86.9,62.07
S05315,81.7,2.0,72.3,54.1,7.19,43.7,61.13
S00343,68.2,11.1,71.4,62.2,8.11,59.1,62.27
S05279,70.9,,89.9,,7.34,68.5,92.31
S02142,84.9,23.5,65.8,69.1,7.33,61.4,79.27
S06357,72.9,14.9,68.9,62.8,7.08,80.1,61.61
S08107,85.0,24.5,77.1,58.9,6.71,56.5,75.81
S03714,82.6,33.2,80.6,85.8,4.84,60.0,77.49
S09845,,11.4,55.8,65.6,6.88,35.3,59.9
S01001,50.1,12.1,59.2,30.0,5.73,48.7,38.46
S03296,78.6,23.5,60.0,62.5,7.61,58.6,71.48
S08062,80.0,4.8,70.3,55.7,7.08,54.5,66.36
S04379,90.3,19.6,72.1,78.0,6.96,52.6,76.77
S01121,69.6,12.5,61.5,57.2,7.13,59.3,63.98
S09527,49.0,2.0,43.4,40.8,4.25,28.8,20.34
S06756,91.5,36.4,86.9,100.0,10.0,78.5,82.62
S00705,75.9,,66.8,67.4,7.45,54.9,64.01
S02601,72.8,16.7,76.7,72.0,7.41,74.7,71.84
S06343,59.5,9.6,40.1,39.5,5.85,54.7,44.79
S06684,64.2,17.4,60.1,56.6,8.14,76.2,76.42
S01510,74.2,3.8,48.0,45.7,4.0,53.3,31.94
S05904,,2.2,84.3,61.9,7.89,48.2,68.07
S08081,76.3,22.9,79.7,75.1,8.54,,87.09
S09741,49.6,8.1,55.7,48.6,5.06,59.7,41.88
S00414,98.2,29.6,74.9,85.7,,61.5,84.02
S07861,78.1,2.2,91.2,85.1,6.31,55.8,70.64
S01017,73.3,,74.2,75.0,6.06,41.8,69.96
S06532,79.9,11.4,62.3,60.8,7.98,72.7,69.95
S02052,77.2,10.1,83.1,62.8,8.7,74.2,88.11
S09650,69.6,8.0,63.7,58.2,6.26,,60.54
S07648,91.6,23.9,,60.2,7.46,54.6,88.06
S09474,64.2,9.8,51.6,62.0,6.8,63.7,63.22
S08708,91.3,31.1,79.5,93.0,9.07,84.1,98.27
S02635,40.0,2.0,54.7,30.0,4.72,47.5,30.91
S04456,75.3,24.9,85.0,85.7,8.6,80.9,92.74
S01733,72.4,12.5,56.4,63.0,7.13,20.7,65.49
S03766,68.4,10.4,67.0,66.8,8.53,67.3,58.63
S06922,82.6,20.9,,72.5,6.31,38.7,65.49
S02248,75.6,14.3,59.9,47.0,6.65,21.4,55.17
S02852,67.0,21.5,78.2,64.6,7.15,60.9,78.66
S04361,82.9,20.6,51.8,65.4,6.51,52.1,57.25
S04011,82.1,20.7,76.5,76.9,5.89,,61.2
S03923,93.5,21.2,82.6,76.7,8.13,58.4,68.92
S06459,89.8,15.5,67.7,77.8,,73.0,81.71
S07666,74.3,17.2,55.5,70.1,7.75,64.0,65.51
S08921,54.4,7.0,72.4,49.3,6.07,41.3,73.82
S06718,89.3,23.2,76.9,91.9,9.43,,92.98
S06022,53.3,2.0,30.9,30.0,4.54,46.1,27.36
S05953,68.4,27.9,82.7,65.7,7.59,73.8,86.14
S03596,59.4,2.8,58.5,35.8,4.4,65.4,24.89
S04077,72.8,13.3,58.3,59.2,7.91,69.2,67.18
S08875,85.5,29.4,88.1,99.9,9.11,69.2,100.0
S06408,77.9,22.1,76.2,57.5,6.91,51.6,67.08
S01262,75.6,12.4,80.2,66.4,8.09,63.5,83.38
S06362,60.8,10.2,41.3,57.8,5.62,44.9,46.33
S08369,41.5,6.1,52.0,41.2,4.61,28.9,30.45
S00605,72.6,16.4,51.5,65.2,8.35,,67.06
S00509,95.1,15.3,77.8,79.7,8.19,71.0,90.74
S06521,85.8,23.2,94.0,77.8,9.31,68.4,100.0
S02991,60.1,12.4,62.2,66.0,7.59,69.1,79.61
S08208,71.4,17.7,64.2,77.2,7.18,73.1,78.65
S05667,73.3,9.2,68.7,55.9,7.54,,79.11
S02073,85.2,35.3,100.0,89.7,,63.8,87.7
S04153,78.2,30.7,64.8,74.4,7.76,92.1,83.03
S00323,84.4,22.9,77.8,81.5,9.46,92.9,88.65
S04142,61.5,14.6,60.7,61.2,6.48,42.1,67.92
S07724,84.7,11.4,78.4,79.1,9.71,66.2,91.17
S02645,82.0,22.2,79.9,,,55.0,72.99
S01699,52.6,2.0,51.2,30.0,4.0,42.9,30.74
S01856,75.3,14.6,86.1,61.0,8.45,90.5,74.37
S03400,91.2,32.4,100.0,100.0,9.57,80.5,100.0
S04473,98.5,26.1,100.0,93.2,9.53,67.5,87.12
S09133,89.8,13.9,73.2,42.5,6.98,72.8,61.95
S05300,73.7,8.8,48.0,61.1,6.1,54.8,59.34
S07854,77.6,14.7,82.3,78.5,9.27,94.6,70.81
S04915,52.6,7.9,42.7,34.3,4.78,30.5,39.88
S04710,59.1,7.4,45.2,53.6,5.84,45.3,44.98
S06040,86.0,21.6,82.9,77.7,8.67,80.3,89.82
S09079,78.3,15.3,71.8,69.3,6.54,58.8,95.99
S08194,100.0,28.9,100.0,98.2,8.92,90.6,100.0
S05145,75.0,14.4,65.0,73.1,7.44,61.0,75.0
S01483,73.9,18.9,77.7,69.5,6.2,60.5,73.8
S01808,77.0,12.9,77.8,87.7,7.67,64.9,83.73
S09975,81.5,15.0,76.7,53.1,8.03,51.8,76.38
S07822,73.5,18.3,60.9,81.9,7.9,85.3,86.0
S04516,82.7,16.9,74.2,72.6,6.15,59.7,70.75
S05583,90.4,18.7,75.2,72.6,7.12,77.0,78.72
S05862,65.0,33.4,71.7,93.2,7.51,80.9,72.31
S01050,59.9,13.1,57.1,44.4,5.71,42.3,54.25
S09349,85.4,14.1,,68.4,5.86,57.6,62.79
S09893,81.9,24.6,,71.9,6.96,,88.39
S01098,78.8,3.0,43.9,30.0,4.77,46.3,29.25
S06494,,13.3,75.8,79.2,6.97,74.9,73.9
S08785,77.4,10.7,81.0,67.7,8.42,80.2,75.15
S01850,89.4,29.0,84.0,89.4,9.34,81.2,100.0
S08003,77.1,21.2,83.5,75.8,9.41,70.2,73.83
S06958,92.0,27.5,88.0,91.2,8.72,91.0,95.04
S00447,73.5,14.5,74.5,54.9,8.08,44.1,73.94
S05777,55.7,2.0,54.8,46.5,6.64,26.0,40.07
S04626,78.1,10.7,78.2,69.4,,80.9,76.29
S07759,68.3,11.6,56.1,42.4,6.3,43.6,48.59
S05400,,26.0,56.9,61.2,7.22,62.8,82.79
S00904,49.5,11.8,54.1,56.5,6.05,57.8,56.06
S02996,63.2,16.4,62.8,47.0,6.77,39.9,60.46
S07836,82.5,17.4,78.5,66.7,7.86,81.1,84.33
S08676,84.3,27.1,87.8,62.0,8.55,49.11,71.95
S00269,83.0,10.6,83.6,78.3,4.15,52.7,70.21
S04581,53.4,2.0,54.3,49.1,,66.4,32.14
S07352,81.6,26.1,82.8,76.2,6.14,64.8,82.0
S05674,100.0,30.6,96.7,100.0,10.0,93.7,100.0
S02790,,10.9,70.7,65.8,7.05,65.4,65.67
S08197,83.8,25.0,75.0,60.0,6.09,69.5,68.5
S06557,96.5,16.3,66.7,80.8,8.75,79.6,80.08
S00457,70.0,12.2,65.4,47.3,6.93,72.7,72.64
S07937,72.9,18.7,71.3,57.9,6.6,44.4,68.82
S06405,65.3,12.5,42.4,52.0,4.52,31.8,45.02
S00492,79.4,19.9,81.0,69.3,6.79,71.9,78.12
S04888,83.9,14.9,57.4,64.1,7.28,42.8,69.0
S06390,72.2,14.3,67.1,,8.69,64.2,79.71
S00483,79.7,20.3,83.6,66.3,8.42,70.6,93.84
S07356,84.6,18.1,72.5,80.6,6.06,,72.35
S01988,76.4,15.2,81.9,70.3,8.36,86.4,87.67
S04440,64.4,17.3,68.9,60.5,6.83,60.2,67.32
S05577,80.6,18.0,71.6,64.6,7.69,67.5,81.44
S07170,80.4,25.5,74.4,64.1,7.31,63.2,72.06
S01277,89.3,28.2,78.9,78.3,8.46,64.8,98.31
S04178,78.2,34.1,88.9,85.2,9.87,68.6,100.0
S01811,59.0,6.0,61.8,46.3,4.63,57.6,58.62
S07543,80.2,34.7,59.3,58.8,,56.2,75.79
S00313,69.1,9.5,69.0,61.7,9.15,50.4,75.93
S07274,72.7,13.3,72.8,66.4,8.15,92.6,73.53
S05657,52.1,2.0,50.7,30.0,4.0,43.9,29.77
S00806,71.3,15.2,57.8,59.5,5.98,50.4,50.27
S03027,58.4,2.0,49.8,41.1,4.67,57.6,31.61
S08151,60.4,2.0,48.5,62.2,5.89,31.5,48.63
S04484,54.6,7.5,48.7,39.6,4.0,55.2,31.01
S05436,69.1,13.5,39.3,43.6,5.42,44.5,35.16
S00066,58.9,10.6,74.1,52.4,6.35,49.3,57.94
S08031,60.6,11.3,60.4,49.2,5.59,24.0,43.7
S07750,76.8,16.4,76.9,52.0,7.1,50.1,67.55
S04338,85.0,21.0,74.5,75.1,6.56,68.4,71.93
S04963,99.8,27.1,88.3,82.1,10.0,69.5,100.0
S03343,81.0,27.7,65.6,86.3,8.45,66.5,86.13
S02433,61.5,7.1,60.5,53.2,,41.5,47.76
S09765,68.7,24.1,98.5,79.0,7.72,53.5,83.96
S04511,55.2,6.6,56.7,71.9,6.56,47.3,54.7
S01124,68.0,25.6,65.1,70.3,6.93,56.9,72.83
S09296,78.5,,71.9,73.6,6.9,61.0,75.52
S03728,74.8,17.1,64.3,67.8,7.38,55.3,62.37
S06168,71.8,24.1,71.7,71.2,7.9,62.6,83.13
S00406,79.0,13.5,62.9,49.7,6.81,47.3,63.48
S05556,93.0,20.7,83.6,82.9,9.34,59.9,99.68
S07556,83.0,28.6,94.4,100.0,9.22,75.1,98.38
S06342,90.0,18.7,62.0,61.1,6.07,56.3,76.45
S07721,89.8,15.5,88.0,82.1,8.92,70.4,90.44
S01049,73.6,14.9,66.9,55.8,6.93,58.3,65.85
S05478,81.5,20.7,71.5,83.1,8.62,68.1,86.15
S06420,54.4,8.5,42.3,45.2,4.0,34.5,30.42
S01679,79.9,14.0,87.6,76.5,8.71,84.2,85.37
S08753,61.9,24.9,86.2,74.2,8.55,71.8,90.64
S07948,65.6,10.1,78.8,73.1,7.44,44.4,77.22
S01935,77.6,3.2,49.3,51.1,5.66,64.8,60.73
S01066,95.5,20.9,91.3,76.7,9.13,68.4,91.64
S02440,70.0,14.1,74.5,80.4,7.79,94.5,78.31
S03217,86.8,24.2,89.5,84.0,6.15,52.7,79.71
S04139,45.8,3.1,45.9,44.5,4.07,31.1,30.4
S04332,54.4,8.0,61.0,54.6,5.77,39.8,41.79
S09147,78.0,10.6,63.4,42.6,7.28,49.8,53.94
S07154,64.1,9.6,63.1,58.9,6.47,56.5,60.18
S07500,72.0,20.0,65.1,56.5,8.07,47.6,68.63
S00666,72.8,12.7,69.4,68.2,6.34,61.2,65.67
S07913,86.6,21.7,95.9,83.5,8.27,65.4,89.61
S06264,81.8,17.5,87.6,67.3,,64.4,66.64
S04479,76.9,4.7,47.0,31.1,4.75,35.5,34.18
S00758,78.8,4.0,72.7,61.7,7.97,63.7,59.02
S09723,87.2,12.4,75.2,79.4,6.3,58.3,88.13
S06035,84.9,30.5,100.0,87.5,9.88,56.0,99.57
S07280,58.8,7.2,74.3,48.0,5.59,46.6,50.06
S05689,97.9,31.8,97.7,100.0,9.22,92.8,100.0
S04787,68.5,8.9,40.0,37.7,5.59,47.2,38.65
S02525,55.8,18.1,65.7,63.7,6.52,53.0,60.07
S08990,80.4,17.1,92.2,73.0,8.18,71.7,85.05
S07180,81.7,31.2,87.2,87.9,7.9,71.1,89.94
S04401,78.5,12.0,70.7,51.9,7.39,43.8,59.85
S05831,,13.1,74.1,63.89,8.15,,77.42
S08526,76.1,9.4,70.7,67.4,8.27,67.3,73.16
S01459,94.6,24.4,86.2,79.9,6.79,,80.73
S01624,61.2,22.7,76.3,77.0,7.63,72.5,82.79
S03330,71.4,8.1,68.5,57.4,7.83,61.0,65.59
S04508,73.5,23.0,,52.8,7.78,45.0,71.04
S05154,,15.9,79.6,65.5,7.82,67.8,75.82
S01197,67.8,12.2,79.6,64.2,8.28,69.3,82.51
S08851,65.9,20.5,,47.4,6.66,48.5,54.24
S06117,93.6,23.0,97.3,81.5,8.68,82.8,92.87
S03831,61.2,5.9,65.4,49.8,6.65,,49.47
S04786,72.5,15.6,80.5,69.1,8.53,75.2,80.09
S06856,84.5,18.96,70.8,61.2,7.67,64.8,77.32
S08508,57.5,3.3,56.8,36.3,5.12,,27.95
S01144,40.0,9.2,49.9,42.3,4.0,22.9,29.04
S01937,51.5,2.0,44.0,30.0,4.01,19.3,28.85
S04456,75.3,24.9,85.0,85.7,8.6,80.9,92.74
S06250,66.6,17.6,72.1,50.0,6.4,47.7,52.97
S07475,76.9,16.1,,59.1,8.59,60.6,69.8
S08094,100.0,3.1,79.0,83.6,8.68,55.4,71.57
S00519,69.1,11.4,55.3,58.3,6.59,64.3,62.48
S00423,89.4,19.5,87.5,80.2,8.69,50.9,91.27
S04358,80.0,22.5,80.2,69.7,6.08,40.2,72.95
S03476,60.8,12.6,59.9,58.8,7.09,47.6,66.31
S02528,71.9,19.2,85.9,92.5,9.1,59.0,86.5
S07089,75.6,11.1,53.6,52.5,6.12,45.1,50.8
S09251,100.0,32.4,100.0,88.6,10.0,100.0,100.0
S00444,75.7,31.4,100.0,96.7,,61.1,98.27
S01751,60.2,14.2,68.3,58.8,7.09,39.0,72.19
S00916,58.7,2.6,56.2,52.4,5.22,57.9,43.17
S03543,87.3,24.9,65.8,66.6,6.97,,72.01
S01443,60.5,5.3,41.9,,5.58,59.4,41.84
S02904,81.7,,66.6,69.8,8.43,76.7,81.46
S09472,81.0,20.2,,69.8,6.24,55.4,72.1
S02397,83.7,17.8,66.3,54.0,7.69,46.9,58.2
S04897,69.8,3.1,89.4,90.6,6.8,73.4,71.6
S03973,81.5,13.1,76.6,76.5,7.28,61.3,70.07
S05542,81.5,23.5,81.3,77.5,8.09,83.7,80.83
S05037,83.2,28.3,82.1,69.3,9.28,59.5,95.8
S02164,81.6,25.6,77.9,59.9,7.12,50.5,72.87
S06770,95.4,20.1,80.8,91.2,8.44,65.8,82.88
S04565,67.5,6.6,55.3,50.2,6.17,54.8,52.24
S04549,88.1,34.5,68.8,90.9,7.79,59.3,93.4
S06379,70.5,10.4,46.1,48.7,4.68,30.4,38.85
S02949,,9.1,53.1,59.3,7.28,,65.78
S03383,86.5,31.8,92.8,95.4,10.0,73.2,100.0
S03332,,7.8,48.0,47.7,5.17,34.1,46.58
S00438,82.4,14.1,72.6,64.5,8.39,67.6,76.19
S00421,80.6,16.2,71.9,63.4,7.52,36.3,69.39
S09576,84.3,3.6,76.1,54.4,7.0,57.3,66.76
S00459,87.8,23.5,64.1,77.5,7.16,67.2,74.88
S02194,82.5,6.7,51.9,61.6,8.03,76.6,63.39
S02946,77.5,17.1,62.3,65.8,6.33,67.0,68.2
S01219,85.4,32.2,76.2,79.0,8.33,60.9,89.15
S06274,60.6,19.3,47.6,52.9,6.21,64.1,44.17
S08019,87.4,22.4,67.4,67.9,7.72,67.4,71.49
S03718,81.9,23.9,70.5,53.8,6.13,73.0,62.72
S00704,95.5,12.1,73.8,63.7,7.05,74.9,68.25
S00792,71.8,12.7,65.4,50.7,7.44,32.0,57.57
S03689,61.6,11.6,72.8,73.9,8.57,78.0,68.05
S08288,64.6,8.1,59.6,45.6,6.73,60.5,43.43
S02650,83.8,22.5,74.3,82.7,6.39,46.2,85.42
S08300,87.5,33.9,100.0,95.7,9.61,84.4,100.0
S05619,72.4,13.1,65.5,57.4,6.78,55.3,64.51
S02828,65.2,5.0,75.8,60.6,8.96,72.5,74.58
S08962,83.7,20.6,92.9,90.0,9.11,65.0,80.69
S03195,75.2,12.4,70.7,68.6,6.44,55.7,67.25
S05165,80.0,20.4,58.8,67.6,8.34,75.1,86.21
S08382,62.9,9.5,77.0,66.0,6.98,49.3,77.47
S00702,71.9,21.3,69.1,71.3,7.64,66.1,82.54
S00460,89.4,24.9,88.2,100.0,9.09,84.0,94.12
S04382,77.8,11.1,60.3,62.4,8.11,60.8,69.56
S07436,91.1,18.3,86.8,,9.32,76.1,90.42
S00069,82.2,21.3,81.4,86.8,8.16,,91.4
S06590,73.0,24.3,100.0,90.3,8.63,82.3,76.68
S06827,92.1,28.7,100.0,91.5,10.0,70.9,100.0
S05744,71.7,,56.9,53.9,4.83,50.3,65.07
S05030,79.7,22.3,71.9,84.3,8.93,92.2,100.0
S00927,64.6,2.0,68.7,58.1,6.78,56.0,49.61
S05576,67.9,34.6,60.1,66.5,6.79,82.3,68.48
S08862,46.3,4.4,43.9,37.8,5.55,39.1,20.13
S03277,61.7,2.0,62.1,44.6,7.49,49.5,43.69
S06073,70.0,18.0,72.4,63.8,7.47,61.5,62.17
S07893,56.7,7.7,56.2,40.7,6.08,55.9,41.32
S05598,74.6,24.9,69.4,79.8,7.29,85.6,70.06
S00654,78.5,4.0,82.7,81.4,,55.2,58.46
S07074,94.5,20.8,90.0,90.6,7.1,75.0,93.27
S02791,86.0,23.8,87.6,85.5,7.02,63.3,92.41
S04574,97.5,20.4,95.3,94.7,9.59,79.9,100.0
S01234,88.3,29.5,,93.0,9.17,82.7,81.21
S01185,53.2,7.1,67.0,54.1,6.14,25.7,54.21
S09561,79.7,33.5,88.2,70.8,9.7,76.7,100.0
S00522,52.3,19.0,53.0,52.5,5.91,29.7,44.56
S07378,75.2,18.5,73.7,81.9,8.45,63.2,87.29
S03420,63.4,27.2,78.7,71.4,6.83,48.7,65.19
S02238,69.4,22.2,77.0,64.2,7.61,69.7,72.05
S08259,87.8,14.3,81.0,93.9,7.54,68.9,89.4
S09398,86.1,31.4,91.0,90.6,8.37,69.3,94.17
S02469,72.7,22.2,70.0,62.7,,63.6,60.41
S00750,72.2,13.1,61.5,57.3,7.23,41.2,55.02
S05675,63.5,26.7,59.5,81.0,7.95,64.9,73.95
S04813,82.3,19.7,81.9,78.2,6.81,61.1,69.29
S09637,91.8,21.0,70.8,71.7,8.89,55.6,100.0
S00397,78.8,13.3,53.7,61.5,6.01,58.8,61.62
S06540,95.5,24.3,74.1,79.0,8.45,77.1,95.43
S02003,74.0,12.3,58.0,37.9,8.5,57.6,59.83
S07819,63.1,9.9,67.5,54.2,6.83,44.9,61.15
S00606,72.0,,42.9,34.2,4.0,61.6,42.24
S09897,59.9,7.7,67.1,60.7,5.2,40.6,53.82
S07852,65.9,11.1,73.2,64.5,8.41,54.7,68.52
S09837,58.5,13.0,55.9,50.3,5.63,68.9,62.31
S01357,90.7,33.9,97.4,84.7,9.11,,100.0
S00643,52.2,2.0,32.9,32.1,4.0,20.5,9.71
S08001,57.7,5.7,45.7,36.13,4.56,37.3,29.03
S09540,90.0,33.4,95.0,100.0,9.87,76.5,100.0
S00728,61.7,24.4,86.3,83.2,8.74,72.8,100.0
S05316,80.0,21.7,81.2,70.0,6.63,61.6,63.78
S00211,71.1,13.5,72.9,39.6,5.37,75.0,43.01
S01122,62.3,4.3,56.9,63.7,,65.5,48.82
S06711,85.3,30.5,83.1,100.0,8.9,81.1,87.85
S09427,72.7,16.4,54.2,51.5,6.76,35.6,54.38
S01720,66.3,8.5,55.6,58.0,7.49,47.5,58.45
S05845,71.8,11.2,69.3,67.0,5.85,65.5,71.99
S05021,84.4,11.8,68.3,74.3,8.41,68.4,71.71
S07746,76.2,17.1,81.5,77.0,7.21,46.8,82.83
S00007,82.9,22.1,91.8,75.2,6.38,51.2,60.11
S01913,89.9,23.0,96.2,90.2,9.7,80.9,100.0
S07371,76.6,21.7,82.6,62.3,6.97,40.1,64.48
S08840,67.8,24.3,62.1,53.4,7.38,59.9,66.98
S04621,75.8,20.4,72.7,47.9,6.94,43.3,68.51
S09711,87.5,10.2,79.9,73.4,8.0,77.3,68.31
S08389,90.1,27.4,95.8,97.3,10.0,,100.0
S06653,57.2,18.1,52.0,60.5,6.4,57.1,52.05
S05748,67.3,,80.2,78.9,6.88,56.3,88.33
S06160,77.5,22.9,80.1,85.9,8.9,67.0,72.88
S03256,87.9,21.5,79.2,78.1,7.74,73.6,74.3
S08166,68.9,5.2,45.8,35.5,4.1,7.2,32.03
S09102,94.4,29.0,92.9,100.0,10.0,67.3,100.0
S02106,82.7,27.3,93.5,,7.81,100.0,83.41
S02479,72.9,13.5,82.8,65.6,8.86,,73.75
S06893,91.5,26.6,95.0,98.2,9.36,78.1,100.0
S02315,52.8,15.5,50.7,39.7,4.65,28.7,34.62
S08025,74.2,18.0,74.5,75.4,7.4,72.8,72.21
S00761,71.2,12.1,89.6,60.4,8.51,63.6,69.64
S08251,81.2,18.8,77.2,76.6,5.84,44.5,81.75
S03389,88.0,20.8,80.9,77.5,9.23,70.5,79.51
S06132,60.4,6.0,66.9,52.2,7.07,46.3,51.48
S03419,72.2,14.4,84.0,73.9,9.24,59.8,81.36
S06976,75.5,13.4,82.9,72.5,8.64,74.3,90.95
S02938,59.8,10.3,58.3,,5.69,43.6,40.44
S05443,74.5,18.4,76.4,74.9,7.45,54.7,86.71
S01652,60.1,33.2,74.8,65.1,7.32,53.2,63.23
S02527,71.4,32.9,73.8,84.0,8.73,79.3,95.4
S01527,74.8,23.5,90.2,,7.81,61.0,79.63
S06784,83.1,16.4,77.9,,6.64,47.4,56.46
S02384,83.4,23.7,76.7,72.2,6.38,61.6,87.03
S07678,86.3,,,71.5,7.68,47.4,86.65
S00110,58.0,9.9,51.6,42.7,6.01,60.4,52.16
S00915,55.8,9.4,54.2,53.9,4.32,67.6,42.86
S02223,74.3,3.1,85.5,85.8,6.46,46.2,66.09
S01053,61.4,13.8,51.1,52.1,4.93,55.4,55.6
S01749,51.1,15.9,,66.0,7.14,64.4,61.17
S00791,89.4,12.7,82.1,88.6,4.35,34.1,70.04
S04877,74.6,2.1,77.3,38.9,6.5,35.0,59.24
S09269,78.3,23.6,74.1,66.3,6.22,45.2,82.94
S08497,66.3,4.4,53.0,44.0,4.59,55.7,61.3
S03087,80.8,16.0,56.2,59.6,7.41,43.8,43.48
S02249,76.4,10.9,60.1,48.7,6.27,63.2,50.5
S02303,68.1,9.8,58.7,56.6,8.62,53.0,67.13
S04002,80.2,16.9,73.3,64.9,9.08,77.8,81.3
S08568,85.4,7.4,,81.1,7.57,49.4,65.88
S00760,93.2,27.5,79.2,89.5,8.21,55.5,86.62
S04964,49.4,,44.4,39.29,4.57,43.3,25.41
S00797,67.0,11.7,75.2,82.0,7.54,64.3,86.11
S09065,87.7,19.2,,90.0,8.58,91.9,94.99
S01174,76.8,9.7,84.5,72.7,8.12,59.4,77.61
S04135,72.1,17.6,61.1,69.4,7.81,50.9,76.9
S02340,100.0,24.7,91.2,99.9,9.38,55.4,93.08
S08669,74.8,6.8,,62.7,7.8,47.7,67.26
S04714,55.3,13.5,67.5,65.4,7.04,63.0,70.83
S06219,87.6,26.7,77.2,78.4,,,76.03
S02778,73.4,2.0,,42.5,6.33,41.7,45.42
S08999,62.1,11.0,69.1,52.4,6.18,66.7,51.08
S02674,72.6,16.9,84.1,63.8,7.95,61.2,88.03
S05143,81.8,32.4,89.9,89.4,8.46,57.2,99.35
S07266,53.9,16.0,65.3,57.9,7.22,64.2,64.95
S03396,67.3,14.4,70.5,64.2,7.05,91.2,71.53
S02254,67.7,14.2,76.6,81.3,8.88,66.2,79.1
S02015,69.6,25.2,80.0,70.7,8.5,57.3,90.15
S06658,,5.8,64.1,56.6,7.18,48.4,46.53
S08675,80.4,10.9,72.0,74.4,7.33,73.8,69.81
S06012,73.7,9.9,79.9,55.3,8.83,66.0,75.69
S09560,54.0,4.3,62.8,62.5,5.32,43.0,56.94
S08359,57.4,13.8,55.2,40.1,6.1,49.0,58.07
S09745,88.3,19.8,83.9,81.4,6.36,68.9,69.31
S03592,97.0,20.9,63.0,92.8,8.51,79.1,94.89
S04741,62.7,9.8,75.7,66.1,8.03,,61.28
S05406,59.9,16.4,57.0,,6.43,71.2,62.45
S01085,72.7,4.0,45.5,32.4,5.0,49.1,40.32
S00964,75.2,29.6,77.2,64.7,9.0,73.4,78.71
S04763,77.3,21.7,59.1,58.6,6.11,55.9,73.21
S08342,70.4,17.7,74.1,76.4,8.64,78.1,94.29
S09355,86.0,19.1,63.7,66.7,7.91,59.0,89.05
S08576,80.9,20.9,77.1,75.8,7.48,58.2,75.53
S09827,87.2,27.1,86.2,83.6,8.07,65.1,91.68
S05238,66.2,10.19,54.6,52.4,6.29,50.7,62.33
S07733,70.8,18.3,,68.3,5.78,52.8,70.23
S07152,75.4,13.6,81.6,71.3,8.81,68.5,79.24
S08686,100.0,34.5,89.5,81.5,8.7,79.2,89.2
S04284,75.3,20.7,77.4,73.8,,56.1,94.58
S09276,72.9,12.2,63.5,58.1,4.9,56.6,60.26
S00733,96.6,21.4,80.8,72.2,9.2,73.9,97.8
S05505,76.9,20.7,85.9,84.3,9.29,54.6,96.24
S02057,63.3,16.8,69.2,,6.57,45.6,59.17
S06115,74.8,18.9,80.7,,7.39,76.2,85.01
S09759,64.2,13.6,62.2,46.8,6.56,48.1,60.59
S05609,58.9,14.0,68.5,48.4,7.99,50.9,69.71
S09953,66.2,22.9,69.7,59.6,6.13,49.2,74.1
S01824,84.2,18.0,87.8,75.0,9.18,64.5,89.27
S02788,59.5,11.4,72.7,51.3,6.13,42.9,51.42
S02130,79.8,20.2,88.0,80.7,8.85,72.8,80.92
S02473,80.4,11.6,92.0,62.6,8.04,44.3,77.64
S02957,81.6,17.0,85.1,73.2,6.92,55.5,77.51
S02426,67.6,29.0,70.8,60.8,7.23,60.0,95.99
S05490,74.0,24.4,60.4,56.0,6.56,40.0,69.18
S02698,61.5,,68.2,57.6,6.52,58.2,61.35
S02989,88.4,17.5,79.6,79.5,5.69,57.8,64.45
S00079,63.4,23.5,64.3,59.9,6.71,51.0,52.72
S09028,85.5,21.7,74.8,92.6,8.45,74.2,79.62
S06665,80.4,23.6,94.9,81.5,9.49,69.7,100.0
S05178,63.5,2.4,62.1,41.6,4.97,56.7,44.14
S01289,84.8,14.7,76.3,71.1,5.64,53.9,66.1
S05940,100.0,28.9,74.1,92.1,8.34,86.8,86.8
S00240,53.4,2.0,,41.8,4.53,20.5,28.09
S00347,100.0,,85.6,92.1,9.61,81.2,96.02
S08006,75.7,19.7,59.3,72.6,6.89,46.5,72.52
S07229,62.6,2.0,58.1,49.2,4.38,31.2,34.77
S01513,68.4,18.7,64.5,,7.88,60.9,75.85
S04756,71.0,15.3,53.2,61.4,6.33,49.8,62.06
S06098,65.5,8.3,59.7,54.9,7.28,76.3,74.11
S00528,94.3,29.3,81.9,87.9,9.52,91.9,89.93
S05058,65.8,5.8,51.6,39.3,5.07,29.7,45.42
S09697,73.4,12.3,65.5,49.4,6.95,44.3,59.97
S04624,,14.2,53.5,58.6,7.87,55.1,61.09
S00841,45.2,8.2,30.0,30.0,5.08,36.0,29.07
S09719,79.2,16.5,81.5,60.1,8.8,50.5,80.2
S03848,85.9,23.0,,78.2,8.24,91.7,82.59
S06635,60.1,15.0,74.7,59.6,7.33,55.1,60.68
S04157,100.0,26.5,100.0,99.5,9.42,90.8,100.0
S04770,82.6,8.4,,54.1,5.02,45.6,53.34
S01827,76.4,20.1,,75.4,8.52,78.2,79.24
S00692,86.7,34.2,100.0,85.2,8.92,77.2,100.0
S06559,90.8,29.0,96.5,100.0,9.11,72.3,100.0
S04222,66.6,13.8,67.2,59.3,8.46,68.3,83.54
S08838,,9.8,56.8,53.5,7.57,65.1,73.34
S00951,57.5,,53.0,55.3,6.15,33.6,51.22
S08803,,16.9,55.2,63.1,6.75,27.6,54.1
S01926,61.3,15.7,69.4,52.0,5.24,51.8,78.56
S06133,65.0,19.2,74.3,59.8,6.29,65.5,66.39
S05121,67.3,23.5,68.3,62.6,8.44,,80.85
S02819,100.0,35.7,100.0,88.9,9.54,51.1,98.01
S09664,74.3,26.9,64.1,86.1,7.01,72.3,92.86
S05883,84.3,36.6,100.0,90.0,10.0,100.0,100.0
S06579,51.0,9.5,49.2,30.0,5.63,40.8,42.53
S02123,97.5,19.9,76.9,71.7,8.38,68.3,86.84
S02725,82.0,19.8,93.2,96.1,9.33,95.2,100.0
S06412,79.6,21.6,82.7,77.7,6.41,52.5,62.54
S07707,79.4,22.5,,76.0,6.08,77.1,75.56
S03861,63.3,2.3,43.5,39.4,6.74,52.5,49.58
S08687,55.9,13.2,60.2,30.0,6.05,,43.72
S00854,,2.0,47.1,46.5,,34.7,31.84
S06051,100.0,26.9,100.0,96.1,9.59,70.7,87.69
S02054,,13.4,69.2,37.3,5.38,50.0,33.88
S02969,84.7,11.0,77.4,64.6,7.24,73.8,57.75
S01022,40.0,2.0,30.0,30.0,5.45,26.3,17.48
S09016,77.7,21.5,69.4,57.7,7.36,61.6,63.47
S06018,67.5,20.8,71.7,64.5,7.19,,62.98
S03291,100.0,16.6,86.3,73.8,8.24,54.3,98.97
S01362,73.8,10.6,55.3,62.3,6.19,63.6,62.54
S04211,67.5,8.7,56.2,64.7,6.88,44.5,63.03
S07011,77.3,27.3,87.6,88.9,9.3,77.8,93.01
S07801,70.9,27.6,82.6,69.8,8.76,57.2,81.62
S06382,68.3,15.2,69.9,73.7,8.34,70.8,70.83
S06652,68.3,,74.5,60.0,8.16,71.8,62.13
S04893,61.3,,,49.7,8.7,53.4,54.78
S05659,61.7,4.2,41.2,47.9,5.52,54.7,61.21
S03837,80.0,11.8,79.1,67.2,8.22,71.6,79.57
S06474,64.2,22.6,75.4,69.1,8.78,78.6,82.9
S02565,66.0,11.4,68.5,54.8,6.6,53.6,57.39
S09927,91.3,12.8,78.5,76.2,7.37,,76.69
S03485,92.7,14.4,90.6,87.9,8.52,72.7,87.68
S07888,71.3,27.6,68.1,61.2,4.81,64.2,58.13
S08662,83.5,17.7,80.2,76.8,6.37,74.4,100.0
S01647,77.9,22.9,58.3,69.8,7.13,69.5,83.67
S06172,65.8,20.0,67.0,68.0,8.17,72.3,74.5
S09335,72.5,8.5,72.0,63.4,8.52,56.6,67.74
S03331,77.1,21.1,74.8,75.4,6.35,54.8,67.68
S04789,100.0,22.7,97.9,91.5,9.71,78.6,95.19
S04280,87.9,15.3,95.8,83.9,10.0,81.0,94.11
S04970,100.0,36.3,96.8,86.5,,63.5,99.45
S05070,94.1,31.3,96.7,82.8,8.99,66.5,100.0
S02007,77.6,21.0,,75.1,8.85,80.1,80.18
S01878,71.6,6.8,54.7,57.8,6.18,42.4,59.77
S06331,81.1,9.0,70.2,71.1,,68.3,74.97
S08214,86.9,6.6,82.8,83.4,7.28,68.8,85.11
S07783,67.7,6.4,67.5,49.4,6.79,30.5,68.3
S09155,60.8,18.6,,61.8,7.12,61.5,66.07
S01636,69.1,19.3,67.1,59.1,6.62,59.8,63.3
S09289,84.3,11.8,67.6,51.7,6.74,60.6,71.58
S06432,91.0,21.5,82.0,73.7,6.75,58.8,76.79
S00778,80.1,8.7,89.2,68.2,8.84,67.7,65.45
S00141,74.2,15.7,82.6,64.3,8.37,93.6,81.92
S07866,55.7,2.0,,30.0,4.04,24.7,27.9
S01298,92.8,32.6,70.5,86.5,9.3,56.1,94.91
S06661,84.7,40.0,94.6,100.0,10.0,74.7,100.0
S09278,83.0,17.1,62.0,55.1,6.66,,67.32
S04883,64.2,7.3,51.7,56.8,7.71,53.4,50.72
S07109,70.5,6.3,55.2,61.1,6.79,30.2,64.51
S06006,72.5,14.6,82.3,66.4,8.63,83.2,70.1
S07711,100.0,28.1,83.7,89.5,8.33,73.4,95.68
S08674,64.9,21.9,78.0,40.1,6.1,53.8,56.04
S01276,64.2,10.0,58.4,67.3,7.43,60.5,63.33
S06043,75.0,19.7,82.6,71.0,8.12,74.1,76.93
S04133,82.9,12.4,65.0,56.6,8.27,67.6,66.65
S08377,73.8,10.7,58.6,62.2,7.02,39.3,56.87
S00051,84.9,16.2,,63.9,7.5,53.8,89.41
S03345,68.1,5.0,53.8,60.4,5.06,47.9,41.89
S04934,84.7,7.0,63.8,57.8,6.81,60.6,64.34
S03006,57.3,2.0,55.1,38.4,5.13,47.9,33.65
S04696,73.8,16.1,71.2,62.3,7.25,51.3,70.81
S02782,76.1,20.9,70.9,72.7,7.2,45.1,67.22
S03830,62.8,,63.3,74.1,7.12,55.1,76.4
S06554,81.6,,83.8,76.7,6.53,63.0,76.16
S09649,77.9,21.8,74.2,61.9,7.56,46.1,73.71
S06726,71.6,10.0,90.7,69.9,8.82,67.7,75.79
S08737,69.9,23.5,74.9,71.4,7.63,55.5,83.23
S01739,89.8,30.7,77.2,77.8,7.82,59.8,86.96
S02322,95.5,27.2,99.4,79.6,10.0,64.2,100.0
S07262,78.7,22.4,,78.7,7.33,62.4,88.25
S02566,63.6,17.7,57.3,76.4,6.82,47.0,64.26
S02500,70.1,2.0,33.57,53.1,4.36,40.2,34.12
S07289,83.2,15.5,77.6,73.7,8.17,66.9,80.01
S06804,76.6,25.6,87.2,76.4,7.64,66.5,81.76
S07688,96.3,24.5,80.9,66.0,8.55,61.4,95.55
S03697,52.8,5.6,52.2,48.8,6.38,31.5,40.0
S05958,80.6,11.4,69.7,69.7,8.12,55.5,71.71
S09904,87.1,19.9,75.9,84.2,6.28,80.6,76.84
S08538,,24.5,86.4,72.0,8.08,89.9,85.22
S09334,87.9,14.8,65.8,,8.22,73.7,74.49
S04998,73.4,12.8,71.9,55.1,7.35,68.9,66.13
S04523,75.96,37.9,65.2,64.1,6.83,60.7,80.78
S08581,77.3,8.5,72.5,45.8,,49.4,58.7
S07117,69.8,14.1,,56.4,6.06,53.6,57.99
S07965,58.4,10.4,46.3,45.9,4.51,52.9,44.34
S07408,76.5,11.8,84.3,47.3,6.84,56.6,63.2
S08558,91.9,31.7,81.0,88.5,9.49,,94.96
S08511,83.2,24.0,81.0,77.2,6.9,66.3,86.54
S01339,78.8,23.0,87.6,73.2,6.69,60.3,84.23
S02614,47.5,7.9,48.6,33.3,6.1,42.6,26.73
S08621,70.0,2.0,51.1,47.6,5.38,38.5,55.12
S07078,72.7,15.3,52.0,79.1,7.44,69.0,75.54
S08619,74.0,18.5,68.2,72.4,5.86,58.0,85.05
S07795,75.7,16.4,81.9,74.7,6.12,48.6,68.9
S06746,68.5,7.5,60.2,50.0,5.39,58.8,55.2
S06099,88.9,25.2,69.3,74.7,6.67,68.7,63.25
S03015,100.0,34.9,95.1,92.8,9.64,85.3,100.0
S01753,74.8,12.4,73.7,37.1,6.4,,56.58
S00595,80.5,12.7,76.5,70.1,8.51,70.3,89.38
S05753,66.8,13.6,87.7,70.2,8.49,45.7,82.29
S06505,82.3,22.4,72.2,69.9,9.27,82.4,90.73
S05995,87.7,21.1,88.5,95.6,9.04,58.8,92.63
S02158,77.4,19.8,76.8,59.3,7.12,51.1,78.81
S05254,55.3,12.0,46.6,36.5,6.2,55.2,36.58
S07922,79.8,23.5,80.1,59.0,7.09,63.1,63.26
S08823,69.2,14.1,58.6,57.2,5.46,55.4,44.84
S04772,71.6,14.2,91.2,74.3,9.03,58.2,75.54
S06418,66.1,9.3,51.8,58.6,7.32,58.4,75.07
S04150,89.5,15.5,67.1,70.4,6.3,63.5,76.51
S07329,69.2,13.3,74.0,65.9,8.36,70.8,61.69
S09231,65.7,22.2,63.9,47.0,7.65,54.8,70.86
S05649,86.3,11.0,74.3,70.0,6.83,42.1,63.72
S03863,72.1,9.2,75.8,75.4,7.78,72.1,69.35
S00028,100.0,17.9,57.4,74.6,6.68,41.4,79.43
S06372,89.7,24.9,93.6,86.9,9.42,64.0,97.9
S00283,82.6,13.8,79.8,74.6,8.35,60.5,79.86
S02771,80.1,2.0,49.3,45.1,6.49,53.1,30.35
S05625,73.5,10.7,78.3,59.7,8.32,62.0,67.99
S09642,89.7,26.0,80.7,77.3,8.53,41.8,88.89
S06249,87.7,30.9,93.5,97.4,10.0,81.0,91.09
S09301,70.8,10.4,73.7,58.5,7.99,61.7,53.36
S04411,83.4,23.8,78.8,72.2,,82.0,79.07
S02762,68.8,9.9,78.1,46.0,6.3,52.7,55.88
S04225,67.2,11.2,70.2,58.8,8.34,34.2,61.97
S08797,64.9,11.0,63.4,56.0,6.94,37.2,65.07
S03503,69.6,19.0,72.7,79.7,7.55,51.5,72.07
S04161,86.2,24.0,83.4,84.3,6.48,78.9,66.38
S08215,97.5,24.4,81.0,73.9,7.69,64.8,76.1
S03813,73.6,18.3,56.0,58.2,6.6,54.2,73.31
S04437,84.0,18.3,,70.6,7.96,56.4,81.17
S04627,78.9,24.8,66.6,78.4,8.3,69.3,69.2
S04467,55.2,15.3,43.4,52.4,5.54,50.1,43.78
S07187,98.9,23.5,82.0,96.2,9.14,85.9,95.68
S02460,75.9,25.3,76.4,81.5,8.55,57.8,93.54
S04059,80.1,9.1,55.4,54.4,7.45,56.3,71.43
S02409,84.9,17.9,68.7,69.4,8.25,66.1,64.03
S00604,56.4,8.3,,68.0,8.68,71.2,74.9
S01126,80.9,12.8,58.5,55.0,7.44,71.0,70.08
S05924,83.2,,79.7,72.0,6.87,72.2,65.76
S04668,67.4,9.6,68.1,55.8,7.34,65.6,73.35
S09971,78.9,10.4,70.2,65.4,7.52,50.5,66.4
S09329,49.1,2.0,41.5,30.0,4.39,41.7,28.25
S03303,63.2,13.0,55.9,42.8,5.44,61.5,41.99
S07979,86.8,17.5,88.6,78.1,6.1,35.8,71.98
S08777,96.6,28.4,66.6,76.1,6.86,65.6,83.77
S07026,87.2,12.2,52.8,45.2,7.3,36.7,67.24
S00014,46.2,2.0,,30.0,4.74,28.0,24.98
S06637,77.1,16.3,73.1,66.2,8.19,69.5,88.15
S03960,65.9,6.4,75.2,51.8,6.94,52.8,76.61
S09022,65.5,2.0,50.1,50.2,4.56,39.4,51.2
S08780,74.1,27.5,81.4,59.1,8.0,85.1,84.08
S01763,66.8,6.9,57.7,43.6,6.76,53.8,40.92
S00571,71.5,13.9,75.3,71.3,8.78,82.2,65.99
S07788,81.9,18.9,59.0,42.2,,54.6,70.9
S09955,78.9,15.3,85.9,72.3,8.19,74.9,68.35
S01761,52.7,2.0,56.9,44.4,,,48.29
S03567,70.6,2.0,67.2,62.3,7.45,59.7,55.57
S07432,78.6,27.1,74.2,71.8,,76.8,76.21
S05183,80.1,13.3,80.2,62.1,9.48,55.3,76.11
S05387,82.6,6.2,63.9,65.2,7.26,56.2,67.33
S06303,86.5,11.4,83.4,71.9,7.08,66.8,81.39
S04850,76.6,12.8,51.9,66.5,7.48,61.0,57.26
S06471,77.4,28.5,93.7,71.2,8.37,59.0,89.51
S02581,62.4,21.8,54.4,45.4,6.03,,53.29
S06696,65.0,24.6,73.6,74.3,7.96,49.4,74.86
S09589,63.0,4.8,55.5,56.4,5.24,75.3,48.32
S03867,59.1,26.8,88.0,81.2,8.2,71.5,91.92
S04960,67.8,17.5,72.5,,6.9,74.1,68.91
S00881,61.8,2.2,51.9,30.6,4.96,37.1,28.68
S09597,83.7,19.0,78.5,71.9,8.14,62.3,78.66
S06034,80.2,15.6,65.8,73.4,,,78.64
S00458,71.3,12.4,78.3,70.4,7.55,40.7,82.49
S00200,83.0,14.3,81.8,74.6,8.4,69.7,79.36
S09428,80.8,21.4,79.1,81.4,,62.7,100.0
S04403,68.0,8.6,73.7,61.7,8.14,,77.45
S05532,,7.2,68.7,57.3,5.87,37.2,74.15
S08977,82.8,19.4,74.9,73.7,6.2,59.3,79.99
S00426,76.3,12.4,70.7,51.1,6.69,56.1,50.22
S06933,73.4,20.9,78.3,48.6,,34.7,53.25
S03744,45.8,2.0,43.0,32.7,4.82,22.1,34.14
S07370,67.2,2.0,54.6,51.6,4.96,30.0,37.32
S08083,72.8,12.9,67.4,77.9,5.56,67.6,51.38
S02227,81.1,12.9,77.7,70.0,8.83,72.3,87.5
S01303,70.0,13.5,91.4,57.1,8.01,59.0,64.41
S04216,55.6,9.1,65.5,63.2,7.2,62.8,64.54
S04092,80.9,9.7,69.8,78.9,8.14,51.2,77.36
S02941,80.5,16.1,76.0,55.6,6.87,44.0,67.59
S09174,80.2,6.6,56.9,55.1,6.22,63.1,63.92
S06975,81.0,17.8,77.3,74.9,7.41,63.4,71.85
S09933,100.0,24.7,84.2,75.5,8.39,59.8,82.02
S07186,94.1,15.8,72.1,82.9,7.51,44.2,68.89
S09148,82.8,,81.8,73.6,5.87,56.9,77.77
S07920,100.0,28.2,92.0,88.0,,83.6,90.49
S04572,80.9,22.2,79.2,75.2,6.59,48.6,81.93
S06657,79.9,13.1,77.0,69.3,5.89,55.5,66.22
S04346,72.7,21.0,70.1,72.3,7.06,65.2,69.42
S05118,86.9,15.6,,75.2,6.22,52.4,71.92
S01582,82.3,19.6,86.2,83.4,8.65,59.6,90.91
S07626,,2.0,45.3,51.5,5.22,59.0,45.47
S09911,82.4,22.4,81.0,78.5,7.11,69.0,83.12
S04528,83.1,18.4,81.1,96.1,9.55,68.1,100.0
S04554,84.3,18.7,79.4,83.9,8.96,55.1,100.0
S04422,69.3,22.9,71.5,63.3,7.57,59.8,66.99
S04471,78.9,10.1,68.5,73.3,6.16,66.4,64.33
S02447,74.2,19.4,84.2,70.6,7.86,67.0,64.69
S01813,74.7,9.5,66.4,55.2,5.23,48.2,48.96
S05692,67.3,3.8,64.8,45.5,6.17,55.2,39.81
S09460,99.9,36.6,100.0,100.0,9.36,95.5,98.98
S06199,50.7,5.1,,48.3,5.97,31.5,39.22
S05552,82.8,12.8,,53.8,6.83,67.0,60.53
S08591,64.1,,69.7,72.7,7.47,56.9,74.52
S05061,70.8,15.2,76.2,69.8,8.44,78.6,71.02
S01116,70.1,25.9,71.5,67.8,7.65,61.6,83.95
S00556,90.3,18.4,85.1,76.5,6.36,53.6,77.34
S06821,74.5,14.1,71.3,60.7,8.67,58.9,81.43
S05484,87.6,29.9,87.4,99.3,8.82,83.5,95.19
S06799,64.9,21.7,77.5,65.3,7.22,56.7,57.79
S06996,100.0,12.4,90.2,87.8,9.15,96.8,98.41
S06425,62.4,5.3,72.5,68.1,8.09,42.3,56.4
S03917,63.3,7.3,71.9,58.7,7.36,49.7,73.25
S05970,85.9,9.4,71.9,51.6,8.18,66.8,70.31
S08283,74.4,12.3,55.6,49.7,5.39,35.4,44.31
S09494,72.8,18.4,87.4,70.1,7.35,77.9,76.43
S08922,86.6,13.5,88.1,86.1,7.89,79.7,97.79
S00632,89.1,25.6,63.2,71.7,7.09,62.4,73.83
S09811,78.7,15.8,83.5,67.1,7.93,84.1,62.8
S03673,45.3,2.0,58.2,52.0,6.22,57.1,47.12
S05363,75.4,21.1,68.4,71.9,7.18,56.6,67.87
S05780,51.2,14.3,62.0,34.7,5.94,50.7,54.28
S02508,77.1,19.2,64.1,50.9,5.62,46.0,54.16
S00454,81.3,23.6,78.6,,6.23,56.5,77.15
S05194,88.6,21.7,90.3,98.8,10.0,69.7,96.62
S09019,51.7,2.0,30.0,30.0,4.0,39.5,21.28
S02474,99.4,22.6,88.3,93.8,,73.5,100.0
S00248,88.6,16.4,76.0,,6.66,62.1,80.83
S08676,84.3,27.1,87.8,62.0,8.55,50.8,71.95
S04768,66.0,2.0,45.4,30.0,4.07,32.6,37.27
S06526,49.5,2.0,34.9,32.5,5.01,,27.01
S04349,77.1,32.5,78.1,80.3,9.21,63.7,87.62
S02861,80.4,24.0,81.7,69.7,8.13,49.1,71.14
S08064,87.5,23.4,84.8,66.9,7.82,71.4,85.58
S06202,60.5,6.6,51.5,48.3,5.93,46.6,51.46
S02237,75.4,21.3,78.6,79.7,8.9,67.8,74.94
S07458,79.7,15.5,58.5,75.3,6.16,53.7,46.4
S07041,61.4,10.1,60.1,59.1,8.07,38.0,42.91
S05024,66.6,22.2,70.4,76.7,7.6,61.0,75.94
S08923,87.0,18.3,91.1,75.9,8.87,62.9,93.4
S04231,81.5,19.0,68.4,73.0,7.95,71.0,87.37
S02999,81.1,22.0,100.0,83.8,8.82,66.9,88.04
S05048,58.8,5.4,37.1,48.2,4.38,30.2,30.86
S02648,76.7,9.9,65.3,44.1,7.16,52.7,64.05
S04941,89.7,21.5,55.7,55.1,6.7,72.9,70.8
S09674,93.2,25.3,86.7,74.3,7.14,84.7,69.49
S00473,55.6,4.8,51.9,30.0,4.65,29.1,30.55
S07203,80.4,24.2,79.0,74.6,7.35,60.0,77.09
S02555,80.2,31.2,87.9,87.1,9.86,69.0,94.75
S08088,72.2,13.2,69.3,70.3,7.56,46.1,68.24
S00846,96.3,29.5,61.2,68.1,7.26,48.6,75.63
S05365,62.5,8.1,51.3,30.0,4.69,,37.51
S05475,70.3,14.0,58.9,58.2,7.95,64.5,40.37
S02078,97.7,27.2,90.1,76.2,8.63,51.4,88.03
S05612,84.9,19.5,94.2,75.6,7.86,77.1,73.5
S00941,68.5,14.7,89.7,89.1,9.38,52.1,93.32
S07204,81.0,21.3,81.8,64.4,8.13,45.0,64.88
S03843,87.0,27.6,89.7,90.9,8.7,89.3,87.3
S01075,75.2,17.9,75.6,57.1,7.0,69.2,83.18
S07553,69.4,8.4,58.2,48.4,7.17,65.3,61.51
S07149,63.3,7.5,50.7,46.7,6.73,,38.67
S01027,72.1,7.8,82.8,59.1,6.8,56.0,64.31
S09762,86.7,,68.8,78.2,6.71,,76.16
S05498,70.4,2.1,40.4,42.6,4.98,46.7,51.15
S03824,93.8,18.9,,60.9,8.4,51.2,69.67
S08345,76.6,29.2,74.3,68.1,7.97,79.8,85.9
S01927,76.5,20.1,51.3,61.8,5.93,51.0,71.43
S02263,90.2,9.6,63.6,64.5,6.92,64.2,69.71
S01455,76.8,4.6,,52.4,6.27,69.7,66.13
S09411,76.8,6.8,62.4,67.3,7.97,80.6,65.24
S06643,64.2,7.4,50.6,46.4,6.13,,48.82
S01332,55.5,5.7,37.1,53.2,6.29,39.4,53.63
S05705,72.0,19.3,69.1,79.2,8.45,70.9,72.77
S03686,80.0,23.8,78.1,64.0,8.46,61.2,90.03
S03308,74.5,18.3,83.6,66.6,8.7,75.6,87.42
S06238,98.6,10.9,89.4,79.5,8.07,72.6,93.08
S06558,83.5,18.9,76.1,83.3,7.0,59.1,76.15
S00735,74.0,17.5,77.2,57.7,6.65,47.9,58.7
S01714,65.1,15.1,56.4,60.4,7.07,47.9,69.24
S08712,81.4,16.0,89.3,71.3,8.95,72.1,86.29
S04290,84.0,9.7,71.9,91.3,8.76,47.6,84.25
S06020,68.9,7.0,55.0,45.0,6.01,40.9,50.02
S08155,62.4,11.1,59.5,59.2,6.45,51.3,53.59
S00539,78.0,26.8,68.0,65.4,7.73,54.3,84.35
S01528,54.3,2.8,44.8,52.8,6.4,50.9,31.59
S00765,46.3,10.5,55.7,38.9,5.83,45.3,47.32
S03134,74.7,10.5,73.6,70.1,8.54,73.0,84.13
S05389,77.4,18.2,50.3,61.4,5.48,64.6,68.32
S07017,68.2,8.7,47.9,33.2,4.66,58.2,37.71
S00244,69.1,13.1,62.6,59.5,8.28,61.0,56.41
S04443,91.2,12.8,88.7,61.9,6.69,73.3,63.55
S04522,65.1,12.3,59.6,58.5,7.11,54.0,56.07
S09138,70.8,10.6,85.1,60.0,7.98,64.5,76.3
S05846,67.2,22.8,84.0,,8.45,63.1,75.17
S03780,61.3,5.0,47.2,42.3,6.49,55.6,43.28
S05130,80.8,30.7,,73.0,8.17,64.4,89.74
S03145,80.9,21.7,83.7,77.3,6.2,81.0,82.79
S03679,100.0,39.7,83.9,100.0,,59.1,100.0
S07943,73.5,10.3,,63.1,8.68,60.6,78.24
S08368,62.4,8.3,63.6,50.2,6.71,52.0,60.82
S03114,100.0,16.4,95.3,75.7,9.03,72.8,81.46
S01918,68.9,18.5,,73.8,8.08,73.1,82.07
S05857,78.1,11.0,64.7,62.4,6.92,53.8,60.53
S06346,59.8,12.5,63.2,44.6,5.33,,58.95
S04111,85.4,16.3,80.7,76.8,5.64,67.2,81.36
S00305,83.5,21.7,96.4,83.3,,78.1,83.8
S09041,52.3,13.8,77.2,50.7,6.84,55.8,51.68
S02709,67.2,9.6,75.3,60.7,7.3,,71.88
S02937,73.6,19.9,96.2,69.5,7.5,,73.1
S02759,76.5,,61.6,50.0,7.47,62.2,71.62
S00267,93.9,23.3,100.0,90.3,9.53,64.1,89.47
S04531,71.7,7.0,62.9,49.9,6.47,51.9,51.55
S08111,88.7,21.9,76.8,66.3,8.76,70.5,74.84
S09240,65.3,9.7,69.0,59.5,8.15,49.5,63.56
S09073,79.4,10.5,89.7,67.5,8.33,66.7,78.38
S07490,76.1,,48.0,,6.32,32.8,65.69
S01169,91.0,24.9,86.6,83.4,4.77,67.1,96.9
S09977,68.9,19.6,66.9,55.5,5.7,70.4,67.18
S05260,53.7,11.4,55.2,39.3,4.88,50.6,36.56
S00967,82.8,17.7,78.7,62.2,7.19,57.5,66.93
S08437,100.0,28.9,,81.8,9.92,84.0,100.0
S06149,76.4,4.4,40.1,31.4,5.79,16.2,30.35
S04460,75.0,,82.0,68.0,,70.3,56.27
S06381,57.2,11.9,68.6,60.5,6.76,52.6,68.09
S07644,68.7,19.4,58.5,51.0,6.79,61.2,57.73
S00111,65.3,10.7,81.5,70.8,7.47,56.4,75.0
S06396,61.8,10.1,55.7,54.7,6.07,62.3,61.04
S00731,78.1,9.0,84.4,64.3,7.73,47.0,69.66
S03351,92.3,20.8,80.3,73.4,5.83,58.8,71.19
S05283,67.7,12.5,72.5,66.1,,64.1,76.95
S08099,77.0,9.1,51.2,47.1,6.9,35.9,51.4
S01820,53.5,14.5,53.1,48.4,7.29,47.8,63.65
S01365,68.1,35.2,98.2,87.4,10.0,75.0,94.51
S02220,84.7,26.9,88.6,77.7,6.84,63.3,85.41
S07596,69.4,16.6,65.4,65.0,,46.3,68.94
S00176,77.6,27.0,75.0,69.2,5.71,60.9,66.9
S01472,61.7,5.9,50.4,46.7,5.53,43.8,32.87
S01479,58.1,5.7,59.2,52.2,5.83,55.8,54.3
S05094,84.8,19.2,75.8,76.6,8.93,57.3,93.0
S03460,65.0,10.6,74.2,64.5,6.88,52.6,64.75
S02956,83.5,23.9,65.5,80.8,8.35,68.4,84.27
S03864,71.3,14.3,94.8,76.0,,41.5,74.89
S02261,69.0,7.7,64.7,69.7,6.01,72.1,51.13
S03862,77.3,15.3,75.3,72.9,8.42,60.7,69.11
S00106,74.5,17.0,88.3,70.3,8.71,69.1,78.97
S06864,74.6,18.7,89.6,61.5,,76.0,84.29
S04518,85.1,23.7,97.1,83.2,8.73,85.1,86.7
S02730,78.4,20.2,83.6,90.3,8.36,77.7,98.24
S02509,75.3,15.0,76.5,58.4,7.97,65.2,72.24
S02034,66.1,10.3,,43.7,5.97,58.8,65.45
S01518,84.9,24.1,76.6,75.7,7.83,48.2,88.06
S05079,87.9,17.5,78.9,68.6,7.5,64.7,85.41
S09450,70.3,5.9,39.3,46.5,5.23,66.9,33.29
S02166,72.7,9.7,82.8,75.6,8.51,,67.71
S05190,82.2,33.9,92.8,90.8,8.62,79.6,76.02
S06036,75.6,7.4,73.3,53.7,5.72,63.1,48.9
S04034,86.0,17.6,78.4,77.7,7.85,67.8,89.31
S07950,92.0,26.8,90.7,85.9,8.42,85.3,91.91
S03125,74.4,21.7,72.4,65.6,7.16,,74.34
S00302,,16.7,69.5,67.6,7.7,65.0,78.15
S04353,62.7,13.4,63.8,50.1,5.81,43.5,69.16
S06937,90.0,26.1,89.0,73.4,9.18,89.4,100.0
S03118,75.7,20.3,63.6,62.8,7.26,57.6,61.17
S08821,66.7,12.2,51.7,44.7,5.22,46.3,37.44
S02175,57.8,28.7,50.4,41.3,5.53,43.1,50.29
S08491,91.9,22.7,83.2,85.9,8.97,48.5,98.48
S02530,61.7,3.7,58.6,30.4,5.88,29.9,55.75
S03230,77.9,2.0,56.5,56.5,6.35,43.1,41.54
S02211,82.8,40.0,100.0,92.5,10.0,81.6,100.0
S06739,83.0,12.8,47.9,58.9,6.79,36.3,59.94
S07602,83.9,23.6,82.6,85.7,6.36,54.4,81.59
S09700,70.7,12.9,83.0,78.2,,59.3,66.22
S04093,85.4,19.1,84.5,74.0,8.77,62.1,80.8
S07486,68.2,,42.2,47.7,7.33,50.6,48.61
S02723,50.3,2.0,45.5,38.6,5.23,50.5,45.81
S07420,71.5,4.1,61.8,56.6,8.49,36.6,45.66
S07989,60.3,,57.4,48.8,6.72,40.2,44.88
S01922,74.0,9.6,53.5,55.5,9.23,40.2,62.73
S04844,65.8,9.5,72.6,35.4,5.74,,36.12
S02341,84.2,12.6,58.3,66.3,7.29,36.3,74.53
S08810,75.1,20.3,63.6,65.6,5.75,54.9,65.36
S00998,75.2,2.6,62.6,42.5,6.27,,61.16
S09123,71.7,18.0,66.6,46.5,6.35,60.5,57.75
S05568,82.2,21.9,88.4,78.4,7.11,74.6,71.92
S07487,85.2,24.3,89.0,68.6,8.53,70.4,89.49
S02421,75.6,11.9,82.4,78.9,7.06,54.9,67.6
S02520,79.9,15.8,87.9,,7.79,70.3,86.48
S00675,,10.5,50.9,31.6,5.12,46.1,38.64
S04799,59.9,10.9,54.9,41.3,7.01,58.1,41.4
S00588,73.9,11.7,68.0,56.4,7.94,62.3,78.71
S08225,95.5,17.2,92.9,78.7,9.37,74.1,86.79
S01107,80.5,11.4,72.6,65.3,6.42,47.9,61.04
S03166,100.0,32.9,88.9,100.0,9.58,76.8,97.91
S03746,86.1,15.7,68.4,68.6,6.75,59.3,63.04
S01211,49.1,8.3,44.7,30.0,5.48,43.5,42.67
S07994,70.0,18.0,83.0,59.3,7.71,64.6,71.51
S04259,69.9,23.2,81.4,82.4,7.71,61.9,76.34
S08575,81.4,11.4,69.5,69.2,6.01,62.9,55.64
S08217,82.8,17.7,74.3,81.9,6.29,85.7,76.25
S00252,65.2,7.0,80.4,62.4,7.0,55.0,60.8
S04662,78.5,13.7,70.2,65.5,6.44,58.9,76.71
S07143,82.7,,56.8,67.1,,62.5,81.02
S00844,77.2,19.3,69.0,79.5,8.12,73.0,83.87
S08425,65.5,18.9,74.4,57.5,7.89,58.4,71.32
S03112,99.4,24.2,100.0,81.2,9.35,95.8,95.86
S01668,81.5,16.8,86.1,70.0,6.09,50.1,80.32
S07482,93.2,25.4,86.3,88.7,8.33,60.7,85.59
S05210,73.5,8.2,87.5,66.7,7.59,79.7,75.94
S06660,,18.5,59.5,52.1,7.15,50.65,59.63
S02681,77.7,28.5,,58.8,8.07,68.2,94.39
S09438,59.0,2.0,45.4,38.6,6.52,34.5,49.12
S04857,92.4,24.4,79.6,87.0,8.29,72.5,87.05
S01800,43.4,2.0,43.5,33.0,4.52,17.2,16.45
S00914,80.4,15.0,80.6,81.7,6.24,,79.6
S05939,55.3,2.0,52.7,30.0,4.75,23.3,25.86
S02023,85.9,18.8,70.9,,7.85,62.6,61.6
S06950,40.0,2.0,44.1,30.0,4.07,27.7,0.0
S03104,88.7,15.6,63.9,57.7,8.1,49.7,65.05
S00564,85.8,14.8,58.7,68.3,6.71,57.0,70.0
S04605,76.9,20.8,73.7,53.2,,41.2,78.77
S05068,55.2,,45.5,40.1,6.34,57.8,43.66
S03782,74.3,10.1,66.3,63.3,8.76,52.7,69.53
S08796,68.8,6.0,65.0,36.7,4.51,36.5,41.92
S06089,67.1,2.1,63.4,73.7,6.52,45.6,72.89
S08277,68.5,18.5,68.1,62.5,7.7,58.0,78.13
S02736,87.5,14.2,65.6,64.3,,65.5,52.03
S05707,,18.3,69.2,60.1,6.61,,69.02
S05648,59.8,4.7,48.8,47.6,5.85,59.1,45.81
S01900,82.2,17.9,78.7,58.7,7.78,46.8,81.32
S08290,75.0,10.1,85.4,77.1,8.73,55.0,79.85
S07516,73.5,16.5,82.7,69.9,9.09,57.4,72.81
S07973,75.0,12.5,71.7,69.4,7.56,31.8,71.47
S00751,84.9,15.5,76.2,76.7,6.31,42.1,80.79
S04469,82.7,19.8,69.9,60.1,5.61,38.7,60.35
S06476,72.6,15.8,60.9,68.3,6.46,55.8,69.29
S01651,64.7,,,60.1,7.52,69.4,69.2
S04848,88.3,26.5,87.4,73.3,6.62,64.3,77.37
S05789,67.2,16.0,59.4,59.7,,71.9,69.46
S03241,42.7,4.1,52.2,34.3,5.36,35.8,13.44
S08769,94.2,21.7,95.3,88.2,8.41,76.3,100.0
S02840,72.9,23.0,67.5,62.9,6.9,51.5,74.52
S04913,60.0,4.8,74.5,49.0,6.63,52.7,54.76
S03526,74.9,6.9,63.5,62.6,6.88,56.2,69.26
S09531,71.5,22.6,54.6,51.3,6.38,43.3,55.2
S02389,73.4,26.0,75.4,77.8,7.6,81.0,94.98
S05807,64.3,14.6,63.5,60.8,6.42,59.2,74.0
S05869,85.1,27.1,80.4,85.9,8.44,100.0,87.17
S09044,79.8,12.2,72.8,57.8,7.27,65.6,66.72
S01539,,24.2,87.5,84.3,8.47,65.6,94.21
S03939,83.3,22.4,100.0,100.0,9.55,78.5,92.43
S05264,62.3,10.6,51.3,49.1,,47.2,51.74
S04423,91.2,15.1,89.8,90.5,9.64,72.4,91.1
S05348,90.3,21.0,77.1,72.8,8.85,85.1,79.81
S04591,87.2,29.7,87.4,66.9,,60.8,94.42
S00603,83.1,20.1,89.6,81.2,6.78,95.5,80.99
S01908,81.7,10.6,67.1,40.6,6.53,48.3,56.94
S04646,68.5,11.5,75.7,62.4,7.74,37.6,70.67
S05649,86.3,11.0,74.3,70.0,6.83,42.1,63.72
S09715,61.7,5.2,49.7,42.9,5.34,42.6,47.06
S07422,81.7,28.4,76.1,69.0,8.09,68.8,82.69
S02588,86.1,33.4,70.4,70.5,9.31,57.6,99.33
S05717,46.5,4.9,36.6,36.6,5.14,45.2,42.82
S05455,82.2,19.1,100.0,88.7,8.88,80.1,83.94
S04495,59.1,5.0,51.9,47.5,5.54,50.1,47.31
S03227,72.8,21.2,65.7,62.6,7.39,68.1,84.18
S00379,95.7,23.2,81.4,86.0,6.35,62.0,91.0
S01815,88.6,28.1,78.8,68.3,7.62,65.7,65.84
S06456,62.7,2.0,53.5,44.0,5.01,33.7,32.75
S06529,81.4,8.0,55.6,39.7,5.25,37.7,53.58
S02339,91.4,13.2,73.5,77.0,7.47,,73.15
S07058,69.3,11.2,30.0,44.1,6.83,50.5,44.44
S06005,61.9,17.4,43.6,58.5,6.67,38.9,49.96
S03771,80.7,17.4,93.8,64.4,8.69,,85.97
S02157,42.2,6.9,50.7,48.9,5.92,42.3,29.96
S06320,76.2,,91.2,75.9,6.72,63.9,76.21
S05798,71.8,19.3,92.2,76.5,7.34,67.3,71.7
S02298,70.6,2.5,57.6,50.9,4.76,51.6,46.97
S00961,71.2,7.9,61.0,66.5,7.49,,61.92
S05221,73.0,7.9,60.6,62.5,6.92,59.1,48.02
S08880,72.8,17.8,64.4,67.9,5.97,76.9,58.99
S04072,88.7,21.5,71.1,51.2,7.57,44.2,68.57
S05287,66.1,20.6,61.2,57.0,5.64,44.5,64.14
S09738,62.1,11.6,65.8,53.0,6.65,43.9,46.06
S00670,89.6,21.9,78.0,67.0,8.83,59.5,92.85
S06189,65.9,5.1,57.6,46.5,6.87,29.2,58.62
S01399,90.3,21.8,71.5,62.4,6.07,,65.7
S04453,94.5,20.1,82.9,86.0,8.42,86.0,76.86
S07517,92.9,34.3,95.8,100.0,8.58,67.2,99.82
S03319,80.1,23.6,83.6,70.9,5.92,43.8,78.63
S00743,100.0,,95.1,100.0,10.0,67.9,100.0
S04701,81.1,20.4,78.3,77.7,6.25,68.6,67.35
S00923,,,62.5,65.5,8.22,68.7,71.7
S03221,48.9,4.0,37.5,39.8,5.13,21.9,40.23
S07591,51.1,3.4,32.9,32.9,,24.0,23.0
S01461,61.8,,57.5,55.1,6.11,50.4,34.66
S00853,69.5,7.7,77.8,53.6,7.42,55.6,73.91
S01512,61.2,11.1,42.2,40.9,4.52,39.2,46.33
S01111,71.3,5.9,61.4,57.8,8.05,45.2,77.05
S06213,54.4,9.1,34.7,35.5,5.05,52.8,36.29
S03634,93.0,17.5,70.2,77.5,8.46,61.4,74.18
S02244,55.2,15.1,82.3,75.8,7.48,69.4,71.64
S01393,72.7,15.3,69.0,55.2,7.33,52.5,57.47
S00857,76.6,13.0,59.8,68.6,6.47,56.0,62.88
S02448,74.5,16.3,69.2,74.7,8.07,66.8,66.07
S03142,89.5,18.4,79.1,68.1,8.16,64.8,86.96
S02535,54.5,9.4,49.4,47.5,7.04,50.5,53.36
S05361,65.3,17.0,64.2,30.9,6.14,48.0,46.64
S00023,85.6,11.3,64.7,59.1,6.32,63.7,53.32
S04447,67.5,18.0,86.3,73.4,8.74,72.2,69.2
S06655,59.2,15.2,43.4,40.5,6.03,62.5,42.57
S03708,90.8,13.8,80.1,72.3,7.05,56.2,68.98
S07768,64.3,2.0,48.4,31.0,4.0,46.0,34.43
S04620,77.5,6.0,,38.8,6.84,61.8,55.09
S09350,72.3,15.9,,76.7,7.26,67.6,85.08
S01233,58.5,2.0,47.1,46.0,5.1,41.4,37.43
S07472,67.4,12.5,61.7,63.9,7.74,59.6,71.88
S03384,67.6,13.1,69.9,59.8,8.68,79.8,78.29
S04297,84.4,18.9,,77.1,7.76,52.5,61.85
S07330,,21.9,,61.1,7.3,73.9,71.86
S06049,90.3,20.4,80.2,79.3,6.86,78.4,78.78
S04265,62.3,12.2,73.5,61.4,6.66,81.7,46.14
S00083,79.9,23.9,50.0,55.2,5.62,54.5,61.88
S09046,82.3,7.2,,54.5,6.11,53.4,62.05
S07287,89.9,31.5,83.1,83.0,7.92,81.6,100.0
S06555,,13.9,,62.5,6.21,52.3,75.25
S07584,76.6,20.0,79.9,73.9,6.22,55.4,73.4
S07718,94.8,14.3,74.0,70.4,7.42,56.2,65.88
S02976,91.8,33.9,100.0,,10.0,84.4,100.0
S05350,59.2,4.5,56.3,35.2,6.02,47.5,52.65
S06007,72.5,29.2,74.0,91.9,7.2,81.8,80.0
S09804,83.1,15.7,61.8,64.3,6.38,,73.06
S06915,84.1,21.9,65.2,63.8,7.83,68.7,78.79
S01478,79.8,17.4,60.4,58.7,5.96,45.9,59.9
S01069,49.9,11.5,57.5,62.9,6.23,41.4,52.97
S04871,90.4,,87.5,,,76.8,100.0
S01963,75.9,8.6,69.6,71.6,7.49,50.8,75.11
S00655,97.7,25.8,94.2,87.3,10.0,73.7,100.0
S04931,75.6,10.4,50.8,44.5,6.17,33.6,57.33
S06389,94.4,20.3,77.6,84.6,8.75,67.0,100.0
S00862,62.7,8.3,50.4,37.8,,41.8,30.7
S07223,76.3,34.5,88.7,87.9,9.71,79.5,93.74
S05101,93.0,30.4,77.5,75.1,8.52,67.8,87.08
S04352,80.1,9.8,66.5,69.4,6.41,50.5,68.2
S08114,93.5,21.3,79.4,,6.66,75.0,93.74
S07291,84.0,21.4,91.6,78.8,9.68,87.4,84.33
S00036,64.7,18.7,84.6,84.9,8.74,81.5,83.56
S06344,77.7,17.1,78.6,73.7,6.28,68.3,72.52
S05009,70.8,11.2,50.6,57.4,,56.0,47.46
S07069,71.3,12.6,51.4,52.8,5.72,44.0,50.66
S06092,70.2,20.8,100.0,74.4,8.9,85.7,84.01
S09324,88.4,19.2,90.1,69.6,7.92,71.4,82.08
S03689,61.6,11.6,72.8,73.9,8.57,78.0,68.05
S00561,76.6,12.2,77.2,75.5,8.28,86.2,65.76
S04452,82.2,21.8,79.6,79.0,6.68,63.7,84.16
S05050,68.9,27.8,76.3,62.5,7.02,61.5,89.49
S04561,65.4,17.7,74.1,67.0,7.94,61.3,74.66
S08393,87.4,23.8,74.1,88.6,10.0,67.3,100.0
S01331,96.6,33.1,81.0,80.3,8.29,63.0,83.17
S09228,74.5,21.4,84.0,78.1,7.97,83.3,81.01
S08986,82.5,13.8,76.8,80.6,6.24,41.8,54.28
S08361,77.5,23.0,78.5,63.9,7.1,,84.14
S08370,40.0,2.0,49.9,33.5,4.0,28.0,38.91
S07909,82.7,19.0,96.4,83.2,8.78,81.1,81.34
S04081,76.0,10.3,69.1,59.8,,57.6,73.55
S07625,55.2,2.1,77.9,50.2,9.75,58.7,86.56
S01997,61.1,6.9,43.4,42.0,4.23,42.5,49.88
S09779,63.1,7.6,44.8,56.2,6.61,54.3,47.84
S06447,60.8,7.5,46.5,54.1,7.53,40.2,55.17
S02939,72.0,30.7,61.2,62.1,8.44,49.4,67.78
S01245,73.8,14.3,81.0,67.1,9.16,85.1,86.07
S06515,72.1,12.2,97.0,69.5,8.01,75.3,78.51
S01768,62.3,4.0,58.6,58.3,6.22,50.4,40.63
S06068,73.1,19.7,50.1,59.5,6.53,45.2,61.36
S05799,55.4,8.6,52.9,42.1,6.48,45.8,51.11
S09451,63.0,14.1,,52.8,6.5,41.2,60.27
S02128,74.3,15.7,91.4,74.7,7.74,69.9,84.46
S00266,58.2,3.9,70.7,45.3,7.31,71.3,69.61
S01904,61.8,11.3,49.8,58.0,5.98,47.8,49.69
S00209,64.1,2.0,,39.8,4.03,41.9,24.5
S00098,85.2,24.2,71.0,80.3,8.28,89.8,85.95
S00034,74.1,16.7,76.6,68.8,6.09,55.1,69.85
S01268,86.2,,89.8,83.4,9.73,49.6,73.2
S09347,83.6,24.8,82.7,84.7,10.0,69.0,91.93
S07693,100.0,16.6,86.0,87.5,8.35,47.5,73.38
S03174,71.8,5.2,48.4,54.6,8.94,66.1,53.78
S05605,100.0,26.2,100.0,89.9,8.78,59.4,100.0
S09598,98.2,25.8,,93.9,9.74,79.0,97.11
S06118,90.1,22.3,89.6,77.5,8.3,79.3,80.47
S09546,75.0,10.0,57.2,52.8,7.67,63.8,62.09
S03258,65.6,10.6,74.9,57.2,8.23,57.6,84.43
S02587,69.2,26.6,88.7,100.0,8.58,73.1,97.61
S07359,73.6,24.2,81.5,79.8,6.9,56.9,69.04
S08248,57.2,6.2,57.1,44.3,5.06,32.1,48.46
S08693,92.6,19.1,84.6,87.6,4.75,43.8,64.66
S04555,73.1,9.7,70.2,61.0,8.28,46.2,63.77
S08236,87.7,12.9,73.3,62.7,6.74,63.1,68.1
S03337,49.1,9.3,51.9,32.9,4.0,35.2,30.65
S01254,91.3,23.2,71.5,76.9,9.1,76.4,96.28
S01612,78.9,19.1,62.4,78.1,6.2,55.9,78.7
S06938,77.2,12.7,70.4,58.3,,22.2,59.96
S02519,69.5,,68.8,50.1,6.09,70.7,57.32
S04299,83.9,18.5,86.1,76.1,6.11,60.6,72.39
S03326,73.2,11.3,71.2,63.1,7.9,54.0,69.8
S02043,79.2,20.4,74.8,66.5,6.13,45.7,66.13
S05978,61.4,9.7,65.3,53.0,5.89,,50.61
S01260,67.8,12.2,65.6,59.9,8.72,67.4,71.3
S05360,68.4,13.7,59.6,33.8,6.0,42.7,57.95
S02888,75.4,36.5,60.4,66.0,8.18,54.0,72.63
S02818,56.5,12.6,57.3,52.2,5.07,47.2,51.09
S05743,50.5,3.4,41.5,39.2,6.0,48.2,41.99
S07667,59.6,4.2,50.8,30.0,5.43,24.7,49.24
S05336,68.9,17.1,72.8,85.2,8.36,70.8,88.29
S03860,88.0,18.1,83.3,72.2,6.84,38.4,81.39
S03169,50.6,5.2,40.8,33.3,5.07,37.1,35.64
S07177,93.5,30.6,100.0,87.5,10.0,73.1,82.37
S06067,65.8,10.0,84.4,64.8,7.03,35.4,64.47
S00037,64.3,35.5,66.2,64.2,8.39,65.2,95.18
S09374,62.8,16.0,69.1,70.5,7.22,53.9,74.23
S02018,74.9,12.9,82.3,62.2,8.51,,74.17
S01888,73.6,22.6,89.0,86.2,8.93,45.3,86.88
S06553,68.5,13.4,64.0,,,47.2,83.36
S08381,,18.4,68.5,64.3,7.15,40.4,72.8
S01641,82.3,,86.6,73.5,6.83,49.8,57.1
S06121,89.7,32.7,89.1,81.4,9.04,82.4,83.46
S04230,51.5,5.1,81.4,46.7,9.25,53.1,56.31
S09135,78.3,18.7,83.6,74.5,6.33,72.1,84.33
S02952,,25.0,73.0,84.1,8.06,73.6,91.13
S09178,79.5,17.1,71.1,59.8,6.47,39.9,48.73
S06368,66.5,10.2,51.2,63.0,6.03,42.0,63.3
S05733,50.7,20.5,60.4,,6.66,51.6,43.06
S03115,79.6,14.7,,61.2,7.53,64.1,62.45
S01327,68.7,3.7,38.0,30.0,5.44,30.2,26.49
S07425,79.8,27.9,77.4,61.0,8.09,65.5,86.99
S07573,63.8,18.8,69.7,65.7,7.11,65.2,67.58
S09763,68.3,14.5,65.6,58.9,5.97,61.0,66.79
S02089,72.9,20.2,76.7,55.9,,56.5,71.98
S07507,92.2,19.4,72.5,79.3,7.66,67.9,78.74
S03026,61.5,16.8,54.0,71.2,6.96,63.1,63.1
S00769,86.2,13.5,69.1,70.3,6.93,65.7,70.25
S09233,100.0,28.3,100.0,92.9,9.13,73.4,100.0
S09085,68.8,18.9,82.7,64.6,7.39,66.7,76.91
S01324,62.3,3.0,63.1,51.0,5.72,57.7,38.73
S06581,94.2,29.6,79.0,78.5,7.73,64.9,69.75
S04083,79.0,23.8,75.5,71.1,8.86,45.0,71.33
S01905,79.1,14.8,71.7,69.6,9.41,76.5,71.65
S03541,72.1,16.4,69.7,69.1,7.01,61.2,71.02
S06057,80.1,10.3,65.1,59.0,6.3,81.0,65.62
S01564,51.8,19.0,82.0,60.9,7.5,52.7,73.19
S01462,48.4,2.0,41.7,36.2,4.71,35.2,21.87
S04709,83.5,22.1,,86.1,8.53,52.2,91.93
S08330,76.6,6.9,66.0,59.9,9.08,67.6,62.81
S00237,67.5,19.9,64.8,47.4,6.87,66.3,61.44
S02970,75.9,18.1,80.0,75.8,7.7,78.2,65.5
S01445,74.4,,62.0,50.7,7.02,27.6,62.34
S09008,66.7,16.6,69.6,57.1,7.34,55.6,55.7
S01715,54.7,2.0,56.2,48.4,5.87,50.6,45.93
S00338,76.6,4.3,49.6,46.0,6.52,40.9,58.16
S08007,70.9,25.6,78.7,80.3,8.47,59.4,77.24
S02064,79.0,17.9,90.5,76.1,8.86,80.9,89.87
S09839,66.6,3.2,55.5,55.3,5.48,64.9,41.67
S09519,77.9,16.4,61.8,62.6,7.97,36.4,77.48
S01973,82.5,13.8,77.7,88.1,4.94,56.1,73.63
S00848,75.9,12.4,77.8,66.6,9.24,77.1,77.06
S09468,89.9,16.9,71.1,82.0,8.77,73.4,75.84
S06430,100.0,26.3,99.3,100.0,9.55,80.6,100.0
S03187,75.7,9.2,60.5,60.6,6.22,52.0,56.01
S00467,80.4,9.3,77.8,78.4,7.21,42.8,60.12
S02781,91.4,24.5,79.3,80.7,,76.9,77.47
S09826,83.9,21.3,75.6,89.6,8.64,67.8,95.24
S00006,83.3,30.0,75.9,76.4,7.62,71.0,85.66
S03639,52.2,2.0,38.5,30.0,6.63,14.5,20.94
S08869,72.9,8.1,82.0,69.0,8.96,65.2,71.36
S00387,72.3,19.9,75.6,87.1,9.75,77.3,100.0
S05579,78.6,15.8,68.4,51.9,6.65,58.3,70.47
S03752,78.4,22.7,75.4,71.7,7.32,56.3,80.12
S07072,84.3,17.6,84.6,70.6,7.94,60.9,71.98
S06588,,24.3,79.8,84.7,,,99.93
S04030,78.4,24.3,88.8,,6.05,62.5,66.79
S01057,77.8,15.2,73.6,66.8,5.37,32.8,69.89
S01251,92.8,31.2,96.0,81.2,10.0,,92.86
S08941,87.0,26.0,76.3,84.5,6.19,62.8,75.79
S04450,64.1,18.4,69.4,48.4,7.5,55.2,61.55
S07247,74.9,8.9,66.9,63.6,8.19,57.0,68.24
S08872,95.6,26.4,90.2,100.0,10.0,85.7,100.0
S06742,92.1,25.2,72.9,79.6,8.19,44.5,81.2
S06960,50.0,20.8,48.4,51.6,5.42,50.2,51.9
S09992,64.9,26.4,60.0,67.9,8.03,51.0,72.58
S05730,70.5,9.9,69.0,60.4,8.04,56.0,56.3
S05768,69.2,11.1,60.0,57.6,6.18,66.7,61.03
S07846,82.7,20.5,62.3,73.1,7.01,62.7,85.41
S08765,87.8,15.9,89.0,98.2,8.97,75.9,100.0
S07740,91.0,,93.0,88.6,7.55,76.3,91.56
S09986,58.7,2.0,51.2,31.1,5.36,43.5,48.55
S08475,66.1,14.3,78.5,75.2,6.25,,66.69
S08379,74.1,17.3,69.0,57.0,6.83,62.1,67.35
S02676,92.0,26.1,92.2,81.5,7.25,62.7,74.78
S08677,84.1,,64.7,74.2,7.12,68.3,75.17
S09400,86.7,23.3,67.0,53.6,7.6,68.0,70.1
S09615,80.5,18.7,,62.9,7.11,78.7,69.37
S09880,69.0,17.3,74.3,63.4,7.89,65.8,73.96
S05410,97.5,18.3,85.7,88.6,9.28,74.7,100.0
S02051,81.2,13.7,75.6,63.9,7.63,41.9,59.66
S01112,100.0,25.6,96.3,100.0,9.68,78.4,100.0
S04496,64.0,13.6,75.9,66.3,7.29,64.1,80.34
S09106,82.5,16.1,89.7,80.0,5.95,56.7,75.69
S05388,81.6,27.7,69.1,74.6,6.87,69.2,77.13
S00589,88.1,25.1,88.6,77.8,7.96,57.9,93.08
S08930,72.2,2.6,51.5,44.4,6.71,53.0,54.22
S05537,71.7,10.1,55.8,46.6,6.19,46.7,43.53
S06892,,,71.2,61.8,8.07,49.4,71.63
S02760,87.0,26.3,70.9,71.7,7.68,,75.19
S09709,70.3,6.2,52.3,40.7,4.98,44.9,49.26
S06275,80.1,26.6,92.4,85.9,8.37,90.9,87.09
S01397,77.9,15.6,56.2,53.8,7.18,58.4,49.59
S05974,81.6,14.8,74.2,73.2,8.94,43.9,65.26
S00749,86.0,21.0,98.5,87.5,6.59,59.5,83.18
S06744,54.0,4.6,39.5,,5.31,41.0,44.57
S00145,99.6,27.4,100.0,91.7,9.71,70.8,100.0
S06359,88.6,21.5,82.3,84.7,5.94,59.4,73.11
S09813,70.2,19.3,74.0,73.8,6.52,44.1,72.32
S01809,85.8,31.8,73.1,83.6,9.18,73.2,86.23
S06629,83.4,14.1,85.1,69.3,7.67,70.3,84.86
S07828,81.0,15.0,69.4,66.8,7.97,68.4,82.95
S00375,71.0,8.3,67.5,60.0,6.81,55.4,62.17
S04143,74.3,14.0,82.5,55.6,6.43,41.1,66.52
S01320,59.7,21.3,73.7,60.5,5.95,52.6,71.63
S01288,91.0,31.6,100.0,100.0,9.09,88.6,100.0
S03607,72.1,28.4,78.1,95.9,,76.2,100.0
S05423,81.5,27.3,88.3,82.3,6.5,54.2,75.18
S03163,75.4,14.1,60.9,60.8,6.63,59.0,61.48
S04306,79.5,13.1,56.2,32.7,5.38,25.3,42.19
S04316,67.0,11.3,71.9,55.5,5.68,72.5,51.38
S00429,80.0,12.6,77.2,62.9,8.78,60.8,67.95
S00580,68.6,16.7,74.2,63.1,7.36,58.7,72.43
S01207,65.2,7.8,65.5,59.3,7.86,38.0,57.56
S03201,97.0,24.0,,93.3,8.64,80.7,100.0
S02455,69.4,12.9,65.7,60.1,8.27,53.9,78.21
S04690,69.9,23.9,80.1,86.8,8.61,77.6,88.49
S03281,80.9,31.7,84.7,90.8,9.32,73.4,84.8
S08628,63.1,9.0,62.6,49.1,,60.8,52.24
S02209,57.3,6.1,67.4,62.2,6.89,70.0,71.94
S08799,74.1,15.6,65.9,70.2,6.89,,74.13
S06448,65.4,13.3,71.2,57.5,7.43,39.0,56.66
S04413,81.9,22.6,92.4,72.7,9.41,83.0,100.0
S05301,53.3,4.7,39.0,38.1,5.42,40.2,23.16
S06403,65.4,13.8,72.6,60.7,7.7,55.2,62.74
S02793,,15.8,73.7,52.6,8.07,61.9,71.96
S06267,65.0,7.9,69.7,63.9,8.61,51.3,72.39
S04985,63.8,14.0,63.1,66.4,6.05,66.9,60.31
S00988,80.8,25.4,64.7,81.0,8.18,73.7,86.99
S06866,78.5,4.7,59.3,68.5,7.96,58.6,76.97
S03194,79.2,13.9,55.8,63.5,6.74,50.9,69.0
S04654,70.3,12.7,88.1,66.5,8.79,75.4,86.12
S05006,93.6,17.6,69.4,79.8,8.73,74.7,72.96
S09577,73.6,16.1,56.6,50.6,6.96,59.3,56.12
S09145,87.7,18.2,62.2,81.2,8.95,55.7,83.99
S05135,67.6,6.7,55.4,30.0,4.88,47.3,43.04
S01818,91.1,26.1,85.5,76.2,8.35,53.7,84.66
S02126,78.4,11.2,70.1,77.1,8.96,55.2,81.37
S08298,60.8,21.8,,61.0,9.17,62.4,78.56
S01237,77.0,,74.1,70.4,5.86,53.2,68.42
S05054,70.0,17.7,76.6,56.0,6.61,42.4,74.03
S06814,64.5,7.7,67.5,60.6,8.17,,62.38
S02502,67.6,10.4,66.1,58.5,8.05,53.5,73.46
S03738,66.1,,69.6,61.5,6.22,75.1,57.6
S06228,88.0,17.4,73.9,76.8,8.19,50.4,86.51
S04664,59.3,2.5,87.0,92.0,7.81,59.2,71.75
S00327,,12.6,54.1,56.7,6.08,54.8,67.11
S00292,88.6,26.6,97.0,83.9,7.77,84.7,85.75
S08822,88.2,12.1,74.5,65.2,5.34,47.5,64.57
S00340,71.1,20.1,71.7,74.0,6.62,62.8,74.92
S00834,81.0,,77.9,72.4,8.04,85.0,77.48
S03128,89.3,22.3,86.8,75.1,6.83,66.7,75.4
S05592,91.5,28.5,67.0,84.4,7.21,73.9,76.68
S08035,96.3,28.9,89.8,90.0,9.67,82.6,100.0
S03711,77.1,3.4,67.0,70.1,6.07,52.7,61.15
S04244,85.3,14.6,76.1,66.8,8.48,70.9,71.4
S00985,83.6,21.5,75.5,79.6,8.11,71.3,77.4
S02571,77.8,8.2,79.2,68.4,8.43,71.7,86.53
S04953,87.8,19.6,89.5,82.8,7.79,70.0,79.19
S00309,75.5,14.9,,66.2,7.17,57.6,73.1
S07080,79.3,15.8,79.7,69.9,7.22,60.3,71.21
S01291,66.1,23.8,61.6,67.0,7.56,70.9,68.67
S03090,63.1,13.9,54.5,73.9,6.74,,58.61
S00326,95.9,29.8,88.0,89.8,9.29,72.8,98.45
S04276,78.1,3.0,69.4,68.3,7.95,57.6,64.3
S07974,67.9,14.9,48.2,49.1,5.84,50.2,44.17
S07414,100.0,26.4,90.6,91.3,10.0,80.0,91.82
S09919,,4.9,74.7,54.4,7.95,50.1,69.6
S04160,59.9,6.4,45.5,45.9,6.88,48.2,49.04
S08579,81.1,30.3,91.2,80.5,7.6,66.7,93.39
S03692,71.5,7.1,51.0,38.4,4.94,53.5,34.11
S09053,76.4,7.1,51.1,50.6,5.16,63.8,52.02
S07804,,21.8,60.4,64.5,8.28,76.6,74.45
S05901,100.0,19.7,75.4,98.0,8.3,84.6,97.01
S06084,100.0,17.2,92.7,81.5,8.49,87.4,98.0
S00803,73.1,15.1,66.1,60.5,7.37,43.0,84.21
S02708,73.6,16.9,83.0,81.3,8.04,,87.23
S05040,69.6,14.3,67.3,58.3,6.98,63.7,64.37
S07692,82.1,20.4,67.7,76.2,6.69,48.8,80.66
S09238,68.2,4.4,65.0,51.4,6.8,62.6,61.56
S08843,70.0,13.2,72.9,40.6,6.18,31.8,60.5
S06243,91.7,22.5,83.0,77.3,6.99,51.4,77.63
S00628,76.0,22.4,68.5,82.8,7.95,49.0,86.38
S01117,52.0,2.0,52.7,39.4,4.84,26.6,34.43
S06247,73.1,17.7,75.7,57.4,7.56,56.3,75.9
S06728,65.6,4.0,45.3,32.84,5.98,50.2,35.68
S01589,56.3,17.6,68.7,67.5,6.82,62.5,64.0
S08696,75.8,2.0,48.3,38.5,5.06,33.1,48.8
S09524,84.7,20.7,80.8,80.5,6.23,63.3,71.49
S08360,85.6,27.9,87.3,82.5,9.22,62.1,96.89
S09844,67.4,11.1,64.4,60.4,6.26,33.5,49.2
S06131,69.3,2.4,61.4,30.0,5.65,25.2,31.75
S06981,83.2,12.5,73.7,65.8,6.35,72.3,55.95
S04944,79.5,22.9,75.3,69.6,8.07,64.8,82.84
S08938,42.3,5.8,58.6,39.9,5.64,,58.24
S00651,87.7,18.7,74.0,79.3,6.74,55.6,81.88
S09479,89.0,6.6,80.9,84.2,7.44,87.2,67.31
S01788,75.3,7.5,37.0,30.0,6.09,,44.81
S02816,77.7,15.4,71.0,55.8,7.44,80.0,73.67
S00314,75.1,15.9,68.6,62.7,5.79,51.3,52.98
S05720,62.9,6.2,65.9,59.0,8.14,61.6,67.9
S03618,100.0,30.1,75.3,87.0,9.16,61.7,86.84
S06903,44.1,2.0,59.3,41.3,,49.3,28.53
S09462,54.0,14.3,47.5,40.2,4.96,59.3,35.06
S05093,68.1,12.4,78.2,66.5,8.05,63.3,69.08
S01640,62.6,14.1,44.9,51.3,5.54,43.5,54.39
S03438,64.9,15.2,62.8,54.6,7.14,58.3,78.98
S02168,78.6,25.4,,93.9,7.87,84.5,86.01
S03974,52.4,23.4,39.5,60.0,5.84,59.7,48.14
S05229,93.4,23.1,84.6,100.0,10.0,85.7,100.0
S01265,68.7,18.1,58.8,48.3,5.55,48.5,59.2
S05712,70.3,,70.2,55.6,8.39,64.9,76.84
S02038,73.3,11.8,74.0,65.6,6.92,48.8,58.63
S06895,78.1,35.7,84.5,79.2,8.36,72.3,97.29
S01601,77.9,24.3,68.5,67.3,7.83,79.9,80.05
S05784,82.0,17.8,92.1,78.1,8.73,66.2,93.82
S02896,70.3,13.1,45.6,52.7,6.84,,67.79
S01654,84.7,28.3,66.2,77.6,8.39,74.7,78.67
S02677,,31.6,90.5,70.2,8.18,71.3,72.02
S04037,80.0,23.1,92.9,87.9,6.93,77.2,72.79
S08395,80.5,23.6,82.0,81.1,6.6,58.6,74.53
S03912,46.4,2.0,39.2,38.9,4.0,39.0,18.06
S08801,80.8,21.9,69.7,81.9,7.77,75.7,71.65
S01095,52.4,16.4,49.1,30.0,4.26,29.1,47.63
S09603,72.4,16.8,94.5,69.3,8.9,73.1,87.7
S01238,82.2,16.5,62.4,71.8,7.84,60.6,69.0
S04817,44.7,2.0,30.0,30.0,5.18,42.0,30.61
S06813,69.3,16.8,58.7,58.8,7.03,60.3,73.47
S09847,71.1,23.0,100.0,88.8,7.94,69.0,80.71
S04803,48.3,3.9,48.0,39.3,4.94,18.1,27.0
S02862,100.0,18.9,84.5,86.0,8.33,68.6,95.99
S01249,71.0,9.4,68.6,47.7,5.47,,68.17
S09685,68.2,9.0,72.9,59.9,8.87,69.2,71.02
S04123,84.6,23.8,69.4,78.3,6.75,56.1,88.03
S08353,93.3,19.5,89.4,79.1,8.96,65.9,93.06
S08014,63.7,2.0,30.0,45.3,5.03,45.6,45.95
S03175,64.1,5.3,59.1,40.1,6.19,44.5,32.72
S09734,86.4,21.4,83.7,81.4,6.75,60.4,78.83
S03545,62.2,4.2,66.8,55.9,5.84,42.6,40.23
S02493,88.4,19.9,89.6,79.8,6.4,87.9,88.53
S08641,68.9,3.4,36.6,31.2,,30.4,28.01
S07789,65.1,5.2,59.0,42.4,7.4,46.1,38.8
S06411,66.5,16.1,87.6,74.7,8.3,69.6,92.64
S05086,62.4,23.7,67.8,59.2,7.49,75.9,66.01
S08829,65.0,17.4,43.3,60.0,6.39,42.2,58.89
S00038,95.1,25.9,79.9,87.7,8.17,50.6,87.89
S03712,70.8,27.9,91.2,85.8,9.5,66.3,95.0
S09283,100.0,28.4,98.5,95.1,8.93,62.8,89.48
S09961,57.4,15.7,,58.9,6.29,55.5,65.62
S03909,92.5,13.8,92.8,88.6,8.32,59.1,82.7
S06054,52.7,11.8,45.4,47.6,,40.3,39.65
S07847,88.8,16.7,,80.1,8.09,66.9,73.13
S09151,65.8,17.2,61.2,69.9,7.73,67.3,79.95
S07250,65.8,19.4,56.0,56.3,6.73,38.4,67.88
S04375,55.6,4.7,37.2,42.6,5.29,23.6,39.85
S06439,67.2,20.7,57.3,65.3,6.92,37.6,64.96
S04204,67.0,7.2,60.2,43.5,4.51,42.9,50.28
S00321,70.0,9.7,83.2,73.7,8.32,59.3,80.51
S04800,67.5,7.1,83.6,57.8,7.91,54.9,63.46
S08297,71.9,6.3,74.0,63.0,8.53,,78.51
S06837,76.4,14.0,75.9,74.5,8.17,63.0,72.26
S01740,62.4,7.9,56.4,66.0,6.67,63.0,54.06
S03491,80.3,13.7,79.1,75.6,7.43,73.7,56.78
S03120,76.5,23.4,77.6,77.8,6.74,52.5,85.3
S08187,82.4,18.1,77.8,65.9,,68.3,60.01
S04517,64.7,15.2,63.0,84.4,7.76,67.1,70.73
S03074,85.3,27.0,83.7,77.7,7.13,81.5,83.67
S04414,87.2,8.5,62.2,70.1,9.2,63.8,80.12
S07860,62.8,10.8,81.6,76.2,,64.4,63.17
S08732,91.2,22.0,87.6,64.2,8.77,58.4,81.57
S02132,71.5,2.9,39.1,30.0,,26.0,23.97
S09257,70.3,26.7,86.4,66.0,7.65,54.8,82.57
S08066,69.5,6.8,49.5,38.2,5.61,60.2,49.55
S00103,63.6,10.2,57.0,62.3,7.52,55.8,55.31
S00068,84.9,20.7,83.7,81.1,6.78,85.5,89.41
S07595,75.0,19.8,62.4,60.1,7.14,85.5,58.98
S08520,68.5,7.7,72.0,61.6,7.67,48.8,72.04
S08441,60.7,3.1,67.2,,,57.3,59.57
S08018,78.6,18.8,70.5,67.6,7.15,67.8,75.93
S07780,60.6,7.6,60.8,56.8,7.45,64.1,51.67
S06504,57.2,7.4,50.8,45.6,6.27,63.5,47.17
S08909,59.1,9.0,70.6,51.1,5.46,29.9,47.36
S06622,57.1,4.2,52.0,33.9,5.27,31.6,40.92
S04746,76.6,17.6,79.7,76.4,8.03,70.1,74.08
S05433,76.4,18.2,74.9,65.6,5.85,48.5,65.48
S03072,80.2,26.4,69.3,71.3,5.78,66.6,73.05
S05131,92.4,24.1,70.8,76.6,7.6,59.9,81.64
S08090,60.7,7.7,45.9,48.2,6.86,43.0,52.8
S02758,48.1,5.1,41.4,51.9,,49.5,37.29
S05102,95.4,17.7,87.2,81.2,8.17,79.8,95.55
S09564,92.5,4.4,45.6,35.4,4.93,56.1,46.56
S07577,93.5,27.7,87.5,100.0,10.0,79.1,100.0
S05745,81.9,16.0,72.7,68.2,5.27,68.0,71.48
S01244,57.7,2.0,47.0,41.7,5.35,38.2,35.3
S01525,86.4,20.9,90.3,80.9,9.69,65.7,89.73
S08814,70.8,21.2,83.9,71.8,7.1,68.9,86.97
S03140,90.2,,64.0,69.4,,74.3,78.18
S04940,50.1,2.0,53.5,30.0,5.34,35.4,45.59
S01814,84.7,21.6,88.0,92.0,8.83,93.8,93.73
S02656,70.3,15.9,66.2,50.5,7.13,48.4,55.9
S08168,74.2,9.6,57.5,48.5,7.77,50.2,53.62
S09096,71.2,21.1,76.6,68.6,6.69,54.6,77.76
S01593,83.8,9.6,75.4,73.9,9.04,62.5,79.47
S08606,59.9,9.3,60.5,53.3,5.72,44.3,49.16
S07254,60.9,5.1,86.4,81.8,6.04,46.7,61.17
S05704,49.7,9.0,48.1,43.1,6.68,43.5,44.26
S00054,68.6,11.5,59.2,65.6,8.59,51.7,58.5
S06603,57.3,8.2,68.2,68.2,8.41,59.0,73.9
S00409,70.3,5.3,41.5,50.1,4.59,50.8,49.51
S02727,100.0,31.6,95.0,100.0,9.39,100.0,100.0
S03950,82.7,2.3,45.5,38.9,6.42,55.6,36.45
S06648,76.3,24.9,79.8,80.5,7.08,40.5,80.23
S02318,75.7,10.1,80.0,66.0,8.07,87.5,66.1
S01275,68.8,3.1,70.0,50.9,6.6,76.3,62.91
S08488,79.9,12.4,79.8,63.8,7.08,56.0,52.09
S09631,68.4,13.7,59.4,43.3,6.22,39.7,70.51
S00333,67.2,14.3,66.8,64.0,6.74,19.3,62.38
S00122,80.1,12.5,91.2,73.6,8.97,,84.1
S05775,75.6,14.3,70.0,85.3,7.88,73.4,86.39
S07963,80.0,15.4,88.2,74.4,7.73,67.0,83.54
S04376,67.4,13.9,74.9,64.7,7.69,38.3,65.67
S02192,86.7,20.3,73.2,77.9,8.61,61.7,70.75
S01687,79.6,10.8,61.3,48.9,,56.4,47.19
S05491,65.6,10.7,63.6,60.3,8.76,52.6,57.67
S01774,85.2,29.0,65.5,76.2,7.99,82.2,78.65
S04834,68.1,10.7,78.5,54.7,7.92,79.4,77.98
S08272,73.6,14.5,63.1,70.4,7.18,71.1,53.75
S02881,69.5,15.4,100.0,76.1,8.79,77.1,68.72
S08649,88.5,8.9,76.0,,7.74,72.0,71.39
S00703,69.5,2.0,47.0,46.5,4.52,32.4,32.13
S04981,60.4,13.1,53.0,57.3,6.19,50.1,44.49
S05342,75.6,23.4,89.2,75.7,9.67,63.9,100.0
S03411,62.8,6.7,51.7,42.5,5.72,40.5,43.36
S09290,65.3,7.2,51.6,69.2,7.78,56.7,61.37
S09011,73.8,14.7,71.5,64.2,8.63,67.7,82.72
S06539,86.6,31.5,82.1,72.6,7.61,63.9,84.61
S04012,89.2,19.7,71.7,69.8,7.97,56.3,93.37
S02756,85.0,14.5,83.6,65.9,8.73,55.2,97.08
S01783,59.8,14.7,55.1,45.9,6.39,49.9,42.78
S04229,85.4,7.7,55.5,53.6,6.13,47.3,57.22
S06835,70.8,2.0,40.9,34.4,4.77,,31.42
S05602,75.6,16.5,73.6,68.6,,37.8,65.21
S00986,65.7,13.8,50.6,63.8,6.68,60.1,54.35
S09252,57.4,17.3,62.5,56.2,6.19,43.1,38.92
S01859,83.5,19.7,88.8,72.5,7.48,68.6,83.5
S01059,58.8,2.0,41.6,30.0,5.21,60.8,33.47
S00992,88.6,28.4,93.0,74.8,8.45,64.1,97.89
S01875,67.5,11.2,84.4,72.8,8.15,57.8,95.1
S09545,51.3,8.2,62.2,45.7,5.98,63.4,52.28
S00729,93.1,16.7,85.7,84.2,4.03,63.6,74.39
S03799,91.9,20.8,90.2,77.3,8.41,79.2,100.0
S02611,72.3,17.1,79.2,71.1,8.5,69.5,65.63
S00811,81.0,25.3,59.9,57.7,8.68,63.9,73.5
S09671,80.0,19.0,73.0,72.1,6.1,60.9,78.48
S02004,65.7,14.4,67.4,74.3,7.84,63.3,71.19
S03469,81.0,21.0,67.0,74.4,8.74,85.4,90.4
S06825,80.2,18.3,68.7,63.2,7.45,46.7,67.1
S09051,74.3,8.5,72.0,66.6,8.18,69.0,62.14
S00121,100.0,27.8,71.9,74.0,9.05,51.6,96.86
S04641,95.6,12.0,88.3,84.7,9.35,75.4,89.57
S09731,76.5,10.7,70.7,56.5,6.06,37.9,61.65
S08536,76.5,12.0,75.3,71.5,8.88,58.6,78.59
S05351,83.1,16.1,62.5,55.4,8.2,68.3,73.17
S06769,87.2,30.3,86.5,93.2,9.37,63.0,100.0
S09488,55.1,5.5,49.3,51.3,6.23,28.7,47.74
S03324,83.4,24.2,82.9,68.9,6.24,68.9,72.02
S00043,40.0,8.2,38.4,34.4,5.94,34.0,30.08
S00995,71.4,16.9,72.7,65.7,7.37,63.7,83.48
S05258,75.8,17.3,74.0,66.7,7.62,50.8,80.29
S04056,82.0,14.3,75.3,63.6,6.91,54.2,68.58
S07799,79.7,25.3,69.3,75.5,7.8,,89.63
S07634,,15.1,74.2,41.2,6.35,64.1,57.47
S09154,68.1,15.0,51.5,59.7,6.62,63.0,73.25
S07576,88.4,29.6,100.0,65.9,9.69,90.6,95.76
S05266,90.6,26.1,86.2,60.2,,66.2,60.15
S07540,66.4,6.5,59.7,51.6,5.55,53.0,51.28
S00944,71.7,15.8,57.8,48.5,7.4,44.6,59.78
S05113,88.3,14.9,75.4,61.0,7.35,66.3,80.03
S01347,100.0,28.1,77.5,83.3,8.13,81.3,86.06
S06930,72.6,32.4,94.8,85.0,7.22,66.8,87.74
S07183,62.9,18.1,55.2,57.1,8.12,69.2,70.68
S05866,94.2,31.2,92.2,81.9,8.06,77.6,78.24
S07015,63.2,10.1,51.7,44.4,5.97,37.4,53.53
S02623,99.9,29.3,90.9,89.0,8.46,87.8,89.66
S04430,58.0,4.9,48.1,34.2,5.73,,44.31
S02185,86.5,25.9,,75.8,7.53,69.4,90.51
S00169,79.1,15.0,52.8,67.4,6.81,86.8,73.25
S01514,40.0,4.1,43.7,30.0,4.46,14.2,10.52
S07336,64.1,5.1,53.5,44.1,4.45,28.1,36.87
S09914,81.2,25.1,66.0,76.2,7.65,75.1,70.89
S05000,62.2,2.0,48.1,30.0,4.6,36.8,41.92
S06764,93.1,22.3,75.9,73.5,6.6,64.9,82.29
S00161,89.0,16.9,73.2,47.6,6.63,57.6,69.04
S07830,64.5,2.0,40.0,40.0,4.94,46.1,47.79
S08367,59.7,4.9,54.5,50.0,4.91,52.8,41.0
S02821,62.9,10.0,51.1,59.2,6.34,62.1,58.03
S00840,62.7,12.3,63.4,64.0,8.15,61.1,49.29
S05425,91.6,28.0,84.2,77.7,9.82,84.9,100.0
S01962,66.2,5.3,52.4,40.5,5.21,42.9,37.89
S08859,74.9,11.7,73.4,59.1,7.86,67.4,69.72
S05472,68.6,22.1,74.7,83.8,7.42,,75.44
S04264,66.8,6.0,61.7,45.2,5.92,54.1,45.97
S09544,79.6,13.9,92.3,70.2,8.94,66.5,84.35
S03857,47.3,,47.5,34.2,4.98,53.0,42.25
S06963,69.2,10.4,67.9,47.1,5.86,49.2,50.86
S06519,90.4,21.0,72.4,67.1,6.95,70.8,81.25
S09795,91.8,32.4,100.0,100.0,9.83,80.2,100.0
S00543,73.0,,79.5,73.2,7.4,73.2,84.07
S06511,68.1,10.9,65.7,53.9,6.25,47.9,64.49
S02394,67.0,2.4,52.2,39.2,5.22,57.7,41.39
S01603,83.5,17.3,72.4,75.8,6.34,56.9,73.35
S00233,66.2,21.0,60.8,54.9,6.64,75.0,65.84
S06492,89.0,19.1,85.0,89.8,10.0,68.4,100.0
S01972,94.2,26.4,72.5,78.9,8.77,68.9,86.38
S08171,99.2,20.4,58.9,39.2,6.26,68.3,66.24
S00015,73.0,13.7,84.1,63.1,8.1,64.7,84.77
S00671,88.7,40.0,86.7,,10.0,83.3,94.72
S06681,68.2,12.0,78.7,64.4,7.57,84.2,74.04
S07124,75.7,17.0,73.8,54.4,7.39,63.1,76.74
S08067,71.4,2.0,48.4,42.7,4.46,36.5,37.35
S06911,100.0,27.9,100.0,100.0,9.36,93.4,100.0
S05847,62.6,6.4,53.8,52.7,5.55,52.0,46.98
S06271,77.7,19.6,66.5,80.3,8.07,52.6,90.52
S05133,55.9,11.6,45.8,43.5,5.64,48.7,53.12
S09018,87.1,20.2,85.2,76.0,6.7,62.4,58.99
S05517,,7.9,72.2,69.0,6.91,63.9,70.13
S01810,80.0,22.7,67.1,52.2,7.29,42.8,58.6
S03359,70.8,,81.5,79.9,7.84,,79.6
S00535,87.3,,77.3,79.9,5.91,54.1,67.3
S00319,81.5,29.7,100.0,73.3,9.54,68.6,94.82
S01823,60.8,2.0,81.7,54.8,7.2,61.0,55.77
S09735,84.1,19.2,69.2,59.8,7.04,78.2,78.28
S03364,74.8,14.1,78.9,66.5,8.04,65.2,62.76
S06702,100.0,29.2,98.1,89.2,10.0,89.1,93.45
S01235,82.5,15.6,69.1,64.5,7.93,38.6,66.97
S07513,55.5,6.0,65.9,46.8,6.08,46.1,36.22
S08906,100.0,35.3,97.4,86.9,9.55,85.4,77.84
S02550,86.8,22.3,66.7,65.0,8.21,66.5,74.93
S02217,60.0,5.3,46.4,42.9,4.33,63.4,31.26
S03052,89.3,18.1,84.6,82.0,7.23,44.0,88.31
S03100,81.4,29.0,96.1,78.4,8.26,67.5,95.11
S06195,75.0,6.7,62.4,57.6,6.91,44.7,65.25
S06123,78.3,28.4,80.5,79.1,7.98,74.0,86.34
S03468,76.2,24.4,69.7,78.5,9.56,74.0,90.94
S02636,69.0,8.7,56.8,55.3,,,43.04
S02731,73.7,10.2,58.7,39.9,6.67,53.4,63.77
S04935,75.2,20.4,77.7,75.9,6.96,71.0,78.36
S06154,76.46,8.9,94.4,62.7,8.4,74.6,66.89
S01902,87.7,17.1,71.7,52.4,6.35,77.6,54.33
S04023,57.0,2.5,86.9,49.9,9.44,74.5,66.12
S03804,63.1,10.6,60.7,44.8,5.32,43.3,51.13
S02959,62.1,3.0,65.7,59.7,5.97,55.8,49.13
S05218,70.7,7.4,,47.3,5.7,53.3,46.32
S07865,64.4,9.9,66.3,47.4,7.89,44.6,66.01
S08912,96.5,23.8,87.0,94.5,8.6,100.0,100.0
S05235,55.7,8.4,54.5,42.3,4.9,63.4,45.83
S03895,70.9,21.3,73.0,58.8,7.81,53.9,77.89
S09646,82.6,,64.4,62.7,6.84,76.2,59.51
S02722,70.0,9.3,70.0,54.2,6.74,71.2,54.24
S05716,77.7,14.4,68.5,64.2,6.17,47.4,73.38
S02868,81.1,22.4,70.4,79.6,8.39,83.5,89.88
S06846,80.4,22.2,76.2,51.2,,,75.16
S07023,77.7,19.7,81.3,74.3,5.93,50.7,65.26
S08075,,10.7,53.8,53.8,7.01,48.0,69.95
S04546,99.1,33.6,100.0,95.9,,84.5,100.0
S04282,86.6,25.2,72.7,72.5,7.9,56.0,82.27
S09960,64.1,13.1,67.2,58.6,5.42,56.7,63.8
S08893,59.5,16.9,56.3,60.6,5.01,45.6,43.01
S02411,92.7,29.0,83.4,76.7,8.46,54.1,99.5
S03020,80.2,20.5,76.7,79.2,5.75,49.9,74.44
S03426,40.8,2.0,36.3,30.0,4.17,30.4,15.6
S00647,47.8,2.0,36.7,30.0,4.09,31.6,10.12
S06552,67.3,5.9,86.6,88.2,7.36,63.7,82.98
S00688,48.5,4.7,81.8,86.8,4.71,57.0,63.33
S09294,80.5,27.6,84.3,100.0,10.0,69.4,100.0
S08697,84.7,9.1,76.8,88.6,4.15,48.9,77.38
S01831,56.1,6.6,,43.8,6.3,31.6,35.9
S00136,56.0,16.9,62.2,65.6,4.78,53.5,45.55
S07713,68.1,17.6,62.1,58.2,6.76,56.7,72.66
S06184,74.7,13.7,72.4,67.1,8.42,53.9,84.15
S01378,100.0,33.1,97.0,78.2,8.04,75.3,84.15
S04719,41.2,,41.3,30.0,4.0,27.0,33.78
S07199,54.3,6.2,59.5,48.6,5.99,54.4,51.98
S05017,79.9,11.2,70.2,60.2,6.31,41.9,63.71
S02190,98.2,26.4,92.9,90.6,8.44,61.7,93.54
S01596,84.1,19.4,78.3,74.2,6.73,73.1,93.53
S02561,80.2,15.6,75.3,62.8,6.73,57.7,64.93
S09437,71.6,12.2,57.1,62.8,6.0,41.1,55.43
S01392,62.0,12.0,54.9,36.2,4.64,41.8,31.7
S07003,93.7,24.7,87.0,72.8,7.92,93.0,85.74
S08970,62.6,11.9,63.3,56.7,7.24,56.8,44.55
S03504,58.0,2.9,68.0,32.4,5.02,58.7,29.37
S02901,51.1,5.0,50.5,42.0,4.55,35.6,32.49
S07590,90.7,31.5,71.5,65.7,7.63,58.5,81.46
S01960,76.5,17.8,80.4,74.1,6.23,54.5,80.72
S00382,84.0,15.3,79.5,71.3,7.18,46.6,72.2
S04766,83.3,2.0,,81.0,4.81,17.8,49.05
S07510,90.0,35.9,65.3,92.3,7.95,68.6,94.21
S04109,82.8,,84.7,68.4,7.0,57.1,87.27
S07927,69.6,9.7,78.2,62.9,7.08,49.4,73.29
S02250,83.39,15.8,79.3,75.8,6.2,39.9,82.21
S09356,76.3,23.0,76.5,62.6,7.95,,77.26
S07886,59.8,15.2,48.5,48.7,5.61,43.4,51.3
S05942,75.0,13.0,76.1,80.8,6.8,46.4,76.73
S00222,63.1,19.1,59.9,74.2,7.13,60.0,65.72
S01826,91.1,32.1,91.3,94.6,9.72,,84.38
S02076,88.3,17.2,78.6,78.1,8.49,91.2,77.14
S03283,82.1,20.4,,80.4,8.95,69.1,84.89
S03321,76.0,19.5,82.1,72.3,6.17,53.5,84.29
S08117,64.6,22.2,67.9,58.1,6.34,61.6,59.73
S05202,71.3,2.0,42.1,40.8,4.59,38.8,27.21
S06871,70.8,17.7,80.1,55.7,7.35,52.2,48.57
S07448,83.7,25.7,80.2,83.6,7.63,60.6,70.32
S03019,74.2,6.5,67.5,54.5,7.11,77.0,56.72
S05486,86.0,7.9,69.9,72.0,6.93,69.5,87.79
S07968,88.8,21.8,,78.0,9.47,71.8,100.0
S06488,85.2,25.3,93.2,77.4,6.95,81.1,65.68
S06516,49.3,22.1,54.2,43.7,5.95,44.7,54.19
S07952,78.1,20.8,74.0,73.2,8.16,64.8,90.11
S05110,83.8,18.9,76.9,71.9,,38.4,69.92
S02334,97.3,25.7,67.0,75.3,7.66,59.9,75.32
S05242,76.3,9.2,40.0,30.0,6.86,53.7,42.7
S06891,85.0,18.7,76.3,81.1,6.27,61.8,84.0
S04428,88.8,35.3,74.8,70.6,8.73,69.7,100.0
S04064,70.2,10.8,65.5,62.7,7.93,54.7,56.79
S05241,85.1,19.8,85.3,84.8,8.29,66.6,82.05
S00756,73.2,5.0,64.0,73.0,5.49,64.5,64.16
S06169,77.2,14.9,65.8,55.4,8.15,51.9,77.01
S03994,66.6,16.8,66.9,65.6,6.5,59.5,61.72
S03887,63.1,9.7,67.9,70.8,8.3,,72.41
S05923,69.4,5.7,50.2,59.3,7.55,51.0,52.84
S08985,76.7,,80.1,70.2,,69.4,75.48
S03675,83.1,21.7,79.0,77.3,6.37,,80.77
S08932,66.6,10.8,62.0,60.1,7.23,72.3,66.31
S06198,85.1,19.2,73.5,68.1,5.79,54.3,63.46
S03561,66.0,17.9,87.6,94.8,10.0,69.4,91.95
S08049,66.2,11.1,32.8,39.7,5.47,67.7,31.06
S03413,66.8,,53.2,46.1,5.38,64.4,46.94
S07460,94.3,7.7,75.3,80.8,4.5,43.0,62.12
S06423,72.2,8.8,78.3,69.0,8.69,88.1,76.51
S09994,56.7,10.3,55.7,32.5,4.0,40.3,39.52
S07702,80.4,16.2,83.2,78.8,7.95,61.5,75.03
S08210,92.7,23.9,84.6,73.6,7.81,72.2,76.79
S08106,72.7,10.3,56.6,59.9,7.26,35.0,63.62
S09702,,22.1,87.0,82.7,6.84,,100.0
S09069,55.8,6.3,58.0,32.2,5.04,57.0,31.33
S02113,96.1,21.1,90.0,100.0,8.85,46.4,88.67
S05604,97.0,17.9,80.0,72.0,,71.7,70.11
S05664,77.5,16.9,66.9,72.7,7.04,58.5,75.02
S07580,58.3,18.7,55.7,,,48.5,47.5
S04795,56.2,14.2,41.1,62.5,6.04,49.5,56.12
S03377,88.2,31.9,100.0,92.7,9.3,76.9,100.0
S02682,74.7,26.3,76.7,74.5,6.08,,92.35
S04859,79.9,15.8,80.4,68.1,8.4,45.0,69.88
S06669,76.9,,58.2,61.8,8.04,66.1,65.47
S03168,78.9,24.8,68.0,60.2,6.81,51.4,55.9
S00396,68.0,13.4,64.9,49.7,6.01,51.1,58.96
S07506,86.5,22.1,84.4,84.2,6.67,65.1,89.72
S00142,100.0,36.9,86.6,91.1,9.34,62.4,87.1
S04510,54.0,20.2,63.8,55.9,,59.4,66.83
S02559,59.9,10.8,61.8,58.8,7.03,68.7,54.62
S06114,85.1,15.7,82.8,87.5,9.03,65.5,87.99
S05888,74.1,14.3,79.8,64.1,8.57,59.0,78.76
S09913,81.2,18.1,71.2,74.0,6.41,65.7,61.27
S01807,100.0,27.8,66.5,93.9,8.81,77.2,97.55
S00243,66.3,14.4,84.4,,8.46,87.9,64.36
S06926,72.4,30.2,72.7,,8.62,72.1,62.36
S04658,89.9,28.0,88.2,94.6,8.04,61.4,89.18
S00880,61.0,7.1,45.8,,6.59,38.2,62.91
S04571,93.8,20.8,79.0,37.4,5.53,61.2,58.92
S00331,87.3,14.7,74.4,74.0,9.01,,77.8
S06256,59.5,27.2,60.7,50.4,7.22,48.4,60.37
S03119,54.5,5.7,43.6,46.3,6.13,49.9,46.34
S08229,72.8,,86.8,67.5,7.87,80.9,72.97
S08969,76.2,15.1,83.7,74.1,8.55,64.5,89.81
S01892,75.2,23.3,82.7,84.1,7.41,58.5,82.88
S07358,92.4,19.7,72.7,89.1,9.22,60.2,80.07
S06095,62.8,18.4,54.7,67.18,6.17,30.8,55.75
S06945,85.3,7.0,52.9,62.0,7.06,58.2,55.12
S09511,73.7,18.8,70.3,66.7,7.65,70.2,69.81
S00527,57.3,11.5,61.8,51.3,6.82,50.0,47.43
S01355,84.5,17.2,43.0,58.4,7.11,66.6,61.86
S02072,64.1,17.4,67.1,70.1,6.83,22.1,56.88
S05806,70.1,30.6,83.0,76.4,8.57,75.3,85.23
S02265,100.0,26.7,79.8,81.3,7.77,90.5,77.97
S01677,61.8,7.2,47.1,30.0,5.08,26.9,35.18
S02507,79.8,15.5,66.3,68.8,6.28,48.6,69.58
S01118,90.5,16.6,63.8,71.2,7.13,68.5,69.52
S04917,95.2,30.6,88.6,79.4,,79.4,89.5
S08798,89.6,14.1,69.4,53.6,6.38,53.6,66.01
S08227,78.5,,57.9,58.7,5.46,33.8,51.2
S01920,59.3,9.4,48.0,53.2,6.21,40.1,49.7
S00977,71.2,11.3,50.4,86.6,6.81,67.1,58.09
S00980,53.1,10.7,49.8,42.7,6.96,43.6,48.33
S06292,87.3,19.7,77.1,81.6,8.44,53.9,82.54
S00816,72.0,17.3,82.6,67.8,,65.2,82.03
S08280,74.1,13.7,67.4,53.4,6.22,44.5,56.18
S07505,85.8,28.3,72.8,66.2,7.57,80.1,62.53
S05569,62.0,10.1,62.8,59.7,6.11,58.7,55.86
S04001,81.4,15.2,69.8,72.5,6.9,61.8,70.97
S04675,59.3,,74.5,71.5,7.21,66.9,64.19
S02902,70.0,,,53.7,7.76,66.6,56.45
S03522,84.6,23.3,76.5,85.5,6.98,59.4,83.43
S04057,73.2,22.1,68.6,54.4,6.04,55.3,65.08
S02487,54.1,11.6,55.9,58.0,6.74,41.5,49.08
S01707,82.7,20.1,76.4,76.6,6.22,64.9,67.18
S01936,79.9,22.4,71.1,70.7,7.62,70.2,72.82
S03304,84.6,6.1,56.6,76.1,8.52,63.9,68.84
S03014,83.0,19.4,,79.0,7.29,65.4,74.85
S04311,58.9,13.3,50.6,44.1,5.26,27.3,39.42
S02224,95.0,29.6,79.1,92.6,9.35,84.2,99.99
S00719,100.0,31.0,95.5,87.6,10.0,59.4,100.0
S06293,68.5,14.0,53.2,58.1,5.84,41.5,51.45
S08404,63.5,2.2,63.4,50.5,5.12,33.9,35.68
S07470,72.9,7.6,55.6,63.4,6.63,78.2,69.5
S04498,82.1,14.0,,69.7,5.56,48.9,64.1
S09867,95.1,17.4,85.0,85.2,9.09,62.5,79.06
S00179,62.8,13.7,52.8,30.6,5.88,48.5,51.44
S03616,84.4,20.7,84.4,89.3,8.69,77.6,94.84
S06663,84.1,15.0,77.8,82.0,7.6,82.4,78.53
S08241,71.0,21.4,68.0,56.4,8.03,48.4,68.97
S04594,71.8,,66.6,64.8,7.45,61.4,69.15
S00082,62.2,14.3,67.6,50.9,5.82,57.4,65.62
S02702,73.3,2.0,61.3,40.9,5.09,48.9,37.26
S08978,80.0,4.5,56.1,51.2,6.19,63.0,52.43
S07958,75.1,17.1,55.7,65.7,7.13,56.4,65.07
S01094,84.1,7.5,83.6,68.9,7.32,79.7,74.91
S00527,57.3,11.5,61.8,51.3,6.82,50.0,47.43
S00957,76.2,9.2,68.4,66.6,8.41,64.9,78.04
S06019,70.6,6.0,71.7,48.9,5.52,57.4,55.73
S06582,83.6,21.3,65.3,67.2,8.16,69.7,75.71
S02749,56.9,6.4,40.4,30.0,4.2,35.6,29.95
S03597,,21.1,88.2,85.6,8.07,72.0,95.21
S05059,86.2,20.9,81.3,82.7,8.87,73.7,59.68
S03989,83.2,19.9,80.6,75.0,5.7,68.2,61.26
S07252,88.4,19.4,79.0,72.4,6.66,53.9,64.11
S06458,82.0,15.2,70.8,69.7,7.8,49.9,83.75
S04753,91.7,16.3,79.5,81.7,9.03,57.4,87.05
S00566,71.5,15.2,93.1,66.8,8.26,73.3,71.17
S06268,80.3,13.9,90.6,71.1,7.8,52.2,65.8
S02695,66.8,26.6,65.9,81.5,7.16,55.7,57.66
S05479,66.0,14.3,60.0,55.5,6.97,29.6,60.8
S00700,74.0,28.2,83.0,89.4,8.81,84.7,85.12
S02797,67.3,10.8,55.8,39.4,5.5,42.9,44.68
S07578,59.3,13.9,62.6,71.0,7.18,69.9,69.94
S05695,55.9,21.7,67.0,54.5,5.92,49.4,64.75
S05540,47.8,2.0,44.5,38.7,4.77,24.4,20.87
S07489,69.6,19.7,89.3,77.4,7.36,60.9,83.71
S01488,81.5,19.2,79.1,69.9,5.52,45.0,59.74
S08213,85.0,20.5,84.0,82.3,5.75,67.5,78.18
S09816,62.1,10.8,68.2,58.2,6.0,66.9,68.53
S06628,73.5,20.8,84.4,76.6,9.59,69.3,84.55
S06971,73.3,12.3,57.1,43.7,5.5,47.1,38.36
S05520,82.8,13.9,57.1,63.9,8.74,65.7,77.18
S01147,90.1,19.6,61.1,61.7,7.81,57.7,58.63
S06577,57.2,13.4,65.0,35.5,6.09,51.0,60.34
S02792,71.4,8.8,81.3,61.4,8.42,46.4,71.3
S02342,62.2,7.3,62.7,46.1,6.15,,64.54
S03826,68.6,9.3,51.4,43.7,5.46,42.5,46.39
S05547,67.4,10.0,73.7,70.0,8.63,60.6,85.55
S01216,67.5,13.5,46.6,48.5,4.49,63.5,53.58
S01903,73.1,13.3,74.5,54.5,7.6,58.1,79.11
S00109,72.6,17.5,72.0,65.2,5.97,33.7,57.01
S06241,74.9,17.5,79.2,72.5,8.79,67.5,76.16
S01852,69.4,,61.2,60.2,7.91,59.7,73.13
S02813,60.5,6.6,55.6,33.9,,51.9,52.39
S07040,77.7,23.3,74.8,66.2,7.35,60.1,80.91
S01157,71.4,4.7,50.0,41.0,5.66,51.1,38.48
S08319,64.1,17.3,70.0,49.8,6.91,56.4,59.11
S08847,68.5,2.0,46.7,41.9,5.71,65.1,54.09
S04686,72.2,15.1,81.9,83.4,8.63,73.9,90.09
S02787,77.7,22.2,67.3,,6.9,70.2,75.95
S06322,91.2,32.1,90.0,,8.52,54.8,99.58
S02552,100.0,28.0,75.2,88.3,8.25,72.4,86.03
S00216,73.5,18.4,82.5,66.0,9.25,82.8,86.24
S07151,77.5,8.7,64.5,58.3,7.21,60.9,62.7
S06120,,13.8,94.0,69.9,8.65,59.0,81.51
S03123,64.4,15.8,67.5,44.3,5.63,50.8,59.17
S03190,82.5,9.0,73.6,64.1,7.48,46.1,77.46
S03034,75.4,9.1,59.9,59.3,7.5,47.8,51.15
S06402,80.3,24.4,72.0,73.6,5.61,67.1,66.65
S06988,87.1,20.2,83.6,74.1,8.53,73.7,84.4
S03151,69.3,,54.9,39.2,5.81,41.0,55.7
S05324,74.0,15.1,68.1,54.0,5.76,46.8,62.88
S06106,70.8,11.4,81.1,73.3,8.35,69.2,71.82
S06283,72.3,17.6,61.1,82.6,7.76,68.1,69.61
S02802,59.1,5.7,67.7,61.6,6.63,58.2,69.15
S02446,74.8,26.6,83.3,76.1,8.14,64.0,74.62
S04903,73.9,5.1,66.1,58.1,6.87,59.3,68.71
S05972,75.9,16.2,,61.9,6.16,47.3,62.76
S00512,56.7,14.5,52.7,56.1,6.29,26.7,50.35
S03611,56.7,8.1,44.7,36.7,5.73,29.5,40.37
S05717,46.5,1.97,36.6,36.6,5.14,45.2,42.82
S03552,50.1,2.0,47.4,30.0,4.35,36.7,33.0
S05839,69.1,16.7,64.6,55.6,7.02,56.0,60.53
S01945,70.7,11.9,44.1,43.9,5.27,25.6,47.57
S06689,63.3,2.0,46.4,43.6,5.06,38.2,36.74
S01872,51.2,2.5,,57.8,5.34,56.4,56.91
S04148,54.4,5.6,90.4,83.8,5.71,58.7,75.07
S04241,85.5,19.5,79.8,86.1,6.29,67.0,73.14
S01371,88.9,5.2,59.9,54.7,7.04,48.4,44.92
S05291,60.5,6.0,43.2,38.1,4.31,37.1,22.67
S06097,83.5,21.9,84.9,69.7,7.12,68.0,96.09
S02728,72.9,12.5,67.5,68.0,8.9,70.1,86.64
S00516,90.1,17.5,91.1,70.6,7.13,67.5,83.6
S03106,87.5,18.2,59.6,79.4,6.79,33.8,72.77
S07443,82.1,14.0,59.6,46.6,4.49,50.5,48.86
S08476,78.0,13.9,62.0,55.7,6.34,46.7,54.83
S06135,75.3,22.3,64.7,67.4,7.32,,66.56
S07694,64.1,4.9,50.1,44.2,6.12,48.7,55.01
S09510,78.9,18.3,81.5,63.9,7.19,57.5,73.92
S05766,94.9,31.9,100.0,98.3,9.62,100.0,100.0
S08261,73.5,14.7,57.0,56.9,6.84,,78.04
S07219,60.9,8.9,55.5,49.5,5.79,69.0,50.43
S09661,90.2,25.3,87.7,79.4,4.19,66.2,65.62
S07292,79.3,12.2,77.1,65.3,7.89,64.5,71.62
S00777,79.9,21.5,86.2,76.6,6.13,64.7,81.03
S07453,63.7,,63.2,66.7,7.16,56.9,60.47
S01279,78.6,18.8,86.0,75.7,,75.7,82.05
S08335,67.0,9.1,67.7,62.4,5.81,,57.28
S00798,77.8,22.0,79.7,73.4,6.51,52.9,76.67
S04036,62.6,14.7,51.9,52.9,7.77,32.4,50.89
S02629,75.5,14.0,76.2,69.8,,58.0,57.99
S05568,82.2,21.9,88.4,78.4,7.11,74.6,71.92
S07216,,11.1,74.1,,8.73,51.4,65.15
S09835,65.5,8.4,68.3,59.1,7.8,34.9,60.77
S03129,69.7,13.3,63.8,58.4,7.69,38.3,63.15
S07609,81.3,27.5,69.4,68.6,8.43,58.2,95.17
S06831,75.6,19.0,84.9,,7.41,81.0,86.96
S09787,57.2,13.6,57.5,60.5,6.35,49.1,60.87
S08596,77.7,11.8,56.4,57.9,8.39,67.4,72.03
S01968,90.9,25.4,100.0,100.0,9.41,83.4,100.0
S03957,90.1,25.9,83.5,85.2,5.06,75.2,70.99
S07364,71.1,3.0,85.5,91.3,6.79,59.7,73.12
S05693,60.7,11.9,,69.2,7.25,68.2,67.2
S03050,75.0,14.0,62.5,50.9,6.1,54.0,61.54
S04409,85.1,20.1,,76.4,8.9,,91.5
S02666,66.9,9.9,60.0,51.3,6.58,42.9,56.11
S07699,87.2,28.9,100.0,100.0,9.7,100.0,95.23
S05831,,13.1,74.1,65.4,8.15,,77.42
S08951,93.7,27.5,89.0,82.3,8.36,88.2,83.13
S09972,72.1,14.2,65.0,59.9,6.59,75.3,75.96
S00184,77.4,19.9,89.8,66.9,6.68,63.6,88.45
S04167,56.2,2.0,33.6,30.0,5.44,43.0,29.04
S08901,83.0,16.3,73.8,70.0,7.76,72.7,64.66
S05764,70.9,11.7,84.5,67.2,,88.2,86.47
S05884,74.5,20.1,87.6,,8.72,72.2,90.33
S08871,57.1,14.0,53.5,55.9,7.31,47.1,59.59
S02041,68.4,6.3,,38.0,5.69,43.5,45.31
S06490,79.8,22.8,72.5,68.1,7.5,78.9,79.86
S07022,57.3,13.9,61.9,56.6,5.24,49.1,53.84
S07627,47.9,6.9,,42.0,4.63,45.3,24.89
S06743,73.7,21.4,70.1,78.5,7.64,67.7,75.18
S01093,69.0,16.9,98.5,87.7,8.36,,72.39
S00921,,,81.0,80.1,6.57,62.8,92.24
S09799,72.2,15.6,61.2,58.6,5.45,66.3,56.16
S07353,68.6,9.5,66.5,48.9,6.27,54.7,70.71
S04615,70.7,21.8,82.7,70.4,6.79,63.3,66.86
S08940,94.5,14.6,87.2,83.4,7.24,65.0,79.8
S04086,57.5,15.4,47.6,30.6,5.33,47.3,34.46
S09895,71.7,13.7,89.6,70.8,8.76,56.9,84.29
S04120,,8.3,66.5,78.7,6.82,78.2,72.64
S00785,84.9,33.1,,72.3,9.1,92.1,92.0
S06214,,,73.6,82.6,7.8,46.4,75.06
S09221,90.0,24.1,78.5,72.3,6.89,62.5,78.51
S05296,80.5,24.0,86.2,78.4,5.9,80.3,82.79
S09027,69.9,12.3,80.2,63.8,9.05,58.2,78.03
S09710,55.1,4.4,69.7,42.1,8.75,60.4,70.25
S07474,72.5,12.6,96.4,64.9,8.35,77.6,70.16
S00138,71.3,21.6,70.0,59.7,,47.6,59.79
S04356,66.0,2.0,52.5,30.2,5.32,43.5,28.34
S00946,73.6,9.5,57.3,54.7,6.47,39.6,53.5
S06593,81.8,17.5,100.0,78.6,8.27,70.2,88.68
S05678,81.4,21.3,78.9,81.6,6.37,57.8,75.07
S01068,84.0,27.6,92.1,72.6,,71.8,89.99
S02062,85.6,33.4,83.7,75.9,7.64,64.6,79.82
S02040,76.8,26.7,87.4,83.1,10.0,61.1,94.5
S03719,68.7,15.6,,57.5,6.35,49.5,51.59
S09555,53.3,13.1,42.6,36.4,5.34,54.1,31.31
S09055,57.8,,53.9,60.3,6.72,63.1,53.76
S04451,57.4,17.2,82.2,61.2,6.84,39.7,75.45
S00246,75.2,12.7,58.7,43.6,,71.8,53.13
S03698,81.9,12.4,68.6,67.8,8.43,61.6,71.57
S04849,78.6,19.8,76.9,67.7,8.66,74.2,88.25
S01949,68.8,7.9,75.7,59.3,7.78,56.5,56.02
S00221,85.9,19.6,70.6,70.6,8.23,33.9,78.81
S08240,74.3,13.7,75.5,61.1,7.18,52.2,77.13
S03158,69.7,,74.7,64.6,8.32,61.9,70.28
S09038,79.5,14.1,71.9,71.5,5.74,60.1,63.01
S08926,78.6,22.6,,73.3,7.46,55.9,87.06
S07100,58.7,10.7,50.8,45.6,6.72,36.0,45.08
S00541,69.2,16.3,63.8,,7.0,63.9,72.19
S02119,62.7,9.4,37.2,44.8,5.77,39.5,46.26
S03235,57.6,15.1,63.7,50.9,5.99,88.1,63.36
S04439,,18.6,77.2,71.0,7.39,82.5,82.21
S05137,78.0,13.6,68.49,46.4,7.86,38.1,54.16
S09888,63.3,4.7,61.1,52.7,5.66,46.7,59.07
S06839,80.2,14.2,73.6,74.1,7.24,77.7,71.83
S03999,73.8,2.0,47.2,38.0,4.84,54.6,36.21
S03071,65.7,8.0,73.6,58.5,8.53,55.5,70.65
S01067,67.3,8.4,54.5,49.2,7.7,65.4,49.87
S09547,87.4,22.8,78.3,82.0,5.65,48.9,70.56
S02403,95.1,15.8,62.5,73.2,7.59,57.9,69.3
S05711,68.2,15.4,59.5,68.4,7.8,46.7,58.85
S02147,81.7,3.7,61.8,55.7,6.91,44.5,60.64
S04234,77.9,13.0,69.4,53.6,6.75,47.7,69.61
S03222,75.8,21.7,81.7,82.1,7.58,58.3,77.63
S02340,100.0,24.7,91.2,99.9,9.38,55.4,93.08
S04049,,18.5,55.1,62.2,6.27,58.6,59.97
S00807,72.1,23.7,74.2,63.0,7.62,64.3,79.71
S08882,84.4,24.8,63.0,50.4,,61.2,69.56
S00657,52.9,13.0,60.5,70.7,7.21,48.2,39.86
S06606,78.3,10.3,68.6,69.0,6.44,70.2,74.53
S02101,80.4,23.3,73.2,72.0,7.93,69.6,80.58
S03936,79.1,17.2,54.4,66.0,7.07,,74.6
S00450,95.9,19.3,81.2,77.4,8.37,71.1,71.74
S08341,72.2,14.2,85.0,74.3,6.48,60.8,71.03
S08105,97.3,8.0,55.4,46.9,5.89,73.8,51.64
S05418,100.0,29.9,100.0,72.9,8.57,89.7,100.0
S03620,84.7,33.9,90.9,85.2,8.31,65.1,96.26
S06626,98.8,18.8,87.4,90.7,9.28,69.8,100.0
S04660,85.2,16.7,87.7,76.9,6.04,69.5,71.1
S06882,74.5,14.5,73.4,70.4,8.96,61.4,83.07
S08984,85.0,14.6,75.5,69.0,6.36,50.1,69.88
S07197,62.6,8.4,54.5,30.0,5.75,22.1,33.11
S06066,82.7,19.1,81.1,88.9,6.84,64.2,77.31
S04936,,20.7,95.6,95.8,9.6,82.2,100.0
S04876,,21.5,74.3,83.8,7.54,80.4,80.22
S09925,97.2,32.7,84.4,93.9,8.14,62.5,99.41
S00016,77.4,14.0,64.9,68.6,7.26,50.5,81.13
S02765,69.4,15.1,43.8,48.4,6.11,62.0,55.48
S04487,82.6,22.6,77.4,,,65.2,82.36
S01342,65.1,14.7,48.8,48.6,5.82,36.6,47.91
S05781,90.9,12.8,48.8,58.6,7.89,56.9,63.53
S05887,60.9,9.5,54.5,48.9,5.73,57.7,29.17
S08184,68.7,12.4,56.2,65.3,8.41,61.4,71.45
S09255,88.5,22.6,60.3,62.0,8.55,72.1,89.22
S06685,62.1,13.1,68.3,64.4,7.61,65.1,79.45
S01895,81.9,22.5,78.2,69.2,7.87,78.3,85.84
S01725,,24.2,76.7,78.7,9.52,52.9,100.0
S06159,73.4,11.0,73.9,45.9,7.22,59.7,68.47
S04845,88.0,19.8,80.6,73.5,7.71,39.6,80.26
S07629,44.2,7.2,54.6,37.5,4.73,39.5,36.29
S06802,98.6,26.6,91.4,84.5,10.0,83.8,98.68
S00027,66.4,15.4,85.5,68.3,8.97,89.2,84.96
S04700,76.2,22.8,84.5,74.9,9.07,67.1,84.28
S06999,78.0,8.4,68.1,65.5,7.13,63.5,72.69
S03586,93.5,21.9,77.9,66.4,7.97,41.8,77.23
S03472,78.5,24.1,70.2,71.6,7.24,58.0,74.82
S04971,70.0,2.4,67.5,69.4,8.3,76.9,57.29
S05007,83.2,19.5,80.1,74.6,6.26,69.4,87.67
S07082,82.5,24.1,77.2,80.9,6.25,47.7,68.16
S02375,91.5,32.1,63.5,82.9,9.31,78.9,100.0
S00821,78.4,8.2,67.1,61.4,6.67,55.7,70.12
S08503,72.2,18.0,90.4,79.7,7.6,43.2,72.7
S01554,82.9,4.0,49.4,38.7,6.62,33.8,38.88
S02932,78.1,23.2,75.7,77.4,8.58,61.2,67.53
S00549,96.7,24.7,73.3,,8.45,77.5,97.53
S04170,65.0,8.9,57.1,43.4,5.55,33.9,46.85
S08394,88.6,18.1,60.9,81.1,7.61,58.5,76.27
S04891,70.9,17.6,78.0,68.0,6.66,64.9,61.54
S00818,100.0,20.3,93.3,,10.0,81.9,100.0
S05701,64.0,12.1,73.1,52.7,8.09,54.4,81.55
S05680,75.4,10.7,50.9,41.0,4.75,54.3,42.42
S08435,,22.1,77.1,76.7,5.45,50.5,77.36
S00335,,23.0,79.0,86.5,7.63,47.7,87.4
S06625,84.0,8.5,72.3,59.6,6.93,64.6,61.25
S08080,79.2,15.9,63.9,76.0,7.99,79.7,86.13
S05855,55.6,2.0,56.9,33.5,4.37,23.6,43.4
S08458,82.2,14.1,82.0,66.8,7.65,57.5,91.29
S09608,68.8,8.7,52.0,56.3,6.11,39.2,65.19
S04784,78.7,23.5,83.8,72.8,6.66,52.4,81.6
S08364,66.8,10.6,57.2,48.5,6.83,43.6,52.0
S01304,88.1,23.0,83.7,87.6,6.47,71.1,96.75
S09654,78.2,19.8,73.2,65.8,7.22,68.4,77.81
S01611,56.7,13.4,53.7,44.6,5.85,53.8,48.75
S08231,72.0,29.8,71.2,55.8,7.98,52.7,87.12
S07249,55.7,2.0,,34.7,4.97,37.5,37.67
S08220,75.2,11.5,60.3,67.0,8.39,73.0,78.45
S08987,,14.4,64.3,39.2,6.23,53.9,36.73
S02768,63.0,2.0,31.5,30.0,4.0,42.4,14.73
S03703,79.2,26.4,80.2,63.9,7.39,63.2,90.99
S09092,89.9,25.1,83.5,80.0,5.72,67.4,76.78
S00484,69.7,,49.7,49.3,4.82,30.6,49.62
S04503,89.5,29.9,77.1,78.2,8.27,81.6,93.34
S05248,81.6,37.1,62.1,61.8,6.99,70.7,63.12
S08134,60.6,12.0,58.8,,6.5,42.1,54.6
S07916,100.0,24.2,86.4,88.8,,69.6,89.68
S04843,82.7,11.4,65.8,64.5,6.39,,63.46
S09513,75.9,15.1,,76.6,5.62,59.4,58.82
S04438,91.9,35.6,100.0,76.3,8.95,83.6,100.0
S08753,61.9,24.9,86.2,74.2,8.55,71.8,90.64
S02586,85.7,26.7,85.9,72.9,7.4,67.8,75.19
S08602,76.3,20.9,65.9,71.0,8.0,,75.95
S06286,83.0,14.0,45.3,64.0,5.33,46.9,46.4
S09342,79.9,24.3,65.5,69.9,7.95,72.2,76.78
S00965,71.9,13.6,69.8,63.8,6.84,55.2,71.5
S01073,69.9,9.5,67.3,43.0,5.27,57.2,49.33
S08571,95.0,30.8,77.8,80.5,8.93,64.7,88.82
S01726,69.9,13.8,69.7,65.8,8.19,70.5,66.47
S06682,66.9,23.5,69.3,64.9,6.99,27.2,69.04
S02256,80.7,17.0,83.5,74.7,7.24,77.7,73.95
S03693,71.5,15.7,60.1,50.2,5.87,42.8,64.96
S02313,60.2,13.6,62.5,47.2,6.43,39.3,49.7
S08148,80.6,21.6,67.5,61.4,7.46,87.0,71.13
S01438,56.6,2.0,49.0,,4.89,37.8,36.37
S02575,89.8,26.4,,95.6,10.0,94.8,99.05
S05341,69.0,8.6,60.1,41.8,6.68,46.3,63.1
S04540,70.9,13.1,62.8,64.7,7.14,54.7,56.66
S09783,100.0,30.8,80.9,77.8,8.84,75.7,85.29
S05295,56.5,17.5,46.3,62.5,5.66,51.1,50.39
S05025,87.7,21.6,73.0,78.4,8.27,62.6,85.84
S00757,91.0,,79.8,70.9,8.32,63.1,91.26
S02627,81.4,14.1,75.7,70.5,7.92,56.0,77.48
S07242,69.5,11.3,71.9,73.8,7.14,51.7,73.03
S09052,74.2,16.4,79.5,71.7,9.54,74.7,98.96
S02640,58.0,2.0,33.8,31.9,4.6,57.7,26.84
S03374,83.2,20.3,80.8,80.9,7.14,70.8,91.84
S09571,81.4,17.7,54.4,57.5,6.06,47.2,74.64
S01980,74.4,13.7,65.5,65.1,7.82,71.0,74.76
S08144,71.6,26.3,88.8,88.3,7.84,60.1,91.54
S06514,75.0,8.4,53.2,54.2,5.74,45.3,60.59
S06993,74.9,11.8,69.5,54.8,5.88,60.9,77.35
S06570,97.3,22.3,73.8,74.5,8.11,77.5,71.06
S06992,77.0,,85.0,74.2,8.75,69.7,84.72
S08467,88.7,23.6,90.4,75.8,8.14,68.6,90.95
S04252,64.2,5.0,40.7,31.0,4.47,50.5,22.57
S06186,54.3,14.8,61.9,50.1,,68.6,51.28
S04150,89.5,15.5,67.1,70.4,6.3,63.5,76.51
S03588,75.8,8.4,61.5,51.6,5.94,66.8,73.09
S00804,61.1,7.6,57.2,56.1,,25.7,39.51
S01123,86.3,,86.2,87.1,9.5,64.0,100.0
S03873,98.8,23.2,70.1,80.2,7.56,53.8,69.75
S08131,,2.0,47.1,30.0,4.0,33.3,14.77
S00475,67.5,14.1,63.1,46.4,6.71,45.9,43.53
S04818,79.2,18.0,77.9,79.1,5.31,39.8,67.23
S05965,87.9,24.1,81.7,77.7,6.75,62.8,79.91
S01376,100.0,19.4,87.17,80.1,9.79,86.5,94.61
S01082,61.4,18.7,59.2,70.2,7.54,67.0,79.55
S00287,81.6,19.4,82.6,81.0,,71.1,100.0
S07139,78.5,14.0,84.7,76.7,9.0,76.6,81.57
S01758,96.3,11.7,61.0,71.1,6.31,59.0,61.76
S03891,89.7,14.5,86.5,92.6,8.65,91.4,97.66
S08877,82.6,26.9,100.0,78.7,8.7,73.6,81.65
S03657,68.5,6.3,49.9,52.0,5.49,53.9,60.6
S01415,65.1,5.3,53.9,42.9,4.56,35.7,38.77
S09689,64.9,17.6,63.2,56.2,6.91,64.5,66.6
S02320,,24.5,87.9,82.6,8.41,67.7,90.09
S07742,73.5,33.7,67.2,58.5,8.42,56.7,66.67
S07097,69.2,19.5,61.3,64.4,7.67,68.7,69.72
S09536,75.8,15.8,76.4,71.3,8.97,71.8,78.23
S00801,84.6,19.5,74.4,71.1,,82.7,80.24
S01368,80.3,13.1,85.2,71.9,8.53,80.1,83.44
S04339,92.5,20.9,82.5,87.9,8.12,79.5,76.82
S08455,72.6,20.4,77.8,75.2,8.51,68.0,78.52
S05747,83.9,12.5,67.4,78.4,7.89,57.1,62.66
S05422,76.7,12.2,72.7,59.3,8.0,57.6,75.57
S04108,72.8,17.3,74.9,70.0,7.14,37.4,76.9
S05326,88.2,25.7,83.1,99.0,8.51,62.3,97.62
S06990,85.8,26.3,86.2,73.9,6.92,59.7,71.61
S08535,53.6,12.7,,37.2,4.0,34.4,18.61
S03161,72.3,18.0,67.9,70.0,7.29,71.3,80.52
S06954,74.2,19.1,78.5,69.5,8.45,,88.55
S08703,79.6,2.7,56.2,66.2,5.21,48.6,50.44
S08274,70.9,,71.8,66.1,7.28,48.2,60.63
S06923,84.3,9.6,85.1,43.1,5.92,29.5,54.44
S05672,56.1,15.9,56.3,43.2,7.07,48.4,46.7
S04689,85.8,17.9,81.7,75.7,7.27,55.3,60.15
S09387,60.0,8.1,50.5,50.5,5.47,47.9,58.96
S08863,91.4,25.0,82.9,77.0,9.22,65.4,76.12
S07051,82.6,17.5,72.9,55.0,8.68,,78.74
S01134,54.5,10.2,60.1,61.0,7.01,46.2,59.22
S05181,76.2,,77.0,52.1,6.2,43.7,78.49
S05638,65.7,16.9,78.5,52.6,6.65,49.6,81.04
S07476,64.7,9.2,60.6,43.9,4.6,55.2,62.22
S03350,77.2,15.2,75.5,69.7,7.8,59.2,77.26
S09875,54.1,15.3,48.6,50.0,4.2,35.2,35.19
S09753,67.1,14.8,54.0,54.1,6.36,69.4,55.28
S00882,77.2,18.1,59.9,47.7,5.87,54.2,54.88
S08707,73.4,24.8,78.2,72.6,,69.9,72.54
S00373,63.1,10.3,70.8,71.0,6.56,55.6,74.64
S06952,66.4,12.5,69.2,48.3,5.65,53.5,45.74
S06164,80.1,18.7,55.5,48.1,6.1,62.6,67.43
S08119,74.2,12.4,80.4,77.6,7.03,61.7,71.05
S00298,71.2,,85.3,55.6,8.12,60.3,81.99
S00652,63.2,2.0,35.0,30.0,6.02,37.3,29.16
S06910,55.7,9.5,61.7,50.1,6.03,50.4,35.39
S01226,64.4,26.6,86.9,67.2,7.02,70.3,70.55
S00257,95.1,12.07,75.9,64.0,,66.9,83.31
S04357,92.3,32.2,100.0,98.8,10.0,85.4,100.0
S09803,85.4,27.7,83.7,74.7,9.21,80.7,94.44
S03287,77.1,16.7,61.9,53.7,7.21,65.3,64.34
S05442,56.4,10.4,46.9,32.5,4.0,37.3,36.49
S02033,88.5,34.3,85.3,77.1,8.81,79.4,75.92
S08563,74.3,21.0,69.4,60.8,6.8,56.9,74.88
S02739,75.0,14.8,72.0,80.4,8.3,72.7,88.47
S02607,91.3,13.9,73.3,76.5,7.65,36.1,78.08
S05956,65.6,14.6,81.1,42.3,6.72,41.2,69.39
S07941,98.4,21.7,,94.3,9.33,58.5,89.85
S02352,79.8,26.6,52.1,61.9,6.44,55.4,75.25
S00820,100.0,23.6,66.7,75.0,7.94,76.8,79.74
S01695,83.2,18.7,79.2,66.5,7.4,63.5,71.89
S07599,61.9,13.2,65.5,53.5,6.53,48.8,49.25
S01000,70.0,7.7,49.2,52.7,7.43,39.2,69.38
S04750,74.7,11.3,85.1,73.4,8.45,62.6,75.69
S08534,69.6,7.9,49.0,46.9,5.8,45.0,45.98
S03018,92.7,,77.9,75.1,6.23,62.6,72.06
S09348,80.5,22.7,86.3,93.5,8.5,98.1,96.39
S05754,86.6,23.4,74.9,88.1,8.4,,67.17
S06129,75.2,5.4,66.3,63.1,8.03,59.6,51.05
S00505,77.5,,,94.8,10.0,91.0,100.0
S09784,66.4,,37.2,50.0,5.14,31.3,39.44
S08985,76.7,,80.1,70.2,,69.4,75.48
S05765,67.7,11.9,65.9,51.4,6.46,35.8,65.35
S07730,67.5,12.9,54.3,65.4,6.29,53.2,65.14
S07653,69.6,12.4,56.5,60.5,5.48,57.7,56.64
S04179,62.4,2.0,61.0,54.0,6.39,62.3,56.15
S07712,77.8,6.7,70.7,49.5,5.77,49.4,59.35
S06809,51.1,17.0,30.0,30.0,5.05,25.5,18.89
S06386,78.5,10.3,58.3,43.4,5.93,33.2,68.03
S07643,84.1,28.4,66.2,85.4,8.07,52.1,87.45
S04240,83.0,17.8,75.7,70.5,,66.2,69.57
S03056,68.3,6.8,30.0,41.9,6.29,37.9,40.18
S09375,75.2,19.6,70.8,68.3,6.42,52.8,78.14
S09805,72.7,16.2,65.9,70.9,7.14,50.0,74.75
S00972,57.5,15.9,,39.6,4.97,52.2,42.64
S01115,68.3,2.0,47.5,31.3,4.57,34.1,24.27
S01318,54.0,11.4,36.8,36.1,4.79,,56.85
S02338,76.4,12.2,64.4,62.2,5.73,35.2,64.6
S04340,77.6,14.1,64.4,63.2,8.05,73.1,76.32
S07009,89.2,27.9,89.6,90.4,8.62,80.9,94.15
S04377,65.9,12.1,82.4,65.0,8.18,46.3,72.99
S03972,55.9,6.1,56.1,30.0,4.87,39.2,41.72
S02202,67.6,8.9,56.4,72.4,,59.6,50.55
S00190,76.7,15.2,81.0,68.7,8.56,63.0,79.65
S00398,84.7,26.7,75.7,73.5,8.24,78.2,75.62
S02625,54.4,23.4,88.6,68.1,6.84,65.1,69.01
S06632,,10.4,59.6,46.0,6.47,35.8,63.31
S03450,52.1,14.7,50.4,53.8,7.04,76.8,62.38
S07538,81.2,17.9,66.1,75.2,8.39,68.0,74.54
S05385,70.1,28.2,56.8,64.9,7.59,73.8,69.33
S00214,76.2,9.6,69.7,69.4,9.18,58.1,70.88
S04047,56.2,2.0,43.4,38.1,4.72,24.4,24.99
S06551,80.2,28.9,76.3,62.7,7.4,82.3,74.58
S02860,70.2,14.0,64.8,61.9,5.69,61.3,54.98
S02476,67.8,12.5,83.4,67.2,9.97,63.0,78.56
S06127,90.1,28.4,88.1,78.9,8.23,60.6,74.01
S03615,56.5,,56.1,,,45.0,38.16
S09063,83.6,11.0,91.4,68.4,6.79,55.5,78.7
S07334,64.4,8.7,59.4,56.1,6.59,20.9,59.17
S00714,96.0,18.2,84.3,71.2,8.65,82.1,93.77
S05514,88.8,21.0,,65.6,7.64,48.7,72.74
S09678,89.5,13.0,63.2,64.9,6.71,50.5,58.79
S05170,86.0,16.8,80.6,76.1,,61.5,74.96
S00061,84.0,24.3,82.3,80.9,8.42,47.0,88.15
S00910,84.3,33.6,58.5,67.8,6.41,74.5,70.54
S04930,79.9,17.5,76.5,70.6,7.44,69.7,79.97
S09338,52.1,10.8,55.9,60.8,5.12,59.1,55.81
S08013,68.5,5.8,62.3,54.7,5.83,39.5,54.0
S09442,67.3,8.5,68.8,56.8,7.95,85.2,69.54
S07128,57.9,17.7,80.2,67.3,7.06,31.2,64.68
S09789,78.4,24.0,86.5,76.3,8.78,61.1,97.23
S07528,62.2,16.1,76.0,60.7,5.23,60.4,70.46
S04611,84.4,13.1,73.8,66.9,5.3,50.8,66.38
S08784,81.4,21.18,74.4,61.0,7.97,72.2,80.71
S08898,91.8,28.6,79.8,88.3,8.77,80.9,86.48
S09692,67.1,16.1,,65.5,7.41,51.5,63.58
S09962,57.4,4.2,65.2,58.8,5.88,61.5,52.61
S01682,77.9,12.3,70.0,63.6,7.01,58.5,65.18
S08132,81.0,5.6,50.3,45.6,6.9,47.1,48.43
S08967,67.8,13.2,,53.2,8.15,59.0,45.81
S00731,78.1,8.73,84.4,64.3,7.73,47.0,69.66
S05123,65.3,11.4,88.8,61.5,8.09,66.4,78.75
S06692,99.6,20.9,95.3,75.7,8.4,61.9,85.6
S02796,76.5,17.8,70.8,69.0,5.93,53.2,58.53
S02690,59.1,2.4,50.6,32.5,5.66,56.2,49.13
S09241,62.0,4.6,61.1,32.4,5.16,29.8,37.86
S00159,82.2,,71.1,69.3,7.01,52.0,77.46
S07002,95.8,20.7,62.0,73.7,7.55,74.4,90.27
S03676,76.1,18.4,78.6,63.8,7.24,54.0,70.55
S00307,67.0,8.7,70.6,53.2,8.44,45.2,67.95
S07098,81.0,23.0,76.6,,7.9,83.9,100.0
S01212,82.2,16.1,75.0,88.8,,67.5,72.22
S02294,74.6,17.7,73.5,68.1,7.25,64.9,76.34
S02280,75.5,9.4,71.5,51.3,,58.7,57.22
S07385,87.2,17.9,73.3,63.9,7.45,74.9,76.82
S06478,77.4,17.1,56.9,64.1,5.92,45.9,58.59
S00926,89.9,21.5,82.4,70.8,5.83,40.1,65.93
S08021,81.6,13.3,69.9,63.3,6.35,44.5,62.12
S05243,69.7,7.2,68.2,59.7,7.66,52.0,56.19
S05098,63.1,4.5,49.4,56.6,6.84,38.0,68.7
S08574,71.1,7.0,51.1,30.0,5.1,45.7,41.4
S07163,79.4,26.2,,69.9,7.35,73.5,73.95
S06419,55.1,10.4,49.4,36.6,4.63,74.8,24.33
S04263,92.6,28.3,72.1,73.4,8.45,69.4,87.57
S04744,78.9,16.1,,,7.14,52.3,64.64
S00918,54.4,13.8,62.8,44.2,5.67,51.5,48.07
S01970,81.0,,60.3,70.0,8.27,61.6,80.6
S01242,68.1,10.8,83.4,68.2,9.11,,74.72
S01422,75.1,2.0,,70.5,8.12,48.3,65.85
S02966,78.5,21.9,66.5,71.0,7.33,63.6,80.31
S09087,55.3,10.0,70.9,55.4,6.86,47.4,56.74
S08469,61.2,3.1,43.3,54.6,6.61,46.6,50.53
S06747,79.0,,74.9,71.7,5.92,35.3,71.43
S07676,80.7,16.6,92.1,75.6,8.6,99.1,83.7
S01650,72.6,12.0,73.6,64.3,7.77,61.7,64.57
S03487,83.3,19.1,66.4,48.2,7.31,47.5,60.46
S02544,80.7,16.4,66.4,67.8,7.54,77.4,71.81
S05951,77.4,21.6,80.9,60.3,7.97,77.2,80.82
S08120,72.5,12.0,77.3,60.5,7.58,73.2,68.12
S02634,85.3,12.8,80.6,93.8,8.61,72.5,91.29
S03206,64.0,8.2,58.5,38.1,5.08,53.0,47.99
S04734,68.8,2.0,51.8,45.1,5.68,51.4,42.6
S08046,85.5,8.6,52.9,63.2,7.81,59.5,57.28
S05185,93.8,25.7,79.5,59.0,8.78,89.0,86.33
S07807,81.4,21.4,80.6,69.1,6.97,53.9,71.83
S08349,78.0,10.7,69.6,,7.52,58.0,71.45
S01796,64.9,13.1,63.7,57.7,7.03,68.7,58.67
S06970,73.8,21.8,70.9,67.9,7.87,53.9,74.25
S08124,72.4,10.1,,60.9,8.67,,74.22
S01410,52.0,2.0,60.9,56.7,5.8,,40.91
S07245,63.8,16.5,58.9,43.9,6.72,50.9,53.66
S05128,86.4,35.2,79.2,81.0,7.59,77.4,77.14
S03581,67.0,,41.1,30.0,5.6,22.4,35.95
S02129,75.0,30.8,82.9,66.6,7.81,61.3,92.67
S06724,81.9,,88.2,87.0,8.85,76.1,75.13
S09395,64.4,2.0,52.0,45.1,4.15,32.3,38.6
S03523,75.9,23.6,73.3,78.9,8.54,58.9,84.53
S00924,74.2,17.5,75.4,70.0,6.5,51.3,57.64
S04005,73.7,10.7,80.2,75.4,8.63,53.9,68.52
S08861,95.2,32.37,86.5,91.8,9.14,74.3,97.06
S06618,67.0,9.6,59.9,48.6,6.1,56.0,54.44
S02373,65.9,11.5,62.4,60.2,7.23,52.2,60.65
S06971,73.3,12.3,57.1,43.7,5.5,47.1,38.36
S03577,66.1,,65.1,60.9,6.86,69.5,50.11
S02348,89.8,24.6,79.1,62.4,7.05,60.8,78.24
S05471,69.5,18.6,84.4,57.3,8.5,62.5,67.73
S08350,71.9,14.3,64.3,52.9,6.25,49.2,55.64
S07829,80.5,11.2,86.9,71.5,8.38,,85.5
S01274,55.1,2.0,38.8,33.0,5.21,43.1,36.51
S04462,62.1,9.1,77.0,62.9,8.35,66.0,74.14
S06473,58.8,5.2,46.0,30.0,4.36,29.6,30.66
S04537,72.4,12.8,73.48,72.1,6.7,54.2,79.99
S05575,44.8,2.0,54.6,31.1,5.14,42.8,35.95
S09327,78.1,18.0,81.7,,6.08,43.2,56.62
S04459,76.0,19.9,82.5,68.1,,72.6,86.72
S05770,87.1,13.6,86.8,87.8,4.08,61.6,73.7
S05803,64.3,2.0,45.7,32.2,4.36,32.6,32.03
S09624,87.1,25.4,87.5,84.9,9.92,50.8,97.16
S03209,65.0,6.6,53.3,34.1,6.34,43.5,51.54
S08805,100.0,15.3,74.2,64.9,8.02,62.9,75.59
S08085,62.9,7.7,,46.2,4.87,51.9,57.31
S05741,92.3,12.7,62.0,57.8,8.17,58.3,75.77
S02766,75.5,31.7,81.2,79.2,9.0,71.1,100.0
S05064,88.2,12.0,60.9,56.2,6.67,60.7,64.22
S05969,98.0,26.1,82.2,47.2,9.2,70.4,87.85
S07550,40.0,,42.2,34.3,4.28,48.4,11.51
S09876,76.7,27.9,89.2,86.7,9.55,88.3,92.58
S09234,80.5,14.3,58.6,69.1,7.35,57.2,67.66
S03490,89.0,17.8,89.9,79.6,7.4,65.7,88.01
S01844,78.3,30.2,79.3,85.7,7.37,71.2,91.09
S07478,90.3,30.1,91.1,100.0,10.0,75.8,86.2
S09550,79.6,16.1,65.0,60.3,6.83,70.4,75.78
S03817,68.2,20.7,68.7,63.4,7.27,,68.54
S05854,86.2,15.4,73.8,47.7,7.45,49.7,70.17
S05646,81.2,20.9,73.4,87.5,8.56,66.7,87.54
S02972,82.9,6.9,81.5,80.9,7.14,52.5,75.72
S06594,49.9,2.0,62.7,42.4,5.24,28.3,51.56
S04739,69.1,14.0,54.0,57.1,6.51,42.3,58.12
S09169,71.27,7.3,75.4,52.6,7.51,57.4,64.07
S05304,83.9,27.8,76.3,73.9,9.24,70.4,85.57
S03610,83.7,21.3,,71.4,6.85,57.5,76.04
S07955,68.7,20.9,78.7,85.2,8.75,64.9,90.18
S03836,61.4,7.5,68.0,47.9,6.14,53.7,47.95
S09842,62.9,21.7,80.1,53.8,6.61,50.8,70.49
S09732,87.1,19.4,77.6,83.1,6.58,62.1,62.42
S09871,59.7,13.4,84.4,68.0,7.8,59.0,64.62
S03081,84.9,17.3,73.6,71.2,6.09,52.6,49.1
S05083,49.8,7.9,41.6,39.5,4.66,37.7,31.24
S02344,97.8,,91.8,100.0,10.0,83.9,100.0
S02199,54.3,15.5,75.2,51.5,,66.9,76.65
S08642,60.4,8.8,60.3,50.3,6.33,46.2,48.7
S09049,89.3,,77.2,85.7,4.63,71.3,72.37
S05447,84.8,13.0,74.8,75.5,6.22,74.0,81.55
S05290,90.5,25.8,80.3,77.9,7.17,48.5,81.56
S09666,94.1,28.0,79.2,77.0,7.99,66.6,93.33
S01754,57.0,2.0,30.0,33.0,4.0,8.3,29.4
S03298,60.4,,76.0,70.7,8.08,54.1,81.9
S01045,76.6,21.2,79.9,72.0,8.09,61.5,86.98
S09078,90.8,30.1,82.6,79.2,,92.6,97.13
S06388,97.6,,85.0,43.1,8.98,75.7,80.29
S02772,93.8,27.2,79.5,63.7,7.38,87.2,83.29
S04384,,15.6,44.3,60.7,6.97,52.3,64.62
S05999,84.6,21.1,84.6,92.1,8.45,78.5,100.0
S02327,78.1,15.1,71.8,65.9,6.27,30.9,69.0
S05797,62.4,13.2,65.4,48.2,6.4,52.3,63.77
S06995,67.1,16.8,56.8,69.0,5.97,44.1,47.71
S00948,53.3,2.0,,30.0,4.21,25.4,21.26
S02855,78.0,22.4,76.3,87.8,,71.3,100.0
S01335,87.7,19.6,78.8,76.6,9.5,58.2,72.61
S02612,64.9,20.1,53.3,63.4,7.83,58.7,68.37
S01400,85.2,27.1,68.8,65.2,7.69,62.9,91.78
S03218,88.6,18.9,83.7,86.7,6.58,74.4,88.84
S07485,54.0,2.0,,30.0,5.62,36.2,34.51
S05269,83.4,21.2,73.3,67.6,7.45,64.0,67.86
S09910,69.2,3.9,67.5,46.9,6.45,45.3,41.19
S08937,82.3,14.6,87.9,79.4,8.19,69.5,81.35
S00938,80.6,3.6,81.0,90.8,4.0,33.4,57.18
S00264,76.7,23.3,65.5,64.9,7.55,63.0,81.92
S05280,77.7,23.1,79.8,78.2,6.66,62.1,71.04
S00997,52.2,16.0,,40.5,6.68,36.5,61.03
S01129,68.8,17.7,70.8,58.5,,33.3,62.01
S07366,95.6,17.4,71.8,76.2,8.44,79.7,75.99
S09166,69.9,,67.2,40.7,6.79,73.3,73.32
S02283,59.1,9.1,61.6,53.5,5.97,61.4,52.84
S00128,,13.1,88.2,63.1,8.46,60.3,66.88
S09457,68.3,2.0,68.6,53.9,5.37,65.0,51.05
S08419,78.3,20.5,60.2,81.9,7.78,,77.54
S09303,59.3,4.3,39.4,30.0,4.63,47.3,31.78
S07923,100.0,28.6,88.2,94.0,9.95,100.0,90.19
S00598,76.2,11.2,79.0,70.4,7.0,51.8,84.99
S05012,84.9,14.7,83.7,77.1,7.61,63.72,84.38
S01587,,24.7,81.6,94.1,9.69,62.4,100.0
S07877,49.8,6.5,31.2,30.0,4.0,5.2,17.52
S00523,65.5,10.9,76.3,77.3,8.29,79.0,76.98
S03910,48.4,14.4,56.5,42.9,6.44,18.4,45.16
S09535,63.9,14.2,49.9,58.9,6.95,60.6,65.39
S01797,74.4,13.5,53.7,62.2,6.58,50.7,62.47
S01382,93.6,21.5,82.9,77.2,8.4,64.5,94.95
S00956,64.3,10.0,76.6,65.9,8.17,66.2,69.4
S06207,67.9,8.8,63.4,,8.03,64.9,62.58
S06587,82.8,13.9,61.7,64.3,7.86,73.3,74.5
S07834,,5.2,,42.8,4.93,34.0,32.73
S00717,83.1,7.9,68.8,55.1,7.26,57.0,73.57
S07053,88.1,15.9,79.8,100.0,,,100.0
S00271,77.7,9.9,48.1,39.1,4.92,27.4,49.56
S05606,93.7,27.2,86.3,73.8,8.45,49.5,78.64
S05370,92.0,18.7,72.7,69.4,6.13,74.8,85.89
S09021,72.1,15.7,73.2,51.1,7.72,33.2,63.87
S09094,77.4,16.7,57.5,56.6,6.06,63.4,71.99
S09809,76.8,6.0,44.5,38.5,4.89,60.3,34.03
S05645,87.0,26.7,94.5,81.6,9.28,80.7,95.39
S01198,70.4,32.5,84.0,85.1,8.83,72.6,90.46
S04388,67.9,26.6,53.8,57.8,6.69,53.4,67.76
S06879,85.9,15.7,71.8,82.4,8.26,79.0,70.91
S08797,64.9,11.0,63.4,56.0,6.94,37.2,65.07
S00554,83.6,18.8,,73.6,6.7,55.5,85.56
S03573,71.1,13.5,74.3,59.4,8.01,,60.49
S01135,83.2,18.2,96.0,71.7,9.35,67.4,83.49
S00745,90.9,22.1,89.0,78.3,7.16,68.8,85.86
S09322,79.9,15.2,52.9,74.5,7.47,58.8,64.78
S06101,68.9,11.7,54.4,57.9,7.02,64.8,71.68
S08092,68.9,,66.7,60.1,7.82,58.0,77.67
S05819,86.7,32.4,91.0,83.2,8.46,,93.49
S03628,86.4,12.9,71.5,59.5,8.1,64.8,74.69
S06517,67.8,16.6,83.3,65.9,8.8,68.0,92.47
S02864,66.5,15.7,53.1,61.5,5.17,59.8,62.96
S08855,88.3,18.4,91.7,100.0,9.01,74.3,100.0
S00358,57.0,17.9,58.7,55.0,5.67,48.5,49.36
S01883,81.2,36.4,78.6,79.3,8.4,64.7,82.66
S07632,67.1,13.5,72.1,64.8,8.58,70.8,71.79
S00192,82.5,8.0,72.1,80.1,7.21,79.2,61.97
S03412,58.1,9.0,53.0,53.1,7.33,29.3,56.17
S01043,57.2,17.2,59.9,64.1,7.55,63.3,60.36
S06865,61.7,2.0,68.6,60.4,,46.7,58.1
S05985,85.8,16.7,63.7,68.0,8.55,85.3,87.96
S02574,74.8,8.8,75.6,56.4,6.52,60.2,64.26
S09205,77.0,24.4,90.8,96.7,9.08,92.0,100.0
S04969,80.4,25.0,72.8,81.7,9.45,74.6,82.42
S06572,74.0,,77.0,72.0,6.45,51.7,74.24
S07135,49.9,8.0,55.7,59.5,4.78,40.3,43.12
S04272,52.4,10.7,54.5,30.0,4.54,41.5,42.25
S01015,79.2,18.8,78.7,76.5,6.32,60.8,70.65
S08698,82.4,2.5,90.2,92.9,8.69,67.9,85.12
S00769,86.2,13.5,69.1,70.3,6.93,65.7,70.25
S05211,99.3,17.2,64.2,60.7,8.13,64.0,64.21
S01536,82.7,25.7,68.6,80.7,8.6,,90.06
S07168,55.5,9.7,55.3,53.1,6.71,44.3,43.3
S00294,80.2,15.5,70.4,71.4,8.96,54.5,85.37
S01619,,7.7,43.0,30.0,4.53,29.9,36.29
S09399,74.2,,76.6,70.5,6.62,49.6,78.03
S07445,88.7,16.4,87.4,62.7,6.54,75.0,80.92
S04649,67.3,7.3,70.0,57.6,8.44,51.7,68.49
S04954,100.0,28.6,95.2,82.1,10.0,73.6,100.0
S05650,87.5,24.2,77.5,85.7,8.41,82.3,82.57
S03480,73.2,11.6,73.7,61.5,8.11,57.5,64.47
S01202,73.9,8.0,62.6,42.3,6.56,28.4,53.77
S04248,84.0,24.0,84.0,76.0,7.55,83.0,81.56
S06354,76.3,11.4,77.0,66.9,5.83,57.6,80.29
S02345,61.9,12.9,,37.5,6.02,39.3,49.03
S03216,65.4,15.2,60.3,63.1,8.08,47.2,77.86
S08690,62.3,2.0,44.6,30.0,5.15,37.9,20.56
S02379,61.0,18.0,62.6,61.5,6.06,49.1,60.23
S03312,68.6,16.0,49.2,53.8,5.47,53.6,43.74
S08015,88.7,15.2,80.2,70.6,8.97,74.3,77.7
S03261,92.7,23.4,86.7,68.9,7.16,51.5,64.25
S04988,76.0,3.8,80.0,85.9,8.58,48.0,83.59
S05233,82.4,13.4,73.4,78.7,7.6,57.1,76.88
S07449,56.5,6.8,47.8,52.9,6.09,35.5,46.48
S04688,76.5,9.4,80.9,60.9,8.96,69.5,74.34
S01426,76.5,,85.9,65.0,8.55,82.0,82.61
S02673,87.0,20.2,74.1,78.2,6.99,47.1,68.02
S00830,87.0,18.1,76.7,74.1,5.88,54.8,82.54
S04396,76.9,25.1,67.3,62.9,7.86,46.5,76.65
S09284,52.4,4.1,30.0,30.0,5.24,62.1,28.44
S04235,77.7,11.3,77.9,74.6,6.8,81.5,89.51
S09447,70.2,8.6,66.6,51.6,6.74,55.0,50.98
S02626,80.3,24.1,,84.7,8.58,74.0,85.68
S02161,80.0,26.3,90.2,63.5,8.59,70.7,88.15
S05046,94.3,26.1,,70.4,7.57,74.7,77.88
S02269,69.0,10.3,76.3,52.3,,71.2,66.24
S02903,85.4,27.3,85.3,95.3,8.85,82.6,96.57
S07325,68.9,2.0,,64.4,5.69,56.3,42.86
S03285,60.9,12.9,63.0,59.3,6.42,50.2,46.28
S05929,69.0,12.1,48.1,55.0,7.1,56.6,44.75
S08804,89.9,15.7,77.5,61.5,7.35,47.2,69.4
S07962,61.2,7.9,77.0,58.9,8.74,82.0,73.26
S01224,62.8,5.4,59.0,36.7,5.39,31.2,39.92
S01722,61.5,9.2,41.3,37.3,5.19,40.9,32.65
S04673,72.9,10.9,88.8,64.3,7.67,45.1,85.89
S00831,73.7,14.6,,56.5,7.34,44.6,57.18
S07953,76.3,23.0,71.8,60.1,6.05,74.8,61.88
S04797,85.1,12.2,70.4,69.6,7.88,80.1,78.3
S01857,75.0,6.1,53.5,56.8,,41.5,58.04
S02922,57.2,10.6,62.3,55.0,7.95,74.3,63.93
S08513,78.4,,56.4,57.1,5.9,60.6,63.95
S02430,88.6,23.1,83.0,79.9,6.4,74.0,85.64
S06898,53.6,2.0,43.9,60.4,5.55,,28.45
S01721,69.0,12.8,57.7,60.4,6.99,43.4,73.76
S08694,68.1,20.1,64.2,59.6,,51.2,68.0
S03475,56.3,16.5,,52.2,6.78,52.1,49.5
S09162,90.6,26.5,89.4,86.3,8.29,60.9,100.0
S05402,64.1,9.2,54.1,54.2,5.53,34.7,60.23
S05913,76.3,,78.7,74.2,6.53,84.2,92.7
S03614,,2.1,30.0,30.0,4.41,40.9,21.91
S02812,87.0,29.3,,69.6,7.81,54.9,72.65
S01881,83.8,,100.0,100.0,8.77,74.9,93.36
S09926,92.1,23.8,63.0,62.9,6.18,54.8,76.82
S03208,70.5,9.1,69.3,51.2,8.48,84.0,87.19
S02154,66.5,10.6,68.6,54.0,6.41,35.9,53.63
S04921,83.7,14.9,68.4,66.0,8.41,76.0,82.45
S04873,76.6,15.1,70.8,64.8,7.74,61.3,79.15
S06082,80.1,,51.6,,5.16,37.7,43.34
S01008,57.4,9.8,55.0,56.0,8.05,33.2,56.31
S01152,94.3,16.1,99.8,90.0,9.63,90.8,84.44
S01407,68.4,9.4,69.2,40.6,6.26,72.7,57.8
S03137,66.3,19.3,79.4,63.7,8.48,66.8,55.4
S07075,72.7,13.1,55.9,54.1,7.31,37.4,68.98
S03982,57.5,4.5,46.7,44.7,4.0,34.0,32.17
S04014,87.9,16.1,71.2,71.5,7.05,37.2,49.62
S04551,67.0,8.6,49.7,51.6,6.06,47.4,54.97
S06176,91.2,26.6,71.9,78.7,6.62,57.3,100.0
S00221,83.81,19.6,70.6,70.6,8.23,33.9,78.81
S04792,46.3,6.3,35.6,30.0,4.0,32.4,23.58
S07302,73.6,33.3,79.3,71.0,6.88,63.4,79.26
S00526,91.9,24.6,73.6,74.8,7.49,75.3,86.91
S01056,63.2,10.5,55.7,49.2,6.68,57.0,52.74
S04758,73.7,2.0,63.4,45.4,5.83,52.8,49.99
S02180,63.2,13.2,59.9,64.8,7.71,38.1,68.88
S04713,77.1,10.2,48.8,54.4,6.68,,59.12
S05580,70.9,11.1,63.9,45.1,5.54,50.6,45.45
S06338,60.3,6.1,65.6,52.0,5.58,32.5,36.95
S03479,51.2,6.4,60.0,55.8,6.39,54.4,50.52
S01919,62.9,10.2,51.0,62.7,7.45,42.5,71.59
S02299,57.5,2.9,56.4,35.6,5.13,28.5,31.33
S08156,78.3,19.2,97.9,86.0,8.14,59.1,70.95
S02958,83.0,17.6,72.4,67.7,6.76,62.0,72.45
S03502,95.3,25.2,71.3,39.6,6.96,52.1,67.22
S01253,90.4,,74.4,72.4,6.2,75.2,61.71
S06924,53.4,10.4,53.0,58.2,5.14,47.7,44.31
S01614,79.9,17.4,70.7,90.5,8.75,47.6,81.09
S07605,74.2,14.3,67.6,64.6,7.47,53.2,68.89
S08565,66.3,5.7,45.1,43.9,5.16,47.9,47.71
S05844,,27.5,81.9,70.2,8.18,55.2,74.89
S06729,81.3,7.2,67.5,56.8,6.48,33.3,56.19
S01495,95.1,18.6,80.1,80.3,10.0,66.0,86.84
S04374,88.3,11.8,73.9,66.7,8.32,76.0,74.44
S01440,75.7,,49.2,36.5,5.22,25.2,32.81
S01519,62.8,25.5,57.4,61.5,8.85,53.0,74.46
S07856,77.3,21.4,79.2,80.2,6.83,41.7,70.84
S03262,99.1,34.7,88.9,100.0,9.31,,100.0
S07077,87.6,18.5,78.9,76.7,6.58,67.1,78.71
S01179,,25.1,71.1,78.9,7.92,69.1,87.17
S05227,72.0,10.8,66.2,68.5,6.86,62.2,78.38
S05138,80.8,25.1,80.8,78.8,7.8,77.3,81.1
S03981,94.4,27.8,93.7,89.5,8.66,67.7,89.44
S08070,80.6,19.7,86.6,88.5,7.94,63.9,100.0
S02242,,22.6,82.8,74.1,9.52,66.7,79.6
S09877,68.7,8.9,83.0,66.0,8.82,62.9,66.46
S03243,58.4,9.5,66.8,45.6,5.44,65.0,55.86
S00599,75.8,18.3,70.5,49.4,6.97,58.6,69.38
S09305,84.2,7.4,60.6,53.9,6.31,,77.53
S07741,71.9,24.0,56.1,68.5,6.82,35.4,69.91
S03496,72.4,18.6,71.3,66.8,7.37,58.2,81.4
S03165,84.3,20.5,81.4,82.3,6.86,59.9,81.1
S03884,78.6,18.3,50.3,66.7,,65.6,62.49
S00178,68.9,10.5,75.4,61.6,,71.7,78.47
S06045,67.2,13.7,46.8,51.1,6.11,49.6,41.82
S09746,57.8,20.9,55.4,59.2,6.49,48.1,53.51
S09304,49.2,8.3,42.8,48.4,4.91,52.4,26.73
S08029,80.3,8.3,51.2,62.8,5.88,50.6,61.53
S04600,74.6,,76.2,67.8,7.08,42.6,60.18
S08658,58.6,13.6,51.0,41.8,6.86,33.8,46.36
S00638,66.8,4.2,71.7,66.7,,61.8,55.89
S05870,48.8,6.9,63.0,38.8,5.8,35.6,18.88
S05881,75.8,20.1,74.2,94.0,8.85,89.0,99.97
S08012,81.8,16.3,79.9,66.5,8.85,60.9,82.65
S04737,40.0,9.9,40.7,41.0,4.86,37.5,48.11
S03855,46.7,11.2,,38.8,5.37,54.4,48.56
S02117,76.4,23.4,85.1,74.7,8.89,73.6,94.19
S06578,62.0,10.8,,40.4,7.06,41.6,46.57
S04576,70.8,16.3,84.3,92.5,7.76,59.7,73.48
S03093,66.0,10.3,75.4,65.8,7.13,48.6,61.06
S05395,50.2,2.0,34.2,30.0,4.0,24.7,9.87
S09931,58.9,18.2,70.2,73.9,6.38,68.0,63.44
S00449,84.7,8.2,77.7,65.6,6.85,72.3,59.98
S06229,84.9,16.1,87.7,78.8,4.06,70.4,67.31
S05114,58.8,2.0,47.8,40.0,4.0,37.6,36.13
S00962,,16.4,65.4,75.1,7.6,79.3,77.21
S05174,43.9,2.0,30.0,30.0,4.01,43.8,34.11
S01241,99.4,,77.2,85.5,7.54,70.4,82.21
S00425,82.9,28.9,96.4,87.3,9.07,66.5,95.11
S05531,84.8,13.7,59.1,75.8,6.59,74.2,76.26
S09684,73.1,15.4,79.5,72.8,8.27,74.0,86.79
S06136,82.4,21.5,66.1,47.9,6.35,44.0,55.03
S02436,84.4,5.4,68.6,66.9,6.0,57.4,67.5
S00236,73.5,,80.6,62.5,7.72,77.6,64.46
S02369,70.2,16.4,38.7,57.6,4.71,49.3,64.92
S03005,90.1,22.2,83.8,81.4,6.16,,87.0
S06838,75.5,14.7,61.4,64.0,6.22,29.7,54.08
S06042,70.4,14.2,64.1,54.3,,47.1,42.4
S08600,63.1,2.8,53.4,30.1,4.26,31.6,36.54
S08181,71.6,18.9,81.5,80.5,8.05,58.7,82.62
S00401,70.4,20.7,,83.9,9.65,64.5,91.79
S05826,94.0,32.3,74.0,77.8,9.07,70.9,81.64
S07639,72.7,10.5,59.6,53.6,6.19,57.3,72.6
S07304,92.8,20.4,72.7,77.3,,51.4,75.68
S05196,66.1,16.0,96.8,71.4,7.37,70.9,81.65
S04826,53.9,9.2,71.0,70.1,6.1,40.6,46.94
S08328,73.6,19.2,70.0,60.8,7.34,59.4,81.55
S08332,80.8,11.2,70.7,64.6,7.72,78.5,71.03
S00195,85.3,28.9,84.1,71.6,8.93,66.7,95.58
S02531,62.7,13.6,44.1,32.2,,31.6,49.43
S03418,62.7,15.2,63.1,47.5,5.94,56.0,45.11
S09205,77.0,24.4,90.8,96.7,9.08,92.0,100.0
S02960,55.6,2.3,85.8,40.8,9.74,67.7,72.53
S07369,97.5,22.0,85.6,75.6,6.31,57.9,87.76
S08566,94.3,29.4,79.8,98.7,10.0,,99.6
S07118,78.2,,61.5,60.1,7.25,60.9,62.82
S06144,65.0,10.3,66.4,36.9,5.88,70.1,56.83
S02916,64.0,11.2,62.2,64.3,8.17,62.8,57.77
S06576,80.7,10.6,68.5,58.3,6.73,47.6,54.11
S01546,78.4,23.9,76.8,86.4,8.12,65.6,76.5
S01806,77.0,21.2,86.5,81.3,9.55,56.9,89.29
S03325,92.9,27.4,96.4,89.6,9.37,82.9,79.75
S09794,99.0,20.1,74.1,75.9,7.55,58.7,76.3
S04278,93.1,23.8,74.4,79.0,7.53,74.4,84.53
S05541,97.2,40.0,100.0,92.2,9.72,90.2,100.0
S09115,86.4,23.4,80.4,68.9,6.8,53.2,66.95
S07423,75.1,26.6,100.0,90.4,7.76,89.3,69.31
S08928,67.3,25.0,73.1,93.5,7.13,65.1,78.33
S01032,60.7,10.3,66.7,75.3,7.07,70.6,59.92
S06225,89.4,23.8,,67.2,6.64,67.5,77.94
S10000,66.8,,54.5,52.3,6.48,59.3,59.04
S03379,77.0,5.5,50.3,,5.29,62.2,52.95
S00897,,22.6,78.2,81.4,6.05,54.3,72.17
S09884,65.9,33.7,57.5,56.2,6.61,77.8,54.3
S03562,77.2,15.2,68.9,64.8,5.37,52.4,60.28
S07086,79.4,5.6,65.8,64.6,7.17,66.1,43.29
S09497,67.6,2.8,41.6,52.1,4.78,45.5,35.0
S02458,70.9,22.5,71.9,67.3,7.45,73.9,73.74
S02032,56.1,4.4,47.4,37.9,6.08,56.2,48.97
S06634,82.2,17.2,87.9,75.7,9.14,77.5,89.33
S04643,69.9,16.8,69.0,76.4,7.29,64.5,71.86
S07322,61.1,10.3,63.6,53.5,5.48,33.5,45.9
S07064,75.4,24.5,92.0,100.0,,78.0,94.2
S01947,77.7,17.8,75.1,77.7,7.4,68.9,84.07
S08407,67.9,27.7,79.2,69.9,6.53,41.9,88.33
S07141,75.2,10.9,83.0,60.6,6.05,44.2,69.34
S00018,,18.2,82.0,85.8,8.67,,100.0
S01748,58.0,5.7,60.4,47.4,,47.4,39.25
S07158,97.7,16.8,62.5,71.5,7.33,34.1,58.1
S06609,87.9,21.0,79.1,74.9,7.02,54.1,71.68
S02944,75.6,5.5,70.0,70.7,7.79,57.0,73.48
S03181,67.1,3.9,47.4,31.7,5.02,30.8,43.33
S02136,80.5,21.2,96.4,86.0,9.34,72.3,100.0
S06347,53.9,5.3,47.0,40.2,5.43,45.2,42.09
S00177,87.1,11.9,83.9,69.8,7.87,69.3,79.43
S04090,74.4,15.7,86.3,66.3,7.23,63.9,71.83
S07036,74.3,2.0,35.2,46.2,4.56,,37.74
S03810,59.3,,62.9,50.5,6.85,52.2,56.05
S07113,71.3,22.2,64.5,,7.0,49.1,56.27
S04566,67.9,12.7,50.7,54.4,6.1,43.4,58.14
S02691,63.9,14.6,63.5,50.0,5.87,46.8,49.58
S03846,79.9,16.0,89.8,75.3,8.78,66.1,86.86
S02678,62.8,10.8,38.8,54.0,5.29,45.3,47.03
S05941,46.6,10.6,48.0,30.0,5.16,42.7,31.08
S02079,86.2,18.3,81.5,75.9,5.78,45.4,74.99
S05169,68.5,11.2,73.4,66.5,8.74,61.4,58.18
S00362,69.2,9.4,51.6,39.7,5.1,31.1,59.09
S08192,87.0,27.6,97.1,81.9,8.84,61.7,90.17
S09667,73.6,22.9,85.6,78.7,8.21,59.1,90.97
S02245,94.0,16.6,85.2,66.8,,68.6,99.13
S07210,76.5,16.7,87.6,73.9,6.91,49.6,79.05
S09075,100.0,35.3,98.0,86.4,9.57,89.4,100.0
S07387,88.9,17.8,84.6,93.3,8.21,65.3,89.77
S02459,92.1,,75.3,69.2,6.79,64.5,78.82
S07350,95.4,32.2,100.0,91.7,9.45,83.2,100.0
S04781,65.5,15.6,,61.4,7.72,81.7,69.91
S00764,75.7,10.3,75.2,63.0,5.59,64.5,54.02
S00864,71.4,8.5,60.0,53.2,6.76,57.8,61.25
S03517,60.1,11.7,61.1,40.2,6.05,30.9,48.94
S00228,62.1,17.3,61.7,53.9,,65.7,54.17
S03621,75.3,18.5,73.2,80.8,6.03,49.1,76.61
S00903,73.3,14.5,90.5,60.8,8.77,64.8,74.12
S02434,76.6,14.1,74.4,64.2,9.12,72.0,67.04
S06801,81.9,27.8,87.3,80.7,8.67,49.6,81.29
S00951,57.5,,53.0,55.3,6.74,33.6,51.22
S09939,63.6,13.4,61.9,55.4,6.49,57.8,75.07
S04134,83.6,17.1,74.3,61.7,5.79,39.7,77.95
S03182,81.1,18.2,81.9,75.6,5.94,,65.4
S06985,72.2,16.8,74.4,63.8,5.65,45.6,72.42
S01709,94.6,25.2,82.5,87.9,7.25,72.8,86.08
S09401,51.5,13.1,60.6,43.4,4.64,44.0,47.21
S09185,81.8,25.5,79.7,86.8,9.29,72.2,84.17
S04946,90.8,25.1,72.5,70.3,8.03,61.1,64.48
S00866,84.5,19.2,80.9,78.3,6.03,68.5,78.14
S09760,83.9,19.3,82.1,66.3,6.03,36.3,74.12
S02317,76.0,17.7,85.1,83.1,8.78,98.6,84.56
S03007,70.8,8.0,59.0,53.9,7.6,71.9,60.17
S07621,84.9,23.6,100.0,72.3,9.04,82.6,93.19
S06859,84.2,17.4,85.0,73.6,6.82,59.7,76.08
S03730,94.1,22.6,82.3,90.4,8.65,78.1,99.94
S04233,81.1,14.9,76.1,66.4,6.55,60.9,77.24
S06016,84.5,21.4,80.0,76.1,6.9,52.8,78.77
S01166,94.9,20.7,80.1,85.9,9.45,72.5,88.96
S04659,88.1,33.0,87.7,89.3,7.38,71.9,83.09
S06721,83.0,16.1,57.7,77.8,6.65,74.0,80.86
S06162,54.5,10.6,40.6,30.0,5.08,,28.78
S09886,98.4,31.8,91.4,100.0,9.77,79.4,100.0
S03722,100.0,25.6,82.3,93.3,7.78,87.2,84.91
S08673,43.6,2.5,51.5,30.8,6.12,31.2,34.26
S01499,89.5,32.4,81.3,69.4,7.1,82.3,77.44
S01280,,16.8,72.0,59.1,8.24,,78.27
S02657,75.9,25.8,70.1,71.9,6.44,68.2,76.95
S08089,76.3,,84.8,74.0,9.06,55.6,83.43
S00130,96.7,29.5,91.9,92.2,10.0,100.0,94.02
S02260,76.5,12.5,,60.6,8.54,83.8,93.95
S09066,95.1,26.4,95.1,86.2,8.94,78.6,100.0
S04329,79.2,19.5,68.4,69.5,7.31,51.4,72.4
S01389,58.8,15.9,67.0,41.1,6.99,64.0,48.78
S09100,100.0,32.9,88.8,100.0,8.48,95.3,87.6
S06337,63.0,15.0,61.5,66.6,,73.2,59.62
S02067,80.8,28.2,73.6,62.2,7.73,80.0,87.39
S08944,76.3,12.3,64.7,61.4,8.75,100.0,81.9
S08794,67.6,11.3,73.1,59.8,,51.6,70.92
S09730,65.9,5.5,84.2,60.3,7.8,55.5,52.41
S05010,92.3,31.0,79.7,93.8,9.75,78.9,100.0
S02669,58.2,15.4,,44.4,5.27,53.9,45.94
S04188,57.7,13.9,45.9,40.9,5.94,,48.43
S06424,74.8,18.1,64.5,63.7,7.59,71.6,78.91
S02679,96.6,23.7,,80.5,8.75,86.2,89.51
S02275,100.0,21.3,99.3,87.6,9.53,67.4,100.0
S08263,80.0,26.1,56.0,64.3,7.59,56.4,69.71
S04286,76.2,13.3,65.2,51.4,8.83,60.3,64.56
S07588,82.4,17.1,86.7,59.9,8.92,59.9,76.02
S00116,76.1,16.4,63.1,58.4,,42.5,77.29
S03701,70.5,10.9,46.0,58.6,5.23,,40.15
S03425,67.4,2.0,41.7,53.7,6.44,31.1,39.01
S03839,91.3,16.8,68.4,69.3,6.35,63.5,84.12
S07911,50.0,6.5,,45.4,9.62,45.5,64.13
S06442,87.0,24.0,82.0,83.1,8.07,66.3,87.17
S07276,82.6,23.9,,85.7,7.89,70.3,89.29
S04570,76.1,18.5,74.9,67.2,7.9,38.8,70.02
S03225,58.0,2.3,45.8,38.3,5.22,33.7,32.59
S02692,50.9,15.6,42.3,39.8,5.1,56.7,41.32
S03516,69.3,19.3,,42.9,5.88,48.8,54.19
S07332,82.7,24.4,87.0,78.8,8.43,75.9,89.11
S09489,67.9,18.4,71.4,63.0,6.61,62.6,58.43
S06624,82.0,26.3,69.0,74.3,6.74,51.8,92.12
S04569,73.2,15.1,63.0,73.7,5.83,55.5,79.88
S09802,73.4,11.0,72.7,66.6,6.02,45.8,68.65
S08681,85.8,20.9,85.2,94.0,6.51,73.1,81.4
S05851,72.9,7.9,74.6,66.3,8.5,44.4,66.99
S03968,86.7,22.0,,70.4,8.82,68.2,96.46
S00793,75.9,18.2,71.1,53.7,7.08,48.3,62.5
S00577,86.3,17.4,78.6,70.3,6.11,49.7,72.5
S05794,95.5,24.1,91.7,77.6,,69.3,84.86
S08478,72.2,13.4,77.6,59.3,6.73,60.1,64.38
S01120,78.5,21.2,77.9,67.0,7.69,47.2,75.04
S05548,84.3,26.3,81.1,78.0,7.64,82.5,85.17
S01290,65.1,15.8,55.5,52.2,6.39,68.7,51.98
S04536,69.3,7.6,75.1,48.8,,43.4,58.23
S02012,89.3,18.0,85.3,71.6,7.87,62.3,76.88
S07966,92.7,25.3,100.0,85.6,8.79,83.7,89.82
S09311,79.2,19.8,83.5,74.0,,71.1,63.64
S07531,64.7,18.0,68.9,78.4,6.53,43.4,56.85
S06226,67.6,13.3,,51.7,5.78,58.5,53.68
S03938,76.7,16.0,68.0,63.0,7.01,52.2,65.59
S05655,65.2,9.2,59.4,50.9,6.47,48.4,58.88
S02359,100.0,33.8,100.0,99.5,9.93,74.6,91.01
S05509,61.2,10.3,62.2,39.1,6.15,64.9,57.85
S03170,86.5,,90.5,71.8,,70.2,70.2
S02155,77.0,17.7,78.0,71.7,6.94,77.9,87.46
S05045,65.6,9.7,47.2,44.3,5.59,40.7,50.77
S09408,76.3,25.2,79.9,87.8,7.87,,75.84
S03659,78.5,9.1,57.1,50.8,7.38,57.8,56.33
S02569,65.0,25.0,61.0,63.2,5.72,65.3,68.6
S01416,91.9,20.8,100.0,89.2,8.89,80.9,93.28
S03965,66.6,5.1,55.0,44.5,5.3,41.5,47.9
S05237,72.5,14.0,80.4,68.6,5.85,53.7,62.38
S03149,73.4,14.4,,67.4,8.99,79.7,85.24
S03376,76.8,8.0,68.0,60.7,8.39,,76.77
S02670,100.0,17.83,83.2,74.6,8.59,73.4,82.28
S01909,55.0,18.2,70.8,81.6,7.55,61.7,72.81
S00648,53.3,5.3,41.9,37.4,5.17,33.4,8.6
S00711,81.4,16.3,77.5,72.8,7.47,43.6,65.95
S03885,100.0,27.3,95.9,,7.82,82.8,91.82
S08380,67.7,,65.8,51.3,7.05,65.9,59.44
S04168,83.1,16.4,79.9,51.3,8.4,79.1,71.16
S04567,77.5,9.9,52.1,54.5,5.58,52.7,69.43
S05697,55.4,10.4,41.7,41.4,4.8,,35.38
S03039,98.5,29.5,88.7,74.3,9.25,87.7,87.26
S03246,78.2,18.7,73.7,70.3,6.95,63.6,77.15
S02683,88.9,13.1,80.9,81.6,8.57,70.0,82.86
S07349,92.7,19.1,82.2,78.2,4.05,59.0,73.17
S02606,53.7,2.0,34.7,30.0,4.0,,14.55
S06884,79.2,21.4,92.6,75.2,9.42,84.7,97.63
S02497,76.1,5.2,48.5,46.9,4.92,30.3,37.91
S00872,77.8,30.6,76.0,71.5,8.64,73.1,75.65
S06339,86.8,16.6,82.3,70.7,6.36,78.6,68.25
S09378,82.8,,31.9,42.9,6.6,46.1,41.63
S00508,78.5,25.5,82.0,74.5,9.01,96.0,90.54
S00351,98.3,23.3,99.7,83.5,8.54,64.5,76.05
S01490,84.8,23.2,63.3,68.6,7.64,43.9,78.14
S05735,75.9,6.2,61.1,53.8,,56.2,53.73
S04172,90.4,11.2,84.2,62.0,7.61,83.2,71.82
S02878,91.4,25.5,100.0,92.8,9.08,77.5,91.32
S08672,69.1,25.5,81.0,76.4,8.7,56.8,87.8
S04716,69.4,7.2,58.5,49.2,6.18,66.6,55.65
S04243,64.3,11.0,56.2,49.0,4.88,37.3,48.52
S07951,45.8,2.6,61.0,41.0,4.19,48.2,28.45
S09656,72.9,9.0,50.3,57.0,6.27,48.0,54.38
S04994,78.3,16.5,61.0,54.6,6.91,53.9,66.85
S02856,92.9,11.7,70.8,67.3,7.98,61.3,81.7
S05036,,22.2,75.2,89.8,8.27,64.6,75.55
S08553,95.2,25.4,89.0,76.7,6.8,88.9,87.59
S03876,68.5,4.8,52.7,49.8,5.42,33.3,61.27
S04509,84.9,15.6,73.8,74.8,8.08,68.6,85.59
S06397,100.0,20.3,92.4,94.9,9.87,,100.0
S00424,74.4,11.1,47.9,61.6,7.47,45.5,68.13
S07777,57.1,2.1,36.8,30.0,5.72,,42.59
S04022,78.2,12.1,92.2,78.8,9.06,79.7,89.39
S02810,70.1,22.4,,81.1,8.2,63.3,85.52
S04321,70.4,2.0,49.2,47.7,5.04,60.3,39.62
S00942,81.9,15.0,79.0,75.5,6.39,69.6,62.71
S07382,81.6,20.5,77.8,70.5,6.19,59.5,61.42
S02179,81.8,11.2,73.4,67.1,7.6,43.7,72.91
S04398,92.2,16.3,75.3,46.7,6.53,66.7,74.93
S08811,70.0,,54.1,55.5,6.99,46.5,43.1
S02029,,19.1,81.1,81.8,6.43,,76.9
S03037,56.6,20.7,59.4,53.9,6.44,71.3,58.27
S05827,79.0,22.0,62.7,60.0,5.86,58.1,62.94
S00076,67.2,7.2,57.3,44.5,5.98,45.0,42.49
S00689,57.5,16.4,81.5,78.0,6.5,59.3,58.66
S02712,41.9,5.2,41.8,47.3,4.0,21.9,25.59
S07826,77.4,15.4,60.4,57.2,6.46,70.5,58.2
S02980,79.2,16.9,70.8,73.2,5.98,42.4,69.91
S00047,69.9,6.9,60.9,43.8,5.83,42.3,46.72
S06944,64.7,2.0,47.2,30.4,5.24,39.3,32.6
S07796,62.6,20.7,62.7,49.3,6.79,42.3,55.33
S00044,69.7,12.6,66.1,47.0,5.43,46.6,58.82
S02063,90.3,21.5,84.2,80.7,6.21,64.5,89.09
S02824,85.4,15.2,70.1,67.3,5.73,58.2,74.74
S08286,61.3,15.2,63.2,80.7,7.03,60.0,67.79
S01467,94.1,26.5,96.4,100.0,9.68,89.5,96.99
S08632,87.8,11.0,62.5,69.1,8.6,53.2,80.68
S00958,80.0,14.4,85.5,69.1,8.55,63.1,89.37
S02513,77.5,16.8,78.6,55.1,7.62,83.7,68.52
S01394,81.1,19.9,,67.2,7.69,70.8,92.85
S03179,51.4,12.8,51.4,60.0,6.93,63.6,61.61
S01019,72.6,4.3,46.5,30.0,4.66,46.4,28.3
S06371,76.4,32.9,69.4,66.2,8.28,54.7,83.73
S09639,63.5,2.0,56.3,56.7,5.36,40.8,52.75
S09328,67.5,11.5,75.7,67.0,8.42,69.6,69.07
S05420,93.7,4.8,68.1,51.4,6.67,72.2,68.82
S01444,71.8,18.3,82.2,66.1,9.14,58.3,85.82
S08346,71.5,,57.6,45.7,5.94,53.2,39.88
S07607,71.8,11.8,72.6,71.4,5.85,48.4,74.66
S01992,89.9,21.9,94.4,76.9,9.23,91.1,100.0
S08856,77.2,18.6,69.4,72.5,7.4,54.6,84.86
S04171,63.8,9.2,62.6,61.6,6.81,57.9,57.86
S00684,95.3,16.1,61.7,63.2,8.03,69.5,75.56
S07389,65.0,6.8,62.6,50.4,6.14,51.5,50.38
S06708,94.9,21.1,77.8,78.2,8.84,63.1,86.16
S05739,74.5,14.9,,66.3,6.49,53.0,50.29
S01016,89.4,25.2,96.1,93.7,7.0,70.0,96.25
S00611,72.4,6.2,49.5,53.0,7.42,67.5,71.06
S04968,44.0,10.7,62.9,43.7,,52.0,42.14
S00835,60.5,29.6,65.2,68.4,7.29,64.2,73.26
S06206,100.0,29.2,100.0,83.7,10.0,92.0,93.38
S07808,95.6,15.9,71.6,75.3,8.15,64.4,84.2
S05642,76.8,12.6,78.3,66.9,7.4,46.5,69.18
S03755,75.4,15.5,80.6,68.3,5.71,51.7,73.46
S05332,85.1,23.8,66.5,55.6,6.52,55.8,63.65
S08052,55.6,6.1,40.2,58.7,5.46,61.9,42.09
S07949,46.7,2.0,40.7,30.0,4.72,32.5,11.07
S02183,86.8,18.0,63.4,50.1,7.3,85.4,68.86
S06126,49.6,12.7,80.9,69.6,5.43,57.4,62.79
S02136,80.5,21.2,96.4,86.0,9.34,72.3,100.0
S08363,78.7,28.2,73.6,57.2,6.82,65.0,60.4
S04778,65.0,2.1,49.0,52.3,6.13,55.2,54.71
S09068,89.6,21.7,83.5,75.9,5.76,85.5,72.35
S05292,68.4,8.1,75.5,63.3,8.86,67.0,69.78
S08344,89.7,18.2,81.9,75.6,6.19,,72.2
S00920,89.6,19.7,80.1,79.1,8.51,93.4,85.02
S02181,58.4,20.2,,53.9,6.4,61.3,60.45
S03131,70.6,17.9,65.8,61.7,6.1,41.5,60.19
S08054,69.5,12.1,73.6,71.7,6.95,60.5,53.63
S04468,40.0,2.0,38.4,30.0,4.27,42.0,19.54
S02689,78.6,17.8,91.3,81.9,9.87,,85.61
S08141,80.7,12.5,81.8,63.3,7.67,58.2,82.53
S02484,63.5,8.8,65.7,57.6,6.07,46.6,49.04
S06230,72.0,8.5,79.7,59.5,6.26,42.0,64.08
S00208,85.6,20.3,88.3,71.4,5.97,74.0,65.27
S01337,80.8,29.5,75.3,69.3,,64.1,81.31
S06548,67.0,22.8,72.1,63.8,6.38,40.3,59.77
S00565,80.8,10.6,53.7,59.6,7.73,54.9,60.47
S00990,77.1,25.0,83.4,72.1,8.28,70.2,94.96
S05214,73.0,10.6,71.1,63.5,6.1,,64.76
S05876,91.7,28.3,63.2,70.9,8.2,68.4,79.93
S05099,80.2,22.9,,77.9,7.95,59.0,72.24
S05948,70.7,8.5,59.1,58.2,7.6,66.3,41.25
S00813,54.9,17.7,81.6,61.8,5.78,55.1,50.31
S00518,78.5,39.0,65.1,67.2,8.14,39.7,79.17
S03001,89.0,15.6,75.1,77.3,5.89,68.0,61.45
S08406,85.9,18.9,100.0,83.3,10.0,83.2,91.84
S02747,74.9,9.3,67.6,67.0,8.43,79.8,77.04
S02364,78.1,9.9,72.9,62.3,8.71,70.7,65.9
S09618,92.3,17.2,69.1,59.4,7.47,49.0,52.86
S08466,90.0,18.4,70.4,80.9,8.53,46.6,87.18
S09279,89.8,31.9,80.2,74.0,7.83,81.1,77.53
S04392,66.5,9.5,73.0,64.0,,62.2,69.89
S01838,63.3,28.0,82.2,79.1,8.57,74.9,93.47
S09341,63.8,2.8,55.5,39.5,5.69,39.5,41.1
S02236,91.3,,95.4,94.4,9.39,68.1,94.57
S01258,61.8,12.6,56.5,44.6,5.25,60.4,53.54
S06589,78.7,9.3,52.2,62.2,6.73,53.0,45.75
S02335,85.6,20.1,73.6,71.4,,44.7,66.51
S07708,65.8,14.6,54.1,74.4,7.05,45.6,64.82
S01487,82.5,10.4,72.1,65.3,7.09,59.6,68.66
S04481,82.5,10.6,,62.7,7.09,63.1,72.6
S07919,77.2,19.0,48.3,50.7,,54.9,63.94
S09601,82.9,29.1,85.0,64.5,7.29,62.2,81.05
S01839,65.2,11.7,63.0,47.4,7.01,59.8,63.37
S01737,84.8,19.9,75.9,75.8,9.23,68.0,84.13
S07248,62.4,4.9,52.5,35.5,4.8,29.8,38.2
S00884,75.7,10.8,63.7,54.3,6.8,49.4,54.45
S02441,76.5,13.8,74.8,71.3,7.18,61.2,66.41
S08947,61.3,22.6,66.4,66.3,7.02,54.6,63.06
S09388,80.0,11.9,65.4,57.6,6.93,53.0,60.5
S08832,81.2,19.1,68.3,72.2,,60.3,63.23
S03617,73.0,7.4,51.2,35.9,6.22,47.2,40.45
S08761,80.4,27.3,63.7,,7.98,51.4,82.12
S08589,91.9,23.8,84.1,87.4,8.8,63.3,88.08
S00035,91.6,10.5,86.4,84.3,4.03,51.4,81.85
S03059,81.4,13.8,82.0,70.0,8.03,62.5,80.72
S01566,100.0,28.5,88.3,89.9,8.73,79.3,94.25
S09004,51.0,7.3,59.3,33.3,4.29,49.8,18.98
S05367,64.2,7.1,59.1,64.8,8.44,60.7,75.45
S06780,68.6,8.3,62.6,53.7,5.9,51.3,44.62
S01054,68.0,12.5,67.5,53.0,8.8,80.9,76.15
S08903,83.7,21.5,83.1,67.3,,48.3,85.62
S05908,83.1,18.7,68.6,60.0,7.64,,74.04
S01485,77.3,26.3,77.6,81.4,8.04,56.8,100.0
S03743,73.9,9.3,,55.3,7.66,55.0,70.32
S08168,74.2,9.6,57.5,48.5,7.77,50.2,53.62
S09111,79.2,16.7,61.3,37.8,4.8,40.6,40.4
S03470,80.6,22.7,82.9,76.0,6.14,69.0,62.11
S03444,88.9,13.0,76.2,79.1,4.58,51.7,60.41
S00391,86.2,21.2,86.4,84.5,7.31,79.7,78.12
S04239,86.2,27.4,71.7,72.7,7.44,71.8,89.13
S02981,78.2,12.0,73.7,59.4,7.87,,71.93
S09998,48.9,2.0,55.3,30.0,6.12,54.9,36.42
S00392,67.6,12.0,87.3,78.4,6.68,47.2,76.77
S04603,85.3,,73.1,70.6,8.99,61.1,85.1
S01628,61.3,13.5,30.0,43.5,4.0,31.7,32.22
S05217,76.2,17.6,60.7,52.8,5.62,59.5,62.07
S03750,88.5,19.3,89.8,87.6,6.76,70.6,81.31
S03443,70.1,10.8,57.6,67.2,9.12,59.5,49.23
S02252,58.4,16.1,70.4,66.7,6.74,56.4,70.45
S08422,91.4,24.4,92.2,86.3,9.87,83.1,100.0
S02926,83.7,3.0,,53.6,6.4,57.0,70.09
S07875,99.5,24.7,86.9,94.8,9.17,70.7,93.23
S05205,89.2,22.4,75.3,74.2,6.3,50.7,63.86
S00215,80.3,2.0,50.1,50.7,,43.1,40.43
S03131,70.6,17.9,65.8,61.7,6.1,41.5,60.19
S03488,75.2,24.6,84.1,83.7,9.08,75.8,91.11
S07161,82.2,16.4,86.7,65.6,8.93,90.1,79.78
S07670,84.4,27.8,86.1,76.4,9.15,70.2,95.86
S00715,67.6,13.3,75.4,66.8,7.12,54.8,68.84
S05944,62.8,14.4,33.5,49.0,5.49,65.4,48.02
S03815,74.9,10.2,59.2,65.7,7.33,,64.11
S07821,59.0,20.4,58.0,,6.97,73.0,70.98
S01493,63.2,2.1,63.0,47.6,5.94,,54.24
S06115,74.8,18.9,80.7,,7.39,76.2,85.01
S04238,72.1,17.5,76.4,67.2,8.05,71.5,76.01
S09901,74.1,19.6,,63.0,,38.3,67.23
S02710,69.6,12.2,65.3,36.7,5.05,42.8,43.31
S08454,58.7,14.6,62.2,39.9,7.14,64.2,60.53
S03248,89.8,20.6,100.0,74.8,8.44,70.5,91.07
S02080,66.2,20.2,74.7,64.6,7.87,72.6,76.2
S07802,56.4,5.7,62.7,41.2,4.46,32.2,43.87
S07881,78.1,17.4,96.6,90.7,8.83,74.3,90.92
S07467,74.4,22.5,58.6,48.9,6.35,65.3,61.83
S02804,83.6,18.4,,74.6,7.93,39.8,71.68
S05614,72.0,7.6,43.6,,5.34,39.1,60.26
S00510,95.3,27.4,91.3,95.8,8.89,,100.0
S02023,85.9,18.8,70.9,,7.85,62.6,61.6
S08386,68.0,19.7,73.3,77.9,,76.8,71.56
S06086,86.1,6.6,71.3,,7.01,55.4,64.71
S07673,76.8,17.5,83.0,70.0,8.76,62.8,84.58
S01794,69.3,12.9,61.8,57.4,6.3,43.6,69.94
S00682,88.1,19.5,81.2,76.1,6.94,68.5,70.83
S06316,65.7,6.4,,45.3,6.33,51.6,45.62
S02337,81.4,11.8,75.3,61.9,6.51,54.7,54.23
S00219,89.1,16.7,68.2,65.4,6.75,34.3,67.34
S05786,86.0,27.7,74.8,,8.3,67.2,89.77
S02074,87.4,24.7,78.2,50.5,7.1,57.8,74.09
S04337,85.7,24.5,81.0,79.6,,60.8,84.25
S06215,81.0,18.2,70.2,70.8,7.56,63.5,73.03
S05197,76.6,22.2,62.3,62.3,7.51,59.5,66.49
S05487,44.6,4.1,73.4,35.1,5.24,34.5,41.37
S09384,86.8,16.6,75.7,85.9,6.09,65.2,74.29
S04774,71.3,18.4,52.8,58.4,6.28,55.7,59.13
S09029,84.3,16.5,82.1,81.1,7.24,78.4,74.97
S04062,84.2,4.0,64.7,54.9,6.91,55.5,46.48
S06808,54.2,,84.8,66.1,6.76,47.8,72.41
S09503,76.8,16.8,76.2,68.6,6.82,56.3,66.78
S05372,75.6,3.2,47.7,52.3,4.69,76.1,45.77
S05331,80.4,15.3,67.1,69.4,6.5,45.6,66.96
S00402,57.9,6.5,58.1,46.7,6.25,56.8,37.44
S05998,77.1,18.6,66.1,62.2,6.63,56.5,71.78
S03868,65.1,4.1,57.7,56.5,4.98,39.0,50.38
S06848,65.1,16.9,69.2,62.8,6.99,55.8,65.93
S01363,72.2,11.1,75.6,,7.62,46.1,54.78
S07311,63.0,20.2,,60.1,5.97,47.8,53.18
S03787,99.5,8.5,47.6,44.5,7.2,55.2,51.69
S08839,58.9,21.0,70.9,44.9,,77.9,46.86
S02543,85.6,18.7,86.6,82.8,4.45,43.9,77.89
S01663,65.5,18.0,68.6,80.0,6.64,82.0,81.23
S06881,56.6,2.7,45.2,40.6,5.35,31.4,38.32
S08258,71.0,11.6,75.3,56.2,8.44,50.9,73.53
S07534,51.3,4.3,40.0,37.1,4.84,,21.13
S04175,48.8,,56.7,51.7,4.77,65.4,36.1
S04360,72.6,21.8,81.5,62.4,,70.6,65.23
S01526,,4.8,44.2,35.1,5.22,37.8,34.77
S07747,73.9,18.8,67.7,67.5,6.66,76.1,63.8
S08160,65.3,11.7,48.2,60.9,6.15,31.6,52.5
S01468,65.8,,57.2,60.8,6.64,60.5,57.3
S03223,,9.6,59.7,57.3,5.64,40.8,43.14
S05962,80.7,19.1,69.1,,7.15,68.7,75.0
S01869,83.1,6.1,48.5,58.7,6.26,55.7,50.52
S00441,77.6,22.1,80.6,75.7,8.49,66.9,91.46
S01860,,21.4,83.3,81.2,6.76,92.9,83.13
S05767,84.0,18.4,92.3,85.2,6.71,55.8,86.94
S06841,49.1,9.2,52.6,48.8,4.29,26.1,40.33
S09141,87.8,15.5,75.8,71.9,7.27,72.3,82.27
S01299,94.3,30.4,87.4,,9.06,82.7,100.0
S00367,64.4,12.8,49.9,46.3,6.05,56.0,56.74
S07672,80.0,29.7,71.1,81.7,8.39,76.2,88.6
S09318,64.5,13.0,,64.3,6.87,83.0,78.64
S08727,75.1,18.2,80.5,72.4,,57.3,78.27
S08532,70.0,9.8,57.1,57.8,6.71,40.3,64.01
S08102,93.2,22.1,70.2,65.2,7.6,67.7,83.06
S01766,99.5,18.3,67.1,95.5,8.85,71.5,87.94
S00095,81.7,2.0,55.3,41.6,4.99,15.1,26.03
S06556,73.7,3.0,58.3,39.5,6.5,54.1,52.46
S05916,82.1,17.8,81.8,70.7,8.05,79.3,65.06
S08047,71.7,6.4,30.0,30.0,5.01,32.1,24.44
S04647,54.4,13.2,49.1,46.8,5.85,50.5,50.87
S03827,75.3,9.3,73.1,63.2,7.05,55.6,63.36
S03073,53.8,18.1,74.3,57.8,6.3,,69.14
S06315,70.9,11.8,67.6,60.3,6.61,75.5,76.38
S09333,68.8,17.5,60.4,65.9,6.32,39.3,60.67
S08995,56.5,7.2,51.4,42.8,5.37,41.9,41.55
S09533,55.3,16.0,49.6,32.1,4.43,36.2,37.6
S00667,81.2,11.7,68.3,55.3,7.33,54.4,40.29
S09786,74.8,8.5,52.1,42.3,6.02,38.8,53.44
S09663,85.4,23.6,76.1,52.3,7.59,55.4,62.88
S03403,98.2,12.1,,39.1,6.86,51.3,66.33
S00738,68.2,2.0,43.4,30.0,5.55,51.6,36.64
S04885,85.6,24.6,75.4,72.6,7.61,77.7,78.84
S01730,87.7,18.8,75.3,70.2,9.52,79.7,80.01
S07679,91.2,,79.9,70.0,7.23,,78.12
S04435,76.6,9.4,64.3,65.9,7.18,45.4,73.53
S08464,75.3,17.1,67.4,59.7,6.93,68.6,55.97
S01171,69.2,13.8,72.8,63.2,8.68,71.3,76.04
S06860,71.0,16.9,67.3,69.4,7.38,48.4,79.81
S02253,84.0,13.3,85.4,75.4,9.71,52.7,85.78
S08980,89.8,27.8,100.0,75.2,8.69,,93.38
S04151,68.3,10.4,59.8,43.1,6.96,46.0,53.22
S00405,84.9,9.5,70.8,54.7,6.1,57.0,67.75
S07659,81.7,17.8,69.1,74.1,7.66,64.3,78.23
S06822,81.8,24.2,67.1,83.3,8.13,66.1,87.13
S01602,95.2,21.2,80.0,82.0,9.83,58.9,95.6
S06678,68.3,14.2,96.5,64.2,8.36,49.9,83.97
S02567,85.0,34.3,84.2,84.8,9.37,84.2,100.0
S01379,64.4,9.6,61.3,67.8,7.23,57.5,50.92
S03985,93.0,21.7,66.4,80.2,8.47,73.7,87.69
S02929,76.4,16.1,81.2,62.3,7.63,54.0,69.2
S04558,86.2,11.2,75.2,79.6,8.47,69.6,69.62
S06617,73.1,28.0,100.0,94.5,8.94,86.9,96.46
S07814,86.2,15.8,,76.5,9.4,100.0,98.09
S04523,74.9,37.9,65.2,64.1,6.83,60.7,80.78
S02071,76.3,22.7,84.8,57.4,7.05,62.9,73.68
S05559,66.0,2.6,69.9,50.4,5.83,65.6,55.26
S01130,60.2,17.5,57.9,57.4,6.27,40.2,67.52
S05905,77.8,18.8,72.0,76.2,7.68,61.9,89.31
S06856,84.5,18.8,70.8,61.2,7.67,64.8,77.32
S03156,54.9,2.0,37.6,41.4,6.08,31.1,30.56
S04425,84.6,31.3,87.5,92.3,7.81,68.8,93.95
S07169,94.3,25.8,86.8,77.8,7.95,61.9,87.46
S03099,50.9,7.0,41.6,39.9,4.59,38.8,25.2
S02963,60.4,17.8,70.1,53.5,7.13,52.8,56.71
S08095,87.5,22.5,84.4,78.7,9.27,75.8,100.0
S03060,85.0,20.7,68.1,60.6,5.98,45.0,81.5
S06194,76.0,11.9,79.3,57.0,6.73,67.4,60.06
S01356,84.0,24.6,99.9,89.6,10.0,64.5,97.28
S04102,78.5,20.2,70.3,82.2,7.8,60.9,76.06
S04951,77.1,13.7,72.1,59.7,8.94,77.6,74.28
S01151,57.5,7.3,73.0,48.0,6.49,55.2,45.1
S08486,82.9,18.9,59.2,57.8,6.75,53.9,64.9
S09591,89.4,16.6,95.9,74.5,9.85,,94.81
S09319,55.3,11.0,85.9,60.5,8.47,64.3,49.26
S09193,80.3,,74.6,57.3,8.55,59.5,72.4
S02717,82.9,18.0,74.8,70.5,6.31,61.9,78.91
S00525,79.0,9.5,68.8,70.9,7.54,39.9,69.76
S08032,72.1,2.0,66.2,54.1,7.24,57.8,49.03
S04619,100.0,32.4,97.3,90.8,9.1,,90.74
S05506,65.9,,77.9,74.8,7.42,59.7,79.76
S01195,47.4,2.0,52.2,45.5,5.02,49.6,21.59
S07191,74.5,2.0,45.3,30.0,4.92,46.1,28.52
S01691,92.1,18.2,77.0,82.7,7.73,70.1,81.27
S07805,90.5,25.5,76.9,78.0,7.97,58.6,83.12
S01001,50.1,12.1,59.2,30.0,5.73,48.7,38.46
S07561,59.2,,56.9,43.8,5.12,49.3,32.78
S07539,52.0,2.0,31.0,37.0,5.95,56.0,27.62
S09423,58.9,2.0,54.5,39.5,,32.2,46.41
S09819,78.3,10.3,79.4,71.6,9.01,76.7,83.34
S05153,77.8,11.7,80.1,73.4,8.51,88.3,68.13
S03598,89.8,19.0,76.2,76.8,5.92,70.4,65.82
S04078,80.2,20.8,72.8,66.3,7.92,68.8,87.05
S03984,70.3,21.1,64.2,64.0,7.02,51.5,51.51
S09528,88.8,19.2,95.4,87.0,8.69,,93.85
S08887,79.0,17.3,79.3,75.2,6.59,53.7,76.94
S09491,69.0,2.0,68.7,64.2,6.97,48.2,58.72
S03408,84.1,24.2,73.8,83.2,8.39,70.2,75.98
S06765,69.0,15.5,59.2,63.2,6.91,60.8,72.59
S04365,73.1,2.8,73.6,48.5,5.65,21.5,48.55
S03116,74.2,10.5,51.5,34.7,5.2,37.0,36.96
S03150,76.2,,80.0,83.1,9.64,,85.87
S07842,82.2,10.3,77.2,58.4,7.59,63.6,59.6
S01473,76.3,12.6,64.1,53.9,7.11,72.1,63.34
S06088,64.1,19.4,59.7,64.3,5.66,45.2,44.75
S01574,63.7,12.9,46.3,49.6,6.99,59.5,61.44
S03187,75.7,9.2,60.5,60.6,6.22,52.0,56.01
S05298,78.8,19.8,83.5,61.3,6.53,64.1,68.75
S06072,76.1,22.2,61.2,78.2,8.23,76.9,74.51
S09558,89.0,10.8,76.8,55.0,7.43,43.5,72.48
S00586,51.7,3.9,63.6,60.2,6.64,41.9,52.02
S03252,59.7,5.0,45.1,32.7,4.58,40.8,38.37
S09573,93.4,22.7,94.9,91.4,9.13,93.9,100.0
S09182,40.0,7.2,43.6,37.1,4.58,47.2,29.44
S09473,67.3,12.7,66.6,61.1,5.96,76.5,65.54
S02748,73.1,22.0,72.1,60.4,,80.8,72.26
S06914,67.4,20.7,72.8,66.5,7.35,56.3,83.34
S00099,74.1,,74.2,66.6,9.17,87.2,84.81
S06982,74.2,8.0,66.4,49.5,5.1,49.9,55.01
S01370,78.3,,64.8,46.4,6.41,51.1,59.47
S07357,,14.5,50.6,41.7,5.46,59.6,48.71
S03284,93.2,17.7,71.5,69.6,7.51,68.4,92.86
S03044,67.2,6.6,55.0,41.2,,52.1,43.98
S02282,62.2,2.0,48.3,30.0,4.4,26.5,27.52
S06749,75.9,13.3,61.6,61.8,7.68,44.7,89.77
S01103,72.1,14.5,46.4,52.7,7.28,40.9,49.81
S01696,77.5,16.3,86.7,73.9,8.35,58.9,86.04
S02481,56.8,9.0,32.4,30.0,5.46,25.5,37.17
S05515,68.8,9.1,95.8,58.5,8.34,53.3,67.19
S06547,87.2,23.0,79.0,82.2,8.29,72.8,75.72
S03837,80.0,11.8,79.1,67.2,8.22,73.52,79.57
S09256,81.7,17.7,81.3,82.9,6.44,50.2,81.81
S07978,87.5,20.2,81.3,76.1,7.24,56.9,96.43
S02514,73.7,19.5,55.3,69.5,7.45,67.2,64.5
S06786,92.2,21.4,85.9,81.2,9.05,63.3,83.25
S03549,81.1,14.8,100.0,65.1,8.87,74.1,69.61
S08795,87.7,27.6,93.2,89.1,7.55,79.5,94.3
S00108,73.3,10.3,56.8,37.4,5.69,42.3,39.8
S01563,87.1,6.0,49.6,56.0,7.18,47.2,72.86
S08082,85.0,19.9,,65.8,7.03,69.5,71.24
S03231,65.2,24.0,74.0,69.2,7.52,70.6,70.81
S05620,66.8,13.6,81.1,56.6,6.75,54.5,54.38
S08150,69.2,24.1,66.1,67.0,7.77,56.0,59.27
S00618,89.7,12.6,49.2,49.0,5.81,33.8,57.28
S06694,85.1,21.9,98.2,100.0,9.06,91.2,100.0
S06291,75.0,8.1,66.4,60.6,8.07,52.7,60.84
S02314,,4.9,53.7,61.8,5.02,26.4,44.41
S00865,84.1,16.4,64.4,54.1,7.94,50.8,74.33
S02406,85.9,21.1,59.3,77.0,7.88,49.7,78.01
S01414,80.6,8.5,70.5,52.6,7.21,55.9,73.44
S01940,73.7,12.1,57.6,69.7,6.49,58.3,66.29
S09848,59.7,4.9,62.4,,5.28,53.6,51.72
S08806,100.0,26.3,90.6,80.1,,96.9,84.56
S08959,68.0,19.6,47.1,64.0,7.07,52.2,73.96
S09360,96.6,37.4,87.2,100.0,8.84,76.2,100.0
S01534,86.2,24.8,72.7,87.5,10.0,73.7,93.71
S04606,62.7,38.8,65.4,64.3,7.46,43.8,74.28
S07946,86.5,18.0,81.8,75.2,6.14,63.9,81.7
S04485,70.6,20.7,68.8,,7.43,45.3,72.17
S09385,92.6,26.2,86.9,95.3,9.61,72.2,96.08
S03623,85.5,16.8,81.1,80.6,8.22,66.9,87.78
S03356,65.1,6.2,51.3,42.2,5.29,52.4,58.81
S07518,82.4,15.6,76.9,55.7,6.0,56.2,76.7
S02529,61.5,8.9,55.9,38.5,5.69,55.0,66.69
S08836,78.8,11.0,72.6,70.6,6.14,39.8,74.3
S03563,79.9,8.2,56.4,46.8,6.12,40.8,54.78
S09899,63.3,7.5,39.3,37.9,6.31,40.0,45.62
S08000,76.5,6.7,63.8,63.6,6.81,55.3,65.0
S02734,71.4,11.7,59.3,52.9,,43.1,52.78
S08688,85.2,15.6,74.7,72.1,7.35,61.3,61.75
S07466,100.0,25.5,90.1,93.5,8.55,68.0,99.58
S05261,66.4,2.0,43.8,32.3,4.76,17.5,39.85
S04788,85.4,,78.3,75.8,,78.1,82.55
S06110,72.4,22.1,77.0,73.8,6.31,64.1,67.0
S03166,100.0,32.9,88.9,100.0,9.58,76.8,97.91
S09109,86.7,10.7,69.8,70.8,8.95,87.1,73.68
S01283,74.6,13.5,95.6,73.9,8.38,92.8,86.97
S05945,63.5,16.9,65.5,73.9,6.84,63.8,76.54
S01021,64.0,12.7,65.6,60.4,7.59,54.4,61.4
S04776,82.2,13.8,74.4,60.1,8.03,76.7,78.79
S06130,66.6,2.0,51.6,38.5,5.54,41.3,35.34
S06480,78.5,13.9,96.2,,8.28,81.4,76.85
S07928,68.2,10.0,95.0,71.2,8.06,63.8,74.64
S03786,69.2,13.3,53.2,56.1,5.59,21.6,43.76
S01941,83.8,19.1,81.1,72.0,6.01,60.7,92.1
S02619,60.3,7.9,50.3,30.0,5.25,41.4,51.64
S03008,79.5,16.8,,89.3,7.18,61.0,83.87
S06607,98.1,25.5,99.0,81.6,9.49,69.5,73.77
S06537,,19.0,78.0,60.5,6.69,80.9,75.58
S05330,92.3,25.6,86.2,83.5,8.52,73.4,90.56
S02127,81.4,,83.1,82.1,6.15,61.6,75.59
S03152,73.1,29.8,83.7,59.9,6.35,58.4,63.24
S08462,55.6,13.7,63.8,35.8,5.43,42.4,55.45
S06413,93.9,25.6,93.9,94.2,6.85,,78.94
S05681,,17.1,72.2,81.2,6.79,53.4,80.7
S01716,100.0,38.2,100.0,,,91.0,99.06
S06913,99.4,13.9,81.6,66.0,8.26,64.9,71.37
S02198,70.3,14.4,80.4,55.7,7.96,59.8,67.42
S06709,67.6,20.0,61.5,68.7,6.85,82.7,70.25
S05075,74.2,23.0,67.1,71.4,7.65,74.1,73.39
S07001,84.6,18.5,77.0,70.4,8.19,80.9,79.98
S06055,86.9,26.3,89.7,75.2,8.41,81.4,100.0
S05092,90.1,22.2,92.1,100.0,9.54,74.7,95.29
S02585,81.9,13.4,54.7,68.3,,59.6,66.84
S08077,72.3,19.5,82.9,64.3,8.86,61.2,82.42
S04653,71.1,4.1,70.8,52.4,8.13,66.0,45.27
S01952,93.1,15.9,66.8,73.9,6.9,69.4,78.6
S02786,78.5,12.7,68.4,87.8,7.83,52.0,72.38
S01427,60.1,17.0,66.0,66.1,7.65,49.2,63.15
S00275,48.3,2.0,34.4,30.0,4.73,30.4,11.61
S07929,88.5,16.4,85.4,68.7,7.47,63.0,80.89
S09254,75.2,27.1,81.9,71.8,7.75,68.9,83.87
S06340,83.5,21.5,87.2,81.6,7.22,68.4,78.55
S04578,75.7,9.5,83.2,68.7,,70.4,86.99
S04084,69.7,21.6,67.5,54.3,7.84,59.4,68.74
S01644,95.8,17.9,66.5,74.8,8.48,53.14,89.46
S09525,82.6,17.7,73.9,64.2,6.19,35.6,72.34
S02353,89.4,19.7,81.0,70.8,8.16,62.4,82.55
S04500,70.2,14.7,,62.0,6.23,42.9,71.22
S03847,80.2,24.9,77.2,85.2,,59.6,95.44
S07999,69.8,14.6,66.9,,8.15,54.4,76.71
S02174,65.1,16.9,66.5,68.0,6.72,62.1,56.26
S00417,68.9,14.5,68.3,70.9,7.57,74.8,68.38
S03871,60.0,18.1,,,7.83,63.9,55.59
S01420,55.2,16.8,55.2,49.5,6.62,50.4,46.31
S04539,67.1,4.1,50.5,37.2,5.46,41.9,43.26
S07841,75.2,9.9,77.0,59.8,8.52,79.7,72.07
S01326,86.7,29.9,100.0,90.5,8.79,82.1,85.19
S04694,75.9,10.7,56.8,54.0,6.01,,60.25
S01932,84.3,14.9,63.8,63.9,7.08,49.1,74.97
S09262,60.0,11.6,62.8,58.4,6.25,47.2,56.22
S04929,85.7,25.7,61.3,75.0,7.67,68.1,89.05
S01165,86.8,17.1,74.9,73.7,7.2,76.2,75.68
S05708,58.9,5.0,60.5,31.8,6.32,25.7,35.42
S02743,67.1,18.9,66.1,67.6,6.55,50.7,63.78
S06563,52.0,2.0,30.0,31.6,5.04,36.5,32.65
S07055,85.9,21.1,86.6,75.9,7.87,78.5,88.36
S00461,72.5,12.4,47.4,35.7,5.97,,67.13
S06783,95.7,19.5,82.2,78.0,7.54,68.8,63.24
S07142,62.9,10.1,45.4,39.2,,58.6,42.06
S00546,78.2,10.1,79.9,73.4,7.65,61.8,82.83
S05702,89.9,16.3,69.2,64.0,5.28,54.4,57.5
S09198,59.9,27.5,71.4,63.3,8.35,,75.26
S07498,65.1,14.6,60.7,70.6,6.92,50.0,82.0
S07320,84.6,12.1,67.2,60.1,7.8,53.3,74.0
S01853,91.5,11.9,89.2,68.4,8.05,66.3,88.13
S06986,95.5,31.6,87.3,64.9,9.26,,100.0
S04417,95.2,4.8,87.6,80.9,8.39,73.7,84.5
S01552,70.9,23.7,59.8,69.6,5.87,68.2,62.69
S06375,95.5,25.0,68.9,90.0,8.96,71.6,82.78
S04920,65.2,14.1,86.1,74.0,8.12,57.0,79.35
S08827,92.6,,90.4,100.0,,85.9,100.0
S08490,100.0,30.4,100.0,85.6,10.0,77.7,100.0
S03778,70.4,8.0,63.7,57.1,7.95,51.7,62.07
S06706,79.8,40.0,94.2,86.3,8.42,75.3,96.46
S04708,55.8,5.0,51.9,33.6,4.98,36.7,28.18
S08529,65.3,15.1,67.1,54.2,7.22,53.9,64.86
S01176,77.5,20.3,68.2,65.7,6.87,,72.83
S00174,74.4,10.6,54.5,60.9,5.99,37.3,48.44
S05463,58.0,3.0,45.0,30.0,4.63,18.3,37.47
S02332,68.4,15.5,63.4,62.9,,69.7,63.22
S02049,76.8,12.7,76.1,73.9,6.38,78.3,68.13
S02171,77.4,12.3,83.6,56.1,7.58,44.8,65.97
S06524,80.9,12.4,74.2,58.0,7.64,,55.85
S02470,87.8,20.5,73.2,67.6,6.69,61.2,82.49
S01597,60.1,24.2,50.8,63.7,,51.7,67.78
S03645,56.7,11.3,46.2,48.7,5.51,27.2,40.14
S04063,67.3,14.3,,42.4,5.8,58.7,50.42
S05344,79.6,16.9,65.6,67.6,7.08,63.0,70.21
S04833,52.9,2.0,53.2,46.1,4.65,31.8,21.23
S07647,90.1,16.3,96.4,89.4,9.44,87.1,97.7
S03987,87.0,14.7,85.3,87.6,4.47,79.0,63.5
S07899,64.8,10.6,69.3,48.7,5.25,46.7,56.58
S02118,86.2,10.1,50.6,44.1,6.48,38.5,59.25
S07585,73.8,13.8,67.9,63.3,,63.7,67.69
S06752,74.6,9.8,59.3,62.8,8.73,76.9,82.25
S09410,59.0,8.6,58.2,55.9,6.08,46.7,63.83
S05669,81.8,,83.6,76.6,5.89,,74.93
S03025,70.2,12.3,60.5,48.4,5.95,50.2,53.84
S04189,78.5,24.8,65.1,82.8,7.38,53.7,90.91
S07897,58.3,9.2,57.0,55.4,5.48,57.0,66.92
S08831,76.4,17.8,65.2,51.5,7.32,64.6,46.3
S00260,53.1,5.8,53.7,51.1,5.15,40.2,32.33
S07921,60.2,11.8,45.8,54.9,5.12,36.8,75.41
S01692,92.0,13.8,72.6,69.9,4.59,67.6,80.74
S09707,85.6,13.0,76.4,71.5,7.58,68.8,68.99
S08247,84.5,18.0,50.0,53.6,6.7,58.4,56.04
S07384,67.0,26.8,68.9,59.0,8.47,58.1,69.41
S04069,55.4,9.0,46.6,46.6,5.78,49.0,57.31
S03294,75.6,19.6,79.4,74.8,7.3,58.7,82.62
S05445,62.9,18.9,,73.8,6.18,64.1,80.89
S01760,100.0,24.1,92.6,81.0,8.22,88.4,84.05
S01196,83.4,28.6,87.3,100.0,9.3,77.5,89.87
S07344,83.4,14.6,56.4,67.9,7.46,72.7,72.42
S03204,87.1,28.6,68.0,69.9,7.38,56.4,78.45
S06564,72.0,5.5,88.4,53.7,7.33,66.3,79.18
S06313,78.9,21.7,86.0,82.4,7.78,72.7,93.89
S04089,73.5,14.9,66.1,61.8,5.98,51.5,54.68
S04194,67.8,21.0,73.4,71.8,6.93,77.6,80.26
S02150,69.6,20.3,89.8,72.0,8.96,83.7,78.17
S07697,74.3,36.5,74.4,83.7,8.07,75.2,86.92
S01618,,18.0,78.0,66.7,6.26,,80.67
S03897,54.3,15.2,51.7,49.0,6.2,52.6,64.03
S06057,80.1,10.3,65.1,59.0,6.3,81.0,65.62
S05327,64.5,3.3,66.7,61.3,6.71,52.5,54.88
S04214,72.8,15.2,73.8,68.4,6.14,53.6,65.24
S06979,66.8,10.3,71.1,59.7,8.1,66.9,63.92
S08603,59.8,5.7,63.8,52.0,8.27,43.2,41.97
S08351,75.6,19.2,83.5,64.6,,60.1,86.72
S01865,81.8,11.6,64.9,54.3,6.26,50.2,72.42
S06705,95.2,35.0,81.6,72.6,8.41,68.1,79.9
S06050,95.2,30.4,96.7,87.0,10.0,61.9,100.0
S05380,47.7,2.0,60.9,41.6,5.86,,44.83
S06591,77.0,13.5,58.1,66.9,7.38,53.6,68.59
S05182,78.5,19.0,74.0,76.1,5.78,76.3,66.04
S07894,54.6,12.3,58.7,49.8,5.99,60.2,38.21
S03399,61.6,2.3,50.8,70.7,7.31,48.5,59.61
S07901,96.6,22.5,65.0,62.9,7.37,64.6,80.06
S05960,78.7,5.4,71.4,71.7,7.79,54.5,83.54
S02114,74.9,8.4,66.9,54.4,6.07,50.6,54.57
S00633,83.5,12.7,70.8,73.1,8.3,64.8,76.56
S03033,63.9,10.4,45.0,55.7,6.18,64.6,50.4
S02795,97.7,23.2,81.4,90.7,,77.6,91.77
S06029,79.8,23.8,100.0,75.4,8.88,70.1,83.31
S07964,64.5,10.8,67.0,63.5,7.17,71.5,64.18
S03510,69.9,24.5,73.1,68.9,7.08,70.8,72.86
S08920,87.3,30.2,88.5,82.2,8.51,84.4,84.63
S05080,82.0,23.9,73.4,75.0,5.93,81.3,77.52
S05066,64.6,10.1,65.9,55.3,6.52,57.8,54.79
S03401,78.1,23.1,73.9,70.6,6.56,66.3,62.55
S02105,71.2,8.1,58.3,48.7,6.01,42.3,48.21
S08196,80.7,26.1,81.8,82.1,9.21,44.5,90.84
S06485,88.7,19.3,85.8,74.5,8.78,64.5,76.6
S07373,60.7,9.7,55.5,49.7,5.53,38.7,51.8
S02030,56.8,7.3,39.4,42.1,5.92,50.6,42.07
S06830,48.1,13.7,49.7,42.5,6.43,34.0,40.89
S05203,75.4,17.6,73.0,71.7,6.15,60.6,66.98
S08527,68.3,12.5,69.7,61.0,8.88,37.2,61.29
S01851,91.8,24.9,89.8,81.6,,69.2,100.0
S06820,84.2,12.9,75.6,88.7,4.8,71.1,79.32
S08065,87.3,19.2,85.7,86.6,,64.9,91.0
S05419,89.6,18.2,77.2,73.9,6.04,47.2,63.35
S01631,92.9,31.4,82.8,81.1,7.17,88.9,75.86
S09737,45.9,12.4,58.1,45.8,6.08,43.1,58.38
S08664,86.1,16.2,79.3,70.1,8.9,72.5,87.25
S01780,79.6,15.0,89.1,85.7,8.46,72.2,93.95
S03273,93.1,32.6,100.0,92.1,9.75,86.8,100.0
S07656,80.3,38.0,95.5,96.2,,87.6,100.0
S02391,87.0,15.9,90.4,75.5,7.57,78.4,72.36
S03977,72.0,11.4,66.7,46.6,6.21,44.5,54.23
S07094,65.6,2.0,66.1,45.4,6.16,49.9,50.85
S09062,82.6,20.1,54.0,49.1,6.77,41.2,71.67
S06715,65.1,4.6,54.2,41.8,6.6,31.4,43.09
S02809,87.1,29.3,88.5,94.5,9.08,75.5,100.0
S08663,74.5,13.1,78.5,64.9,8.49,78.4,82.8
S04958,47.1,14.2,66.8,51.6,5.65,47.6,53.17
S00378,86.0,15.8,68.7,44.6,6.76,61.8,49.5
S03028,82.9,,77.2,71.7,5.88,67.2,69.63
S08493,91.3,19.8,78.7,78.6,6.64,56.4,83.93
S02921,70.4,13.8,69.3,64.5,6.99,56.8,68.18
S04830,51.1,19.0,49.9,38.4,5.02,47.6,28.62
S07624,73.8,11.9,73.3,68.2,6.27,60.0,79.44
S04058,56.9,18.0,75.1,53.7,6.24,,63.42
S02886,78.3,21.0,77.4,66.3,8.26,59.6,93.45
S08233,68.1,8.8,40.0,49.4,5.69,,43.82
S04273,100.0,37.1,100.0,97.9,9.62,77.0,100.0
S02499,70.7,12.2,69.0,64.9,6.07,49.8,53.62
S02090,86.4,,81.5,78.5,8.56,56.9,88.83
S00009,72.8,12.4,64.0,50.1,5.65,44.6,56.06
S05932,65.1,17.1,65.7,67.3,6.05,63.3,58.61
S06918,91.6,21.7,78.5,91.4,8.79,81.2,87.87
S09418,88.7,16.4,68.1,67.7,7.7,78.8,75.35
S05616,59.0,9.5,57.7,44.7,,29.9,59.94
S06714,68.4,10.3,67.9,68.4,6.07,47.5,61.63
S03558,82.8,21.8,87.6,79.0,6.29,36.1,67.9
S00107,81.5,20.2,66.8,71.2,7.58,63.3,73.36
S09099,71.6,16.1,85.9,73.4,8.81,69.1,83.91
S08076,76.1,15.8,78.0,69.2,8.39,64.0,87.82
S09477,79.9,16.6,48.8,64.1,7.1,75.5,62.62
S06461,80.0,12.0,94.9,74.4,9.57,67.5,84.94
S08854,81.7,18.5,70.2,72.0,5.6,41.5,55.93
S02545,74.6,12.1,80.0,65.9,8.77,51.0,79.85
S01701,78.4,11.7,72.4,71.8,7.43,65.8,79.9
S02744,62.3,23.3,76.8,52.4,8.19,44.9,64.42
S05161,76.7,33.1,75.6,74.3,7.13,66.5,94.39
S03482,73.7,14.2,98.4,68.5,9.14,52.0,85.68
S06253,78.8,19.3,72.8,73.6,6.22,48.4,75.56
S09878,64.3,16.5,58.3,37.2,4.43,38.9,51.06
S05516,84.9,2.6,71.3,79.9,7.35,65.8,65.88
S03767,70.2,19.8,74.3,63.7,7.44,66.6,82.38
S09104,74.3,4.1,44.7,34.3,4.89,40.2,42.04
S09948,76.2,26.1,61.3,67.0,7.61,41.9,64.93
S03763,70.8,15.2,89.8,64.7,8.93,56.7,100.0
S03363,90.5,34.0,68.9,80.7,9.6,86.0,100.0
S09703,81.1,19.3,76.3,69.6,6.1,85.2,83.43
S08325,74.0,20.4,69.2,54.4,8.31,77.4,76.71
S02986,77.5,24.4,86.2,81.4,7.81,58.6,73.1
S00164,65.8,19.3,92.5,75.8,6.86,55.6,70.19
S01132,50.9,8.5,48.9,51.1,4.71,38.8,42.95
S08963,77.1,,65.8,44.6,4.99,41.4,35.02
S06717,62.9,14.6,75.3,56.3,6.72,40.5,63.71
S01369,82.1,12.6,61.2,63.3,7.61,46.3,76.77
S08530,66.1,15.7,52.2,53.1,5.27,48.5,60.09
S05440,71.7,6.6,65.9,63.2,6.45,40.8,67.55
S07905,81.7,15.6,70.2,53.7,6.84,48.5,65.13
S05112,81.1,23.1,85.0,78.0,7.05,49.2,81.01
S07354,59.8,20.3,66.4,73.4,5.89,48.3,70.13
S03286,63.3,10.1,81.7,53.8,7.94,33.5,76.79
S04779,62.4,14.8,,47.2,5.89,46.5,44.22
S07362,76.9,18.9,67.4,57.3,7.24,61.2,60.4
S06754,67.7,6.9,52.6,30.0,5.31,59.2,34.99
S04740,94.8,28.9,100.0,100.0,9.27,83.0,100.0
S08554,67.8,10.8,55.1,57.2,6.32,,53.85
S02838,40.0,2.1,47.9,37.9,4.0,44.8,24.99
S00187,97.0,26.0,91.1,93.7,9.46,87.7,100.0
S00869,83.5,23.2,85.0,69.5,8.44,39.4,82.9
S03314,,2.0,43.5,41.9,4.96,46.1,47.14
S00336,90.2,,72.4,66.6,8.67,,76.14
S02504,78.2,22.6,80.7,75.3,6.37,77.3,71.81
S09944,74.3,10.2,87.9,76.3,7.36,60.7,63.8
S01128,66.3,4.7,55.7,54.3,6.11,58.4,58.26
S03446,85.9,24.3,82.1,79.6,7.02,66.5,89.82
S03124,70.5,10.0,56.4,66.3,5.42,53.8,57.24
S01469,68.9,6.3,51.7,33.8,5.18,25.6,38.19
S09026,67.3,6.0,65.8,63.1,8.33,,70.84
S06670,67.4,11.1,60.4,48.7,,54.6,62.81
S04427,78.9,14.6,68.3,43.3,6.58,50.6,59.91
S07239,63.1,,59.8,50.7,5.9,48.6,57.37
S02911,64.8,2.4,56.6,38.3,5.33,35.4,47.38
S01964,70.5,13.1,45.4,65.7,4.98,47.09,62.34
S00074,55.1,2.0,30.0,35.9,4.0,41.4,33.41
S09125,74.0,10.4,,54.7,7.43,60.1,60.61
S00755,92.9,36.8,,81.4,9.45,57.8,82.13
S01149,99.5,28.4,,82.7,8.86,70.1,100.0
S02668,89.4,28.4,100.0,100.0,10.0,75.3,95.02
S07090,54.8,2.0,54.8,37.0,5.11,31.4,36.68
S00277,60.2,2.0,38.8,30.0,4.0,40.1,27.53
S09891,45.8,11.9,34.1,38.2,5.53,51.7,28.8
S08298,60.8,21.8,,61.0,9.17,62.4,78.56
S02715,80.2,16.5,58.4,43.4,,58.1,53.41
S00355,76.7,20.4,79.9,71.0,8.67,68.4,72.0
S06450,92.4,14.4,82.5,69.8,6.31,41.8,66.51
S08218,70.3,8.1,61.5,60.5,8.24,53.1,76.45
S07441,92.3,23.4,100.0,98.4,10.0,76.7,100.0
S03922,69.5,4.2,53.6,33.0,6.74,48.0,28.29
S07047,69.2,7.4,43.7,35.8,5.1,26.8,42.61
S07251,69.2,19.3,71.2,66.6,8.25,49.0,69.64
S01943,79.4,16.0,76.2,64.4,7.24,48.2,72.7
S03424,63.0,17.5,46.5,58.4,6.86,70.5,81.57
S05811,52.7,9.5,31.8,51.1,6.13,36.3,23.59
S02825,51.7,9.0,42.4,30.1,5.79,36.4,38.17
S08654,97.4,28.8,100.0,94.6,10.0,100.0,100.0
S04009,53.0,2.0,42.3,37.2,4.58,57.1,44.63
S08039,66.7,10.5,58.0,63.6,7.8,52.2,77.1
S00193,67.1,8.8,48.5,45.1,6.75,44.6,57.16
S04154,63.7,4.6,39.0,37.1,5.03,42.8,39.32
S03789,74.6,10.7,68.9,69.9,8.47,67.9,73.41
S04791,70.3,16.1,100.0,70.7,8.58,78.3,89.83
S01417,69.0,2.1,62.2,42.6,4.86,52.1,52.47
S01627,85.1,21.8,81.9,70.6,8.69,46.3,72.12
S00589,88.1,25.1,88.6,77.8,7.96,57.9,93.08
S09614,60.2,2.5,37.9,33.3,5.42,,48.74
S07755,70.5,13.9,,73.6,7.57,71.5,84.51
S08412,64.6,13.5,60.5,43.5,5.86,39.5,57.83
S01131,79.7,32.6,94.1,78.1,9.69,72.0,96.4
S00989,61.4,8.8,57.4,37.3,6.05,26.5,37.35
S03075,66.0,12.4,81.8,62.7,8.56,43.3,80.69
S06224,68.5,11.4,64.9,54.4,6.41,57.0,55.71
S08296,72.0,14.5,,71.1,6.84,60.3,79.3
S06003,85.1,35.2,59.8,62.7,8.72,71.2,93.32
S04610,92.2,35.4,64.1,61.3,8.59,56.5,73.43
S05830,79.1,14.7,69.49,65.7,,76.0,68.37
S00067,66.0,15.6,64.1,49.4,6.66,56.8,75.06
S09620,62.2,6.5,60.4,51.9,5.53,55.1,48.71
S03602,78.4,2.6,67.1,61.5,7.05,49.5,61.44
S06107,74.4,7.0,,33.0,7.2,50.0,48.68
S06486,82.8,27.4,72.3,82.7,8.62,78.2,94.39
S00308,93.3,14.6,82.5,71.4,8.39,39.0,74.73
S00217,73.7,16.2,59.9,56.9,7.71,27.2,63.58
S06155,71.5,29.0,88.0,72.4,8.7,73.2,85.68
S09076,78.5,9.5,69.2,79.9,7.13,60.4,79.08
S02104,81.9,17.4,70.4,76.4,7.96,66.2,85.29
S08640,67.2,14.0,59.0,44.6,6.57,49.3,49.91
S07512,68.7,6.7,48.1,52.7,5.28,,52.75
S00776,95.2,22.5,66.4,73.1,8.08,87.0,82.67
S06366,90.0,21.2,71.8,73.6,8.3,41.0,79.45
S02063,90.3,21.5,84.2,80.7,6.21,64.5,89.09
S01497,74.1,13.3,95.5,69.4,8.94,69.3,77.64
S03842,80.7,19.3,74.4,81.8,6.3,59.8,92.07
S09493,59.3,11.9,67.6,49.2,6.11,64.8,54.86
S02757,76.2,22.0,73.1,72.0,7.09,32.7,70.29
S05091,65.6,6.2,,55.9,,40.4,60.87
S04466,81.9,22.6,75.3,82.9,8.64,67.4,79.82
S03176,78.7,16.7,64.7,53.7,6.56,78.8,54.71
S08321,64.5,16.5,80.9,68.0,7.22,82.3,56.31
S00660,79.2,16.4,72.3,67.2,,,77.7
S02658,78.5,11.8,66.5,68.1,7.07,64.8,61.91
S03851,78.2,18.8,,66.4,7.09,,58.84
S00085,48.2,11.3,50.7,30.0,5.63,20.3,39.57
S02910,71.7,16.8,61.9,44.7,6.82,38.9,59.63
S08112,73.1,13.6,100.0,68.6,,90.7,76.46
S02811,61.0,15.3,61.9,51.7,8.3,55.2,64.38
S09611,68.1,21.6,78.2,75.1,9.11,71.5,85.75
S04210,92.1,23.6,89.3,100.0,8.61,85.1,100.0
S02895,67.6,10.7,49.5,72.1,6.82,62.3,50.43
S07758,78.4,20.4,70.1,86.6,7.72,72.5,94.67
S08927,79.3,16.9,77.8,81.5,8.42,59.1,76.87
S00886,60.0,7.5,52.4,63.1,6.13,52.6,49.54
S00596,69.8,16.0,79.9,72.5,,41.8,75.16
S07674,75.2,21.8,91.0,70.7,6.23,73.4,74.01
S03076,83.0,,93.5,71.6,8.69,72.2,92.67
S03311,89.0,34.1,64.6,67.8,8.02,56.6,78.69
S04559,75.4,15.8,62.7,62.6,8.23,57.7,75.97
S07290,75.9,22.4,74.2,71.8,6.39,48.2,75.37
S03647,82.3,14.7,82.2,80.4,4.46,82.0,68.7
S06847,57.2,,52.1,48.6,4.27,39.5,29.88
S02045,79.9,14.7,81.5,76.6,8.12,75.3,79.34
S04783,71.7,15.86,59.5,53.1,5.97,37.5,45.37
S00384,67.0,16.0,77.8,72.0,6.72,44.3,71.99
S08135,61.4,11.9,71.5,61.2,7.38,44.8,66.23
S02449,59.1,,48.2,30.0,4.44,36.2,24.8
S09312,61.2,15.2,61.2,51.1,6.49,54.4,52.79
S05899,65.4,8.3,74.4,59.6,8.67,67.6,68.96
S05615,93.7,20.3,79.8,91.8,9.3,79.8,96.68
S04423,91.2,15.1,89.8,90.5,9.64,72.4,91.1
S04879,62.9,2.0,38.2,31.5,4.0,32.2,26.48
S00661,54.4,7.6,56.0,50.3,,41.4,42.6
S03547,75.2,21.6,73.7,72.2,8.74,66.2,69.61
S01732,,7.7,46.2,58.4,5.99,65.4,57.33
S00779,,7.0,49.9,33.7,4.87,23.4,38.45
S06079,84.2,25.9,62.0,61.2,8.11,58.1,90.62
S06349,,23.2,,83.5,7.93,69.1,93.2
S01976,72.5,20.0,67.3,75.3,6.96,70.8,77.63
S02362,72.8,8.9,,66.1,8.58,71.8,71.93
S01558,86.9,18.3,82.6,75.6,6.12,69.7,68.55
S06326,76.1,17.5,63.9,45.5,,58.4,56.58
S09122,82.3,6.8,65.3,59.0,6.45,58.3,66.84
S09298,66.8,2.2,36.5,37.8,5.35,41.9,35.4
S04563,,15.4,76.8,86.3,9.54,93.8,79.92
S02582,66.9,18.7,64.9,47.8,7.09,55.5,75.8
S01765,52.5,4.3,44.8,33.5,5.1,37.4,28.56
S07669,54.1,7.5,,50.4,4.25,35.6,36.85
S00629,98.7,21.7,80.9,72.1,9.03,70.2,100.0
S09626,70.8,18.1,65.4,62.5,7.74,41.7,67.41
S00490,82.3,19.9,81.2,71.2,6.26,44.4,65.33
S04373,100.0,33.3,94.3,100.0,8.31,,93.58
S06946,88.2,17.0,64.6,72.2,7.35,60.7,62.01
S06083,84.5,25.3,95.7,78.3,9.5,68.4,85.58
S03290,48.9,2.0,42.1,42.3,5.33,42.0,22.89
S00312,97.2,17.1,67.4,79.4,8.56,63.2,93.14
S02380,60.4,7.7,59.6,56.5,6.17,48.5,43.38
S01145,80.1,24.2,87.5,79.5,7.92,60.2,75.28
S01675,61.7,5.5,68.8,58.3,4.58,67.4,48.8
S01213,82.1,14.1,73.8,36.0,,49.0,37.99
S02215,,10.3,77.1,62.3,8.67,60.4,62.03
S08304,94.5,23.3,88.0,84.1,8.9,63.9,96.28
S00201,72.6,11.0,67.8,61.8,7.33,61.6,74.96
S01708,75.4,13.9,84.0,63.5,8.45,74.2,69.87
S01439,53.2,11.8,48.8,43.9,7.35,46.9,48.02
S07914,93.2,13.5,66.9,53.4,6.75,57.0,65.24
S08279,72.6,6.5,51.5,54.4,6.59,45.1,52.58
S02598,76.0,18.4,63.6,61.1,6.82,60.2,61.52
S01711,75.6,11.7,55.4,60.4,7.21,53.2,60.27
S07992,85.4,16.0,77.5,64.8,5.97,51.4,76.49
S00899,74.6,15.0,68.0,66.0,9.02,74.0,90.8
S01206,86.3,22.0,84.8,73.8,6.5,54.0,69.0
S06406,79.4,24.1,61.6,85.0,7.46,86.4,64.41
S00679,73.8,12.0,54.8,70.5,7.61,55.0,82.06
S03818,68.0,9.9,76.8,65.8,7.99,51.7,78.88
S04441,93.4,36.7,89.9,100.0,10.0,85.5,100.0
S08427,67.0,6.9,70.6,55.0,7.49,50.7,66.38
S05665,79.4,14.7,100.0,76.0,9.14,78.7,95.65
S03559,93.4,24.0,68.7,81.3,8.42,60.1,83.95
S02288,87.8,15.5,59.7,53.3,6.43,25.8,67.87
S03942,61.7,14.3,56.4,68.0,6.66,41.2,67.21
S00900,46.3,2.5,38.1,37.3,4.58,35.0,13.24
S04326,72.0,16.2,70.3,62.1,7.09,67.2,47.46
S04932,85.0,20.0,83.5,70.1,9.8,64.2,91.34
S00590,78.6,,69.4,71.5,7.32,58.2,80.24
S01578,55.5,3.1,60.3,39.6,8.86,53.5,56.41
S09749,82.3,20.3,71.8,86.1,7.83,80.7,81.54
S09838,79.6,19.2,57.0,67.3,7.0,49.4,75.78
S04381,70.4,18.3,85.4,67.4,7.12,57.2,80.84
S00489,79.4,27.5,87.1,82.4,,71.8,97.41
S09529,77.5,15.0,75.3,64.0,6.26,71.4,56.33
S05270,68.9,5.1,59.4,33.8,5.65,47.0,50.77
S01081,70.4,10.2,80.9,64.3,8.76,59.9,63.92
S07617,52.5,7.6,57.7,46.2,5.54,39.7,38.69
S09947,93.2,20.9,84.9,83.0,8.72,68.4,88.17
S00330,80.8,33.2,83.2,89.6,8.19,66.7,97.49
S06244,73.0,5.3,69.3,57.9,6.21,52.7,51.74
S02371,85.5,19.6,84.6,81.4,8.22,83.6,76.77
S05236,66.6,14.6,54.9,45.4,5.23,33.0,35.38
S08721,88.1,15.1,70.7,68.3,6.23,59.6,60.62
S05480,97.7,28.2,90.9,88.5,,82.3,98.88
S08223,57.4,19.4,57.4,58.7,8.34,51.0,58.34
S07315,97.1,21.4,76.3,72.5,8.43,64.3,82.4
S09906,87.8,9.6,76.8,66.2,6.8,53.7,71.15
S00029,49.6,3.6,63.8,41.6,5.74,33.5,52.5
S00488,71.4,11.4,73.9,69.9,8.49,67.8,76.55
S08207,68.7,3.1,48.1,30.0,5.52,37.3,30.76
S04919,67.5,14.8,,69.1,7.17,53.7,74.86
S03775,71.5,23.8,81.9,64.1,8.49,65.8,74.41
S07021,80.9,17.3,77.5,67.9,7.56,55.3,69.24
S09743,61.4,2.4,68.7,43.5,9.78,38.2,55.01
S03574,77.7,18.6,70.0,64.2,7.48,55.7,73.61
S04082,84.3,36.2,77.8,88.2,,68.7,96.55
S00022,72.6,5.2,78.3,60.1,8.49,54.8,64.79
S01858,86.0,20.6,75.6,70.3,8.6,69.3,74.1
S01208,79.3,17.1,62.2,62.9,8.18,80.0,66.29
S03357,64.0,11.5,64.3,65.9,7.84,45.8,62.7
S05159,66.3,13.5,87.1,74.2,8.32,75.1,76.24
S01673,70.1,16.8,76.4,73.6,6.77,69.1,78.94
S02122,79.2,16.0,46.8,58.1,4.87,56.1,51.71
S09496,80.9,20.3,76.8,81.5,6.26,57.7,73.38
S04930,79.9,17.5,76.5,70.6,7.44,69.7,79.97
S09890,70.5,19.4,56.7,68.6,7.5,75.4,58.88
S09012,82.2,19.1,74.7,68.6,5.84,52.4,69.32
S09592,65.7,2.0,58.4,46.4,,53.5,41.61
S08252,85.6,29.2,76.8,73.4,8.94,77.5,91.61
S04634,80.1,12.1,77.5,42.0,6.93,51.5,49.32
S06321,56.6,6.8,89.4,50.8,8.77,79.1,74.25
S03605,75.7,20.7,74.7,55.9,8.26,68.2,74.13
S00878,79.8,2.2,,63.1,7.72,63.0,58.51
S01315,65.8,14.6,68.3,48.6,6.58,48.2,61.65
S00668,84.7,17.9,82.5,84.8,6.02,66.6,84.25
S04045,78.2,24.0,81.5,78.6,6.18,69.1,82.74
S09188,72.5,22.6,55.6,76.2,6.29,55.3,55.96
S05959,92.2,9.5,73.5,72.1,7.38,58.2,76.15
S09556,60.5,7.3,42.3,34.1,6.05,53.0,40.61
S03658,84.9,20.3,66.6,80.7,8.4,82.8,89.24
S00284,99.7,22.4,83.9,77.0,9.01,69.8,100.0
S07046,59.2,18.1,56.7,60.5,6.4,54.2,53.65
S02973,64.6,13.3,67.3,57.7,6.74,58.6,68.95
S09851,81.4,17.8,96.4,77.1,8.93,80.8,89.53
S06730,90.8,17.6,64.7,61.7,6.27,51.5,72.42
S08305,66.4,10.1,45.3,56.7,6.08,54.0,49.8
S04645,82.2,2.0,46.6,45.8,6.47,70.8,53.65
S09459,65.7,14.7,59.8,62.4,8.46,53.1,73.37
S05694,70.9,12.4,71.2,74.2,7.32,70.1,65.32
S09727,66.2,6.2,68.3,44.8,5.19,34.2,64.14
S01998,99.6,37.0,100.0,100.0,9.5,100.0,99.93
S08593,76.1,6.1,49.1,31.0,5.05,45.1,43.04
S07571,77.5,19.4,69.5,61.1,7.8,42.7,66.29
S01834,92.9,,76.7,80.4,4.85,68.3,76.65
S07297,,9.8,66.5,60.0,7.12,42.9,73.53
S04828,79.0,20.0,66.1,65.2,7.71,50.6,73.53
S06376,54.2,11.9,65.2,39.4,6.3,49.6,50.96
S09827,87.2,27.1,86.2,83.6,8.07,65.1,91.68
S02670,100.0,15.2,83.2,74.6,8.59,73.4,82.28
S07056,87.0,17.3,88.4,81.1,8.73,70.0,80.59
S02745,68.4,10.88,48.5,45.3,5.94,29.6,62.72
S05835,58.1,4.1,62.3,39.4,5.41,35.1,41.28
S00065,87.3,24.3,85.2,80.6,8.62,65.1,86.61
S02603,78.6,14.8,77.6,73.8,6.07,53.0,69.1
S06507,45.4,5.0,47.0,30.0,4.54,44.7,18.71
S03809,49.6,5.5,52.3,43.0,4.96,30.1,47.98
S04136,99.2,20.6,60.8,75.4,8.6,80.7,92.58
S00625,81.4,17.6,74.1,72.1,5.78,28.2,76.95
S09593,71.8,21.7,60.2,58.5,5.61,55.8,64.07
S07970,82.2,10.5,56.0,68.8,6.66,69.4,73.01
S03310,66.8,3.2,63.0,64.5,5.88,48.4,63.06
S05085,66.1,14.0,,52.9,6.23,57.9,59.03
S05710,62.8,2.0,43.4,52.0,4.72,37.9,45.19
S08599,71.3,25.9,72.0,77.2,7.01,75.3,88.07
S05772,75.0,4.6,39.9,42.9,6.41,35.8,47.78
S01567,72.8,15.3,57.6,59.1,7.23,61.5,74.62
S06674,62.1,11.9,49.3,50.4,5.25,41.0,45.41
S04054,87.0,27.7,64.9,84.3,7.81,78.1,84.39
S03012,,,85.9,64.4,8.47,71.1,72.33
S09366,61.2,2.0,51.8,43.1,4.46,47.7,38.52
S07522,57.0,12.9,65.8,68.5,7.2,68.3,55.73
S05158,75.2,14.5,65.0,55.6,5.81,43.6,55.12
S03433,79.1,12.3,66.8,52.9,6.77,62.3,64.79
S05709,75.9,19.1,76.9,74.4,7.04,62.8,70.31
S06994,86.5,26.5,80.0,60.5,8.05,79.7,89.6
S05610,69.5,3.3,75.2,51.0,6.49,50.0,51.93
S00224,100.0,29.8,87.6,76.2,8.37,83.0,88.79
S02798,71.1,10.4,78.3,69.5,7.47,51.8,65.78
S03240,91.6,19.2,86.2,82.9,8.1,63.3,100.0
S02485,62.4,8.7,,50.4,5.27,50.3,57.96
S02285,93.3,8.6,80.0,84.4,5.08,25.4,67.36
S09698,70.5,13.4,93.4,64.1,,50.8,84.94
S07833,85.5,17.0,84.2,,8.3,80.4,85.33
S00395,69.1,12.0,67.4,65.7,8.15,64.5,86.19
S06776,80.2,13.0,84.6,61.9,7.98,53.8,72.71
S03649,99.1,19.7,,,10.0,54.1,100.0
S09095,67.5,7.3,51.3,52.7,6.72,37.0,55.85
S08308,49.4,2.0,39.2,30.0,4.95,13.0,29.74
S06410,91.3,20.5,65.0,62.5,,55.4,71.75
S07524,49.2,3.2,49.5,30.0,4.97,64.9,27.24
S03101,77.2,14.7,,62.8,,44.2,77.04
S04475,99.7,33.4,85.5,88.2,8.46,90.9,97.49
S02454,64.9,18.1,92.7,71.7,8.65,61.0,73.21
S02983,81.4,13.3,50.6,57.5,6.19,61.5,59.01
S07775,84.5,16.9,81.6,73.3,8.38,51.2,80.42
S09030,66.0,16.8,88.1,72.3,6.14,47.2,64.38
S06190,84.6,18.0,87.2,80.7,6.3,45.9,82.11
S06319,70.8,,72.4,79.1,6.12,39.4,72.21
S03704,78.0,23.2,70.8,54.7,9.05,62.2,75.66
S06951,64.0,7.0,79.6,63.6,8.32,58.3,81.35
S08657,79.5,25.5,62.0,72.1,9.23,63.8,90.44
S09701,83.0,17.7,81.5,72.2,,49.7,85.67
S07317,66.1,16.5,48.5,61.2,6.73,53.7,42.57
S02156,82.8,10.7,83.2,92.4,8.48,36.1,54.47
S02170,87.3,18.0,77.2,69.3,6.35,56.0,69.11
S03198,75.4,8.2,83.3,66.5,8.59,60.2,80.36
S02494,63.3,2.3,65.1,59.1,6.25,58.5,49.52
S01236,82.7,21.7,72.1,72.9,7.25,62.3,74.63
S00317,71.4,8.3,71.3,,6.24,74.7,73.2
S06955,75.8,19.7,68.0,61.4,7.95,34.3,79.79
S09168,91.2,15.8,68.8,77.8,5.78,67.1,81.1
S07840,68.7,11.6,57.2,38.9,4.86,43.1,60.84
S09859,65.5,10.6,69.5,62.3,6.51,34.0,58.49
S09858,52.1,7.2,46.4,54.9,6.24,55.2,42.58
S09887,81.3,22.3,,80.7,,57.6,69.21
S09938,100.0,,93.2,91.5,9.47,91.3,100.0
S05195,59.6,2.0,45.2,46.9,5.27,38.3,39.18
S00310,73.0,9.5,87.1,66.5,8.14,65.4,81.21
S08583,49.7,8.7,42.7,36.9,4.0,40.7,8.0
S06093,70.7,11.3,,66.5,8.07,59.6,74.17
S05334,82.2,22.2,78.2,61.1,8.09,70.9,97.83
S02424,76.4,15.4,71.6,62.6,,57.4,56.39
S02711,87.2,24.5,77.3,90.9,9.41,86.0,98.33
S02823,66.9,29.7,75.6,77.1,7.88,77.0,84.85
S06434,70.4,7.7,69.8,58.9,5.68,52.0,43.64
S01348,69.9,9.6,62.5,50.4,6.16,58.4,44.21
S04271,62.1,2.0,45.8,41.5,5.78,62.6,35.47
S06782,86.5,5.3,,52.8,6.27,35.4,53.09
S08562,78.6,12.2,70.4,71.5,6.61,62.9,77.74
S02250,80.8,15.8,79.3,75.8,6.2,39.9,82.21
S08158,74.5,17.9,55.6,60.3,7.17,,61.29
S05069,51.8,17.6,50.4,57.1,,,49.08
S08316,86.6,24.6,78.5,76.7,6.39,75.2,81.57
S01586,66.4,19.1,65.3,69.6,7.55,,64.09
S08285,71.8,2.0,70.3,54.2,5.92,67.0,52.2
S05521,68.3,20.1,76.4,73.0,8.59,55.7,62.78
S07034,94.1,12.9,49.8,42.3,6.55,48.6,50.88
S02272,60.8,15.2,76.1,46.2,6.47,61.4,57.29
S00933,78.5,13.0,68.3,62.9,7.27,78.8,61.22
S03500,79.7,18.6,80.3,71.6,6.72,65.0,78.67
S08682,60.8,2.0,52.0,36.0,4.69,39.0,24.97
S05084,67.0,18.6,69.6,65.0,5.48,59.4,57.97
S03877,72.4,18.6,81.7,60.3,8.09,54.8,55.84
S05591,79.6,17.1,79.6,67.7,8.65,51.1,77.69
S09153,68.9,21.2,75.5,75.8,7.31,58.4,68.32
S06142,81.2,20.1,75.2,84.1,7.16,68.8,73.44
S06633,48.4,9.3,,56.2,6.98,48.4,48.3
S02239,63.1,8.8,58.6,52.9,4.25,46.1,22.95
S06727,85.6,26.3,96.1,100.0,9.43,67.6,98.37
S06728,65.6,4.0,45.3,32.0,5.98,50.2,35.68
S01028,81.9,33.2,74.5,86.0,7.46,74.1,88.04
S06407,87.5,23.0,92.1,67.0,8.47,60.2,65.02
S07705,89.4,26.9,97.7,86.5,8.64,60.9,100.0
S02188,67.8,13.0,75.3,68.3,8.71,64.9,83.54
S09299,77.1,6.5,53.6,56.7,6.05,43.0,59.86
S03075,66.0,12.4,81.8,62.7,8.56,43.3,80.69
S08011,68.6,10.1,67.3,40.5,6.2,35.6,52.22
S03556,85.0,12.4,75.7,68.2,,68.3,86.5
S08625,65.6,12.1,,56.8,7.01,45.6,59.61
S09485,70.2,,58.6,47.6,7.47,,63.84
S00420,62.8,13.0,66.2,55.9,6.8,55.1,61.33
S03745,81.2,,89.7,68.9,7.67,58.7,69.47
S08729,76.8,10.2,80.1,64.6,8.08,62.1,81.27
S01782,67.1,20.3,71.7,59.7,6.77,60.7,66.65
S00502,77.1,18.5,81.9,89.2,9.43,44.3,90.11
S07174,71.8,6.0,59.6,40.0,6.5,55.2,47.03
S01659,67.6,12.9,85.1,58.5,8.3,66.5,62.16
S04300,68.5,11.7,58.3,62.9,5.72,56.0,49.15
S01694,88.0,21.0,66.8,71.7,7.32,68.5,73.46
S05373,87.9,21.7,81.6,86.9,7.76,85.0,75.16
S03551,64.4,11.1,69.2,69.2,,61.4,66.94
S03527,62.8,17.9,63.0,58.5,6.74,63.2,55.38
S07652,88.9,22.5,87.4,79.5,6.87,,75.56
S09060,63.9,22.0,67.4,75.2,7.35,50.4,60.9
S01465,73.0,11.7,65.1,71.1,5.87,65.7,71.45
S09417,62.8,11.7,57.8,50.6,6.88,44.6,62.55
S05816,76.1,23.1,68.9,54.1,7.62,57.7,68.61
S09263,86.6,22.1,82.3,,7.36,58.2,91.02
S05621,87.1,19.1,75.0,82.9,,69.4,76.34
S02463,71.9,22.3,,47.8,8.1,60.2,64.97
S05399,78.9,22.8,80.1,74.1,7.58,63.5,75.48
S03077,73.6,,64.7,50.5,8.51,51.7,67.84
S05435,74.9,16.7,70.2,68.0,7.59,54.5,50.94
S01649,71.3,12.7,71.4,69.1,7.25,69.5,95.32
S04258,69.2,25.7,69.3,62.2,6.52,57.4,62.27
S09798,72.3,9.1,73.4,63.8,7.95,56.6,66.45
S07736,81.5,23.9,82.1,80.5,6.34,76.5,84.95
S04448,78.6,13.5,42.3,52.7,6.67,54.2,39.85
S01058,83.4,23.9,73.5,77.2,8.85,68.5,71.95
S02974,99.1,,62.8,45.3,7.25,70.2,68.02
S09419,76.6,17.5,79.5,73.6,6.11,44.0,69.67
S03349,75.6,14.4,89.2,84.9,8.76,65.2,71.8
S00822,85.5,18.9,92.8,83.3,8.74,61.2,78.61
S08307,50.8,17.8,46.5,30.0,4.81,52.7,56.17
S09316,74.5,27.6,79.1,78.9,9.52,,100.0
S01736,87.2,28.1,64.8,87.4,8.41,53.6,82.25
S04596,55.8,15.0,51.8,53.9,6.56,47.8,51.44
S07793,60.5,15.3,63.0,63.5,6.36,57.2,60.22
S08159,93.8,27.3,91.7,75.3,10.0,87.8,100.0
S00697,88.7,16.8,93.7,58.2,7.33,55.6,74.08
S03493,67.5,37.8,58.0,62.3,8.42,72.3,77.29
S02445,87.8,29.3,81.3,89.8,8.88,66.0,82.22
S05129,86.8,30.1,90.0,78.5,9.0,80.9,97.03
S04262,87.3,22.2,64.5,71.6,8.7,77.7,90.1
S03159,57.8,9.9,57.8,40.0,5.14,33.1,36.01
S00445,71.6,20.3,59.3,51.4,6.53,60.1,67.54
S07572,74.5,14.5,59.1,67.2,6.65,34.0,65.69
S00552,63.3,10.7,45.8,42.8,5.06,66.2,39.85
S07877,49.8,6.5,31.2,30.0,4.0,5.2,17.52
S01723,65.8,35.1,63.8,61.9,6.66,51.1,66.47
S02457,86.4,,92.8,68.6,8.57,71.3,76.12
S00268,50.1,8.2,45.4,30.0,4.01,25.0,29.96
S07719,90.1,20.2,82.3,71.7,9.09,74.7,73.14
S08848,82.5,12.3,81.9,77.4,5.88,61.0,66.04
S09431,55.7,3.0,46.3,44.2,5.16,25.4,35.09
S06763,62.1,16.3,59.9,58.5,7.43,72.2,66.46
S09010,85.4,34.2,100.0,100.0,9.27,86.5,99.85
S00259,76.9,21.0,67.5,62.4,7.28,80.2,72.39
S07303,73.9,3.9,49.9,41.9,5.27,60.6,46.08
S05706,91.6,27.2,84.5,86.7,8.78,,76.05
S01559,70.4,13.75,82.0,57.7,6.95,68.6,65.78
S07871,82.1,20.8,97.0,58.9,9.07,71.3,98.59
S02456,71.6,11.8,77.8,66.3,,73.7,77.03
S03988,66.4,11.3,54.8,62.6,6.91,73.4,49.53
S07954,72.5,23.1,71.0,57.5,7.14,72.1,80.0
S01915,,19.6,66.2,52.3,5.82,60.1,54.49
S03306,97.8,18.2,100.0,85.2,8.3,,86.62
S09467,62.6,3.1,61.7,36.5,,37.4,50.84
S09594,57.2,14.0,44.6,52.6,5.97,61.2,44.59
S08907,84.8,23.3,88.5,81.6,6.6,68.3,84.25
S09273,88.6,19.8,74.1,77.2,7.09,97.2,69.83
S00487,49.8,4.8,58.7,41.7,5.92,56.6,33.73
S04722,80.5,16.9,91.4,91.5,8.89,53.9,96.54
S08108,,13.9,63.3,43.9,6.41,33.4,48.39
S04091,79.6,14.7,69.1,77.1,5.82,46.6,64.76
S07810,88.2,32.2,100.0,93.0,10.0,85.4,100.0
S05368,78.3,19.5,80.2,74.0,5.81,40.9,69.85
S09717,92.6,19.5,62.6,89.1,9.17,92.6,86.13
S05617,83.7,22.3,80.6,81.8,6.76,50.2,66.71
S00422,74.4,19.7,63.6,48.8,6.88,49.7,68.24
S05386,40.0,2.0,34.4,,4.0,32.8,20.49
S01684,95.5,32.5,100.0,98.3,9.61,86.7,100.0
S04982,74.9,,,37.2,5.83,35.2,40.47
S03635,70.8,6.6,58.6,53.1,8.66,47.3,71.67
S09140,91.0,33.4,84.6,83.9,10.0,78.5,100.0
S06902,51.8,9.7,59.1,44.5,4.82,,40.5
S08648,90.1,22.0,87.2,72.5,8.98,69.5,82.22
S06778,59.2,5.3,57.6,52.0,5.51,57.2,51.22
S06788,72.5,9.5,60.2,68.2,8.33,76.9,73.06
S01183,75.0,32.6,82.0,91.7,9.8,81.1,100.0
S04847,86.6,22.1,69.5,68.8,,48.4,77.93
S07839,49.9,,56.6,,5.84,50.0,49.72
S01981,91.0,21.9,80.4,64.7,8.17,75.1,69.12
S09471,84.2,15.8,70.5,63.0,8.95,68.0,72.71
S02752,74.0,20.7,68.6,57.8,7.78,60.0,82.98
S05329,72.9,16.8,62.2,,8.35,67.5,68.41
S01698,70.1,,70.1,75.5,8.38,54.8,74.0
S03266,71.8,12.4,52.0,55.2,6.1,46.8,57.43
S09568,55.4,2.6,52.0,43.5,8.94,41.4,54.31
S08835,75.4,18.9,63.9,53.8,6.69,72.3,55.99
S00151,70.4,2.0,46.0,55.5,5.42,37.7,38.6
S09625,78.3,20.8,64.1,72.9,8.39,73.9,82.09
S05429,84.3,12.9,75.7,76.5,5.7,49.5,73.21
S04348,86.0,19.0,74.0,67.5,8.23,69.3,77.68
S06543,70.1,20.6,68.1,63.9,6.25,61.9,69.83
S04933,84.1,18.5,68.4,55.8,7.19,60.2,70.04
S04937,96.3,25.9,85.5,38.3,8.53,43.5,69.2
S02790,,10.9,70.7,65.8,7.05,65.4,65.67
S06246,84.2,24.2,,81.6,4.63,66.7,69.47
S05924,83.2,,79.7,72.0,6.87,72.2,65.76
S07045,81.4,19.8,74.6,71.0,,80.1,68.8
S03036,67.8,12.2,58.6,41.1,6.1,32.4,46.61
S03802,84.1,18.4,77.1,63.9,8.6,43.6,70.4
S00356,93.1,24.1,100.0,88.9,9.73,57.5,97.46
S04869,85.4,12.2,54.1,55.1,6.29,50.8,55.46
S01571,74.8,17.0,61.6,70.4,6.47,58.3,77.48
S09131,90.1,21.8,88.6,81.1,7.58,80.5,85.82
S00453,85.8,20.6,78.5,85.8,8.65,83.8,90.92
S08830,82.0,5.5,61.0,44.4,6.54,72.9,57.66
S09997,88.3,23.1,75.0,83.1,7.2,70.6,81.37
S08249,71.5,24.5,59.6,64.5,6.96,57.2,74.1
S06334,88.3,7.5,30.0,33.9,4.83,38.9,39.08
S03756,67.8,9.1,68.2,68.0,6.54,53.6,64.81
S07597,62.7,3.0,52.4,48.1,4.81,52.3,30.21
S09619,77.3,28.7,84.3,84.1,8.38,73.8,95.55
S02061,56.4,4.0,52.5,42.6,5.49,35.4,50.47
S01110,51.2,2.8,36.8,37.9,5.13,44.0,37.61
S06870,88.4,26.0,83.7,56.5,7.79,,75.6
S09830,49.3,2.0,36.3,30.6,5.63,27.7,38.77
S04354,71.6,21.3,56.2,65.8,6.32,29.9,66.76
S03993,57.9,19.1,42.6,56.6,5.9,,55.35
S05740,71.1,13.1,57.8,56.6,8.17,69.8,72.3
S00369,76.1,13.9,69.2,54.2,7.91,59.5,73.46
S03249,81.2,20.4,87.8,77.4,7.47,78.2,76.45
S00071,71.7,17.1,56.2,68.1,6.6,50.4,54.51
S06984,75.1,15.5,76.6,68.3,6.25,50.8,79.34
S07365,66.4,9.3,50.5,54.0,6.73,55.0,66.92
S04053,65.7,6.1,57.5,30.0,4.25,36.9,36.15
S06899,65.8,7.1,68.4,60.3,7.39,77.9,75.46
S00636,69.8,20.0,59.5,,7.33,71.3,78.8
S05812,59.3,13.4,64.1,56.1,7.69,56.4,60.48
S04319,89.7,10.0,81.2,87.4,8.87,51.7,97.8
S07551,66.2,24.5,79.0,87.8,8.32,76.5,88.33
S00999,87.5,19.0,82.8,74.1,7.03,65.3,75.9
S05142,93.7,26.6,82.0,87.9,7.67,71.0,88.19
S04666,88.3,26.6,87.5,79.6,6.61,28.7,79.2
S09773,76.7,6.5,60.8,34.0,5.18,36.9,51.72
S04681,,5.1,48.9,40.1,6.15,31.7,38.25
S01885,63.3,2.9,64.7,57.0,7.81,50.4,58.95
S03690,82.1,24.5,75.9,79.4,9.75,72.8,87.41
S01380,90.2,29.4,68.9,83.5,8.23,64.1,90.24
S07275,76.9,20.8,79.4,72.9,6.35,68.5,89.93
S07333,87.1,19.9,85.4,88.1,4.04,56.3,66.87
S02931,85.1,25.8,82.4,90.5,8.41,65.2,88.73
S06236,63.0,13.5,66.0,48.0,6.12,54.0,45.39
S03316,80.6,20.8,98.9,86.0,9.24,66.8,80.89
S07147,76.4,23.8,93.8,80.0,9.32,73.5,100.0
S06575,68.9,16.1,53.8,44.7,5.95,66.8,55.02
S07431,90.0,22.7,86.9,91.5,9.53,100.0,92.86
S03122,64.6,19.9,70.9,43.2,5.61,47.3,49.7
S04131,82.6,21.3,74.1,70.5,6.21,58.4,70.38
S08137,73.7,12.4,55.5,47.6,7.58,58.6,71.8
S09149,71.0,4.2,57.4,57.5,8.03,61.4,47.58
S04404,53.0,4.6,46.0,56.8,6.5,68.5,40.17
S03599,88.3,21.9,86.5,73.9,6.55,75.5,82.46
S00019,51.1,9.0,45.3,30.0,5.44,55.4,30.3
S07013,92.2,26.0,73.3,85.7,8.39,72.9,81.95
S07393,67.4,23.4,75.4,74.9,5.63,49.6,60.99
S07944,77.0,12.7,65.4,62.1,,60.0,76.41
S02397,83.7,17.8,66.3,54.0,7.69,46.9,58.2
S04363,86.9,25.6,81.0,83.3,6.58,73.0,82.38
S02216,81.1,18.4,73.9,71.7,6.18,47.6,68.54
S03783,67.2,16.7,57.0,65.4,7.94,57.4,55.34
S07323,99.4,24.4,94.8,81.5,8.5,53.0,80.45
S02189,86.9,18.6,,77.3,6.49,49.0,53.9
S09834,66.5,13.0,,51.4,6.23,52.3,63.11
S02361,73.0,6.0,41.5,43.8,4.37,49.3,33.92
S00968,85.5,14.5,98.3,100.0,8.16,83.7,99.47
S09909,74.6,13.4,48.8,,7.47,53.5,45.71
S09907,100.0,20.8,84.6,90.3,9.95,,96.23
S09025,76.3,12.1,70.1,47.8,6.13,52.9,67.37
S01678,78.1,7.8,69.9,53.3,6.35,67.9,60.72
S02153,82.4,18.2,80.6,74.8,6.7,60.1,73.31
S02408,70.9,4.6,57.8,53.6,7.1,30.2,61.48
S01565,79.4,22.0,53.1,56.2,6.78,79.0,71.19
S01963,75.9,8.6,69.6,71.6,7.49,50.8,75.11
S07675,67.3,2.9,60.8,30.0,5.2,46.8,43.76
S04682,76.0,14.5,30.0,48.7,6.29,46.7,52.13
S08026,50.2,17.6,54.7,53.4,5.63,56.1,50.9
S00332,72.4,16.7,74.3,58.3,8.44,59.1,70.2
S08355,63.0,3.4,52.0,47.6,5.37,55.0,48.71
S09435,95.5,23.2,,83.0,7.86,81.8,90.78
S06251,64.0,20.1,75.7,82.7,7.16,,82.8
S02899,88.0,30.3,86.5,81.88,8.85,80.9,91.34
S05966,88.8,25.2,97.8,100.0,8.95,,99.93
S08619,74.0,18.5,68.2,72.4,5.86,58.0,85.05
S05953,68.4,27.9,82.7,65.7,7.59,73.8,86.14
S05652,83.8,14.0,86.8,50.6,8.02,59.2,69.77
S04945,83.6,19.3,80.7,96.6,9.48,68.2,92.26
S04927,76.0,30.7,100.0,88.1,8.01,74.4,76.93
S00620,71.0,4.6,51.0,35.2,5.02,38.6,32.02
S04524,66.4,8.3,66.0,57.2,7.37,41.2,60.51
S08659,59.0,4.4,64.6,55.5,6.29,52.1,54.18
S07764,78.8,26.0,78.2,69.8,7.99,49.5,94.84
S06614,91.9,21.5,84.6,78.9,9.11,75.1,89.59
S08176,58.4,9.1,51.1,44.0,4.69,55.8,38.87
S08802,70.3,24.2,68.5,62.7,8.51,55.1,74.76
S05989,97.1,24.1,95.1,87.1,9.6,92.1,100.0
S07728,84.9,19.5,88.5,81.2,6.3,67.5,88.24
S05141,71.0,15.9,64.2,61.9,6.81,44.2,56.42
S00612,78.4,25.1,92.6,77.8,7.76,,86.02
S04901,67.0,37.1,57.8,66.6,8.06,62.1,77.61
S01146,65.2,14.9,69.5,67.6,8.19,56.0,56.48
S02293,83.2,8.3,73.0,64.1,6.82,56.9,57.17
S01013,79.7,10.3,,68.5,6.93,48.2,70.56
S09505,72.9,21.0,80.3,85.1,9.52,80.8,93.3
S02470,87.8,20.5,73.2,67.6,6.69,61.2,82.49
S01002,82.1,18.2,71.4,72.4,5.89,48.6,69.98
S02653,89.8,17.2,78.6,73.9,6.0,55.1,76.66
S04504,74.8,16.8,73.8,71.0,,62.4,75.66
S09832,58.5,12.2,56.9,51.4,5.65,53.4,43.89
S08757,62.0,16.1,61.8,55.1,7.81,66.1,57.68
S00360,87.3,15.5,66.1,68.7,,44.4,74.23
S01977,84.5,19.4,78.9,81.6,6.41,69.5,64.02
S06080,76.3,19.8,79.4,78.7,6.6,52.7,72.55
S02918,85.9,26.5,88.2,89.7,9.42,84.6,83.76
S09208,85.9,20.5,72.2,68.5,7.99,67.7,64.56
S02116,68.6,6.7,68.6,65.6,7.24,44.1,54.11
S08623,80.6,22.6,59.1,61.1,8.93,77.3,76.67
S09405,88.4,19.8,80.6,70.7,7.55,57.2,81.7
S07246,78.5,21.7,71.1,59.6,6.75,63.5,74.21
S03094,99.6,23.2,82.3,70.2,8.11,50.4,83.2
S04261,83.3,17.8,85.7,78.6,7.98,68.0,84.92
S08245,61.1,15.0,59.4,65.6,7.0,67.7,62.17
S09331,91.2,25.2,68.5,74.3,7.61,76.3,76.53
S08561,81.4,30.5,93.3,100.0,,83.9,100.0
S06537,,19.0,78.0,60.5,6.69,80.9,75.58
S01486,81.7,15.5,59.5,65.9,7.87,56.9,64.66
S07377,88.3,25.0,83.6,82.0,9.31,72.2,87.44
S00322,66.0,10.1,53.9,36.8,4.59,38.7,62.21
S05150,58.3,2.0,56.6,43.3,4.71,56.1,36.99
S09512,68.2,15.7,,67.2,8.77,56.7,87.43
S05042,79.3,8.4,66.6,56.3,7.45,49.4,60.16
S07184,80.1,15.1,81.7,73.8,6.03,66.3,61.69
S02326,59.4,9.8,68.1,55.5,6.86,49.6,56.96
S01430,,2.8,55.3,34.4,6.53,75.0,53.35
S04370,83.1,17.0,76.1,,6.81,51.8,59.77
S09739,54.3,5.9,49.9,45.6,8.96,40.8,40.51
S08705,88.1,18.5,,67.8,9.06,62.0,86.49
S00070,74.3,18.4,72.3,83.5,8.82,81.2,91.73
S08834,,7.2,51.6,50.8,5.82,64.8,52.21
S06325,54.6,9.2,68.7,59.6,8.47,61.8,65.0
S08340,71.6,8.0,53.3,53.2,6.04,62.1,39.44
S02066,70.5,12.3,62.8,66.9,7.48,61.7,72.34
S00513,100.0,26.5,96.0,76.5,10.0,80.0,86.27
S03859,71.7,6.0,77.8,56.5,7.32,57.6,71.26
S02869,89.8,19.9,73.5,60.9,7.42,39.6,69.2
S01419,87.5,30.9,80.8,95.9,9.11,75.7,90.12
S07618,82.9,30.3,88.4,73.0,9.2,55.7,90.12
S01987,82.8,10.5,49.0,40.6,4.47,43.0,33.91
S05294,83.8,16.6,75.2,67.7,6.96,63.0,66.42
S04749,76.4,26.9,69.2,76.4,8.1,,91.31
S00960,64.9,5.2,48.1,56.1,5.72,54.3,44.41
S07896,99.3,23.7,86.9,70.9,8.7,67.5,89.99
S07735,47.1,3.5,53.8,30.8,5.35,41.6,18.21
S01377,85.7,22.0,85.6,79.4,6.6,74.7,90.05
S05613,59.6,17.4,60.5,53.4,6.46,56.3,54.28
S07717,85.5,18.4,90.9,81.4,7.66,74.1,87.87
S06138,79.9,,78.9,63.0,8.42,68.7,78.67
S01248,76.0,17.8,65.9,53.7,8.02,55.4,78.17
S00863,73.0,18.4,75.6,62.4,7.7,49.7,67.47
S06615,67.9,14.9,78.8,58.2,7.04,63.8,62.7
S04820,75.0,,73.0,71.2,7.39,68.5,77.85
S06010,63.6,11.1,64.9,50.0,6.14,47.6,57.83
S09644,85.9,27.5,71.7,77.3,9.42,77.5,75.97
S09127,75.4,2.0,60.1,31.5,5.07,36.9,42.34
S01232,78.8,15.5,57.4,74.8,7.94,60.4,77.56
S07028,90.3,3.0,32.5,35.4,6.05,35.6,24.51
S09810,94.0,29.4,94.1,85.5,8.57,64.2,89.71
S01376,100.0,19.4,86.5,80.1,9.79,86.5,94.61
S05930,91.2,18.2,63.5,70.2,7.86,46.8,63.22
S02633,62.2,8.8,49.3,55.8,5.06,50.3,56.13
S06330,82.0,10.3,57.9,50.7,6.71,,58.3
S05163,71.7,6.5,64.2,56.0,7.52,63.7,69.27
S06475,76.0,19.2,78.1,71.9,8.15,69.9,73.88
S00737,82.6,17.2,59.2,62.9,7.43,55.6,74.46
S08873,45.6,4.0,33.4,51.7,5.55,47.7,38.54
S01665,75.5,12.9,89.6,63.3,8.74,64.4,73.56
S00125,70.7,7.6,71.8,,,56.6,63.31
S09542,74.1,9.5,,50.2,5.55,42.1,54.01
S03068,78.8,,68.6,66.9,7.62,57.3,73.49
S09048,98.9,24.7,74.3,70.8,7.82,65.6,76.86
S07214,65.3,15.2,82.1,67.4,6.55,37.9,57.09
S04544,82.5,14.0,59.7,71.3,8.39,58.8,63.81
S09083,84.2,22.7,88.4,76.5,8.46,63.7,88.23
S09788,64.3,15.6,51.9,57.2,6.77,72.5,54.3
S02096,76.6,15.9,79.4,69.0,8.72,74.7,81.45
S04213,52.5,4.2,51.3,43.2,4.97,56.2,42.43
S09382,79.3,14.4,66.5,66.6,6.02,47.0,58.71
S01388,45.2,,36.2,30.0,4.54,24.5,21.92
S05864,80.9,16.8,81.7,76.7,6.37,,71.61
S07892,63.8,5.1,58.4,47.2,5.9,53.1,49.24
S05590,73.0,25.9,82.8,90.2,8.53,84.0,85.52
S09508,,12.8,60.1,56.2,5.56,61.6,49.94
S04637,91.5,24.7,73.7,64.7,7.5,34.2,82.51
S09829,88.6,22.9,60.4,71.1,8.27,66.6,78.22
S03691,73.3,7.1,73.7,72.2,7.84,61.4,73.27
S00931,53.0,2.0,44.4,30.0,4.0,37.1,32.55
S04515,64.5,5.6,44.3,44.2,5.26,50.9,31.58
S02920,82.5,25.9,69.1,76.6,8.08,80.0,97.65
S02465,92.2,27.2,72.8,79.6,9.59,71.6,89.46
S08423,73.7,19.9,78.3,72.5,8.72,46.5,71.65
S03575,82.6,20.9,,76.7,6.29,75.7,74.18
S01071,82.4,26.8,93.3,95.4,9.15,82.2,85.33
S02266,54.4,2.1,44.2,43.7,4.94,64.2,39.49
S08952,82.9,7.1,54.2,46.9,6.74,45.3,56.38
S06437,58.7,8.6,56.0,51.8,5.5,46.7,52.86
S02994,100.0,17.6,73.8,75.8,7.52,71.8,80.22
S01887,70.2,20.5,52.9,33.1,5.79,33.8,40.1
S02940,72.2,21.5,80.7,57.8,7.63,90.4,71.54
S09699,85.5,21.2,83.2,63.9,7.68,55.4,85.55
S05231,80.0,22.7,80.7,73.3,8.95,75.4,90.07
S09659,99.9,23.7,96.9,100.0,10.0,79.4,100.0
S02913,,14.1,53.9,54.6,7.34,56.7,70.78
S03894,51.8,2.0,57.9,32.7,6.32,51.2,31.8
S07995,84.4,13.5,63.1,84.2,6.94,64.4,68.62
S02026,70.6,13.8,64.1,60.9,6.92,65.1,77.27
S00551,90.0,23.7,87.7,65.4,9.0,69.0,85.29
S06644,64.2,7.2,55.0,47.3,4.93,53.0,46.81
S05026,84.5,23.1,78.1,76.0,7.12,67.5,80.88
S07972,69.7,12.33,65.9,63.0,8.11,72.6,66.58
S01390,76.3,23.8,48.8,68.9,6.4,41.3,73.08
S01817,83.4,13.0,85.8,82.7,4.26,47.8,79.13
S01931,78.4,20.1,76.5,73.2,6.35,79.2,71.76
S00809,82.4,17.4,64.8,80.5,6.86,78.8,79.05
S04209,84.6,20.9,67.9,57.1,7.76,75.1,73.19
S01653,70.7,18.4,80.7,81.1,8.44,71.3,83.01
S08741,63.0,6.2,42.8,32.6,4.92,40.7,33.7
S09724,94.7,21.0,74.8,90.2,9.92,77.5,100.0
S09923,,14.0,54.2,37.9,6.18,47.9,52.86
S08244,72.6,11.6,50.3,46.1,5.66,44.8,48.94
S04743,67.9,15.9,68.9,57.8,7.77,58.1,69.31
S03346,81.8,23.6,78.5,75.7,7.53,79.6,89.42
S01938,100.0,26.7,86.0,93.6,9.13,,97.41
S05858,81.2,17.9,66.5,59.1,,40.8,67.53
S06533,68.5,11.4,,43.7,6.22,44.6,53.56
S08716,53.8,22.5,77.3,71.7,6.86,70.9,64.57
S00799,66.1,9.8,,61.8,8.05,68.7,70.91
S05507,47.9,2.4,59.3,44.8,5.92,33.2,38.67
S00601,88.6,,,68.3,8.38,65.9,90.68
S06545,99.9,24.1,,100.0,10.0,87.1,96.74
S01622,100.0,23.6,100.0,96.2,,74.1,100.0
S08825,61.9,24.0,55.8,54.5,7.58,69.8,63.3
S04431,86.7,27.2,79.9,73.1,7.87,88.2,83.69
S08943,92.1,20.8,83.0,74.8,6.23,50.8,73.54
S02069,82.1,21.0,84.5,76.1,6.59,77.9,88.88
S08185,47.2,3.8,42.6,30.0,5.81,25.2,29.15
S06482,58.8,2.0,51.6,30.0,5.7,43.3,47.39
S05528,70.0,29.5,77.3,74.5,8.21,72.9,70.33
S06205,74.9,13.1,73.1,66.0,8.6,75.9,79.82
S04044,73.3,9.4,62.2,63.0,7.38,59.1,58.71
S03653,75.5,10.2,80.1,64.8,8.48,45.7,71.84
S04080,77.3,8.1,82.5,60.9,7.71,44.0,78.39
S04180,83.4,27.7,82.6,98.4,8.61,96.0,100.0
S09502,64.4,8.7,66.9,54.7,7.84,54.8,56.25
S06574,82.6,15.9,71.4,75.8,5.86,41.7,65.2
S04426,86.3,23.2,81.0,63.1,8.11,58.7,67.59
S02229,65.9,16.6,69.5,70.5,7.13,53.2,72.74
S03046,58.5,12.0,58.6,57.4,6.44,62.6,40.04
S01329,,5.4,52.2,30.0,5.68,38.3,42.96
S04520,66.0,10.3,30.6,31.9,4.34,19.2,34.92
S01470,83.0,17.4,58.3,67.4,6.98,82.4,73.48
S08302,100.0,19.1,87.2,92.1,9.36,74.8,100.0
S04323,83.5,37.4,82.5,87.4,9.42,72.7,91.53
S08154,84.7,16.2,75.5,71.7,7.03,66.0,69.17
S00013,56.7,13.1,47.4,42.5,4.65,28.2,41.55
S04757,73.1,12.9,43.8,57.3,5.3,42.1,51.64
S06077,100.0,30.6,98.1,100.0,10.0,96.7,100.0
S04962,66.0,9.4,51.5,37.9,5.63,59.4,34.89
S04367,62.6,10.2,69.0,46.6,6.26,55.4,58.09
S05682,87.0,27.4,85.0,71.7,,59.4,87.23
S03948,73.4,9.4,65.1,69.4,7.24,55.3,62.55
S08042,73.2,12.5,75.3,63.9,8.48,76.5,82.19
S04599,83.1,14.4,68.8,65.5,7.63,42.2,62.21
S01607,71.7,10.6,53.6,52.2,5.9,59.3,57.86
S00616,75.7,13.1,66.0,63.3,6.11,52.0,57.0
S03641,67.6,12.4,75.1,71.5,8.71,64.6,85.34
S04861,76.9,2.8,52.7,54.4,,39.8,61.07
S03428,88.39,16.4,,85.7,9.84,76.3,100.0
S03702,76.5,14.3,81.2,55.4,8.17,48.7,69.27
S09439,79.4,29.4,98.1,92.4,8.38,83.5,86.39
S04115,83.6,20.7,74.8,59.4,8.14,55.5,79.91
S00035,91.6,10.5,86.4,84.3,4.03,51.4,81.85
S03428,85.9,16.4,,85.7,9.84,76.3,100.0
S02151,52.2,,65.1,34.9,5.07,32.1,35.22
S05871,60.0,3.7,34.2,45.0,5.68,28.0,25.0
S02522,69.7,8.5,71.3,54.2,6.25,40.3,49.51
S09129,73.0,3.9,47.3,40.9,6.5,43.3,39.03
S03921,87.8,,68.3,80.3,,59.0,92.88
S05136,66.9,27.2,,70.4,5.73,50.2,75.35
S04040,88.1,16.2,82.0,76.3,7.92,60.0,88.63
S08775,78.6,3.2,61.6,54.7,7.07,51.7,40.72
S03888,60.4,10.3,58.0,50.3,,55.3,61.38
S08388,71.3,13.6,60.6,62.9,6.2,48.4,56.68
S00446,67.1,,75.3,66.5,7.43,45.8,74.54
S04796,67.6,15.8,74.2,61.2,8.19,,77.25
S02706,62.1,13.0,52.2,33.0,5.35,40.2,39.76
S09584,63.2,24.0,63.7,65.7,7.21,49.3,71.21
S07215,91.7,18.4,71.7,66.6,8.4,75.9,82.58
S02533,,12.18,53.4,43.4,5.88,58.4,57.76
S02612,64.9,20.1,53.3,62.39,7.83,58.7,68.37
S07686,64.7,7.5,72.4,58.4,8.46,57.6,55.58
S06549,77.4,19.9,58.1,68.9,,64.2,60.93
S07895,78.2,9.3,59.5,49.0,5.58,30.8,53.8
S01866,69.3,13.5,77.7,56.1,6.74,49.1,64.64
S08647,86.4,13.7,81.4,72.8,7.52,30.6,88.56
S03079,68.8,15.6,49.4,44.8,,52.9,56.29
S01864,80.1,11.9,69.6,61.0,6.93,38.3,50.06
S04502,71.0,14.6,,67.9,9.34,82.1,85.7
S07409,67.4,16.9,45.2,56.2,6.04,50.6,50.44
S02077,64.0,11.3,51.1,38.3,5.41,54.1,45.37
S03961,75.6,19.8,70.8,73.0,5.09,54.4,75.18
S04308,84.1,37.7,84.7,91.7,8.53,53.1,98.26
S03057,62.6,10.1,52.1,46.9,,59.7,55.69
S02108,73.6,13.3,69.6,69.1,6.09,65.5,69.57
S00953,71.5,2.0,44.7,46.5,5.48,53.5,39.88
S03183,89.0,25.1,91.6,70.0,8.35,70.4,68.74
S00740,63.3,3.1,50.4,30.0,5.87,46.3,34.98
S03342,69.3,10.6,61.8,64.5,7.74,40.4,51.05
S04019,78.3,19.3,75.9,80.3,5.52,71.7,79.07
S02407,55.2,14.2,56.2,42.6,6.04,44.7,45.5
S04993,62.9,6.9,64.1,52.9,5.8,40.9,51.13
S09058,92.0,,75.3,75.5,8.53,74.6,91.88
S00501,74.8,23.6,87.2,70.0,7.0,57.9,67.62
S08905,78.3,25.9,86.8,82.3,7.9,58.6,86.38
S04526,49.0,2.0,32.6,30.8,4.36,15.3,4.04
S06460,78.1,10.0,78.8,64.0,5.25,53.1,63.0
S02773,80.8,14.6,72.5,72.8,5.8,65.7,74.08
S00536,79.0,34.9,93.5,89.3,9.36,66.6,88.17
S07243,55.0,2.0,46.7,41.4,4.99,35.2,38.22
S00073,69.2,,,64.2,7.54,72.7,74.7
S00810,76.6,18.3,86.3,67.4,9.12,89.4,77.2
S00157,40.0,5.2,35.8,40.1,5.7,38.9,23.54
S02817,67.8,6.8,45.8,34.0,6.5,45.2,47.18
S03237,85.4,10.8,71.6,70.7,6.81,91.3,69.81
S08594,90.9,19.4,90.0,89.8,8.92,63.8,100.0
S03564,,16.2,79.7,79.9,6.45,48.8,64.48
S06887,87.4,31.4,92.2,82.3,8.6,73.7,80.65
S03627,81.1,16.6,53.5,72.4,7.53,76.8,70.31
S07440,95.6,15.1,100.0,95.4,10.0,68.5,100.0
S04118,81.1,20.5,81.3,80.8,5.9,66.0,76.34
S09956,70.1,10.1,52.6,45.3,5.22,43.7,54.11
S03537,73.7,10.0,59.2,52.9,5.75,49.6,61.7
S08295,67.4,23.4,90.3,80.9,7.64,76.1,93.5
S07401,72.1,12.7,,75.9,,87.79,81.96
S00263,83.2,6.3,82.0,69.3,8.25,48.5,78.42
S01466,72.9,29.7,86.8,77.9,8.51,63.3,96.07
S05284,81.0,27.3,62.5,68.9,8.32,64.2,71.8
S08161,,12.3,76.9,52.3,6.36,35.0,40.96
S00456,63.5,16.3,76.8,73.8,8.67,81.7,68.12
S08356,,25.0,92.1,80.3,,79.7,90.9
S01759,72.8,19.9,84.5,76.6,6.36,59.6,87.01
S07781,81.3,7.3,69.6,55.5,6.61,56.6,70.84
S00677,85.9,17.2,100.0,100.0,9.71,71.9,96.02
S08635,59.2,4.0,59.7,30.0,6.56,45.0,39.85
S03382,67.3,22.2,61.0,85.9,7.59,68.3,68.32
S04547,,14.5,67.4,72.2,5.89,55.5,82.65
S02854,84.1,14.7,75.0,74.6,6.13,46.6,71.87
S01924,91.8,19.5,75.9,77.4,8.21,54.0,85.56
S05215,83.0,20.62,81.8,84.9,6.63,93.7,87.26
S09389,,19.7,68.3,92.8,8.53,88.8,84.78
S06522,94.8,30.4,84.4,64.9,8.29,64.2,75.41
S07231,66.7,11.2,,38.1,5.29,42.5,42.49
S07181,79.4,13.4,95.2,73.0,8.85,81.0,74.85
S08205,70.5,30.2,76.5,77.0,7.13,67.6,80.98
S01750,71.1,20.2,85.0,79.0,7.78,37.9,67.95
S07547,71.7,10.2,73.8,61.5,6.42,35.2,49.0
S01372,62.5,16.0,63.6,68.7,6.9,76.4,76.66
S04501,,26.0,74.17,56.4,7.98,61.9,67.18
S00218,78.1,13.1,77.5,68.4,8.14,66.4,81.02
S03365,69.4,15.1,69.5,65.3,8.23,63.8,78.32
S06351,69.3,15.9,59.6,39.3,6.07,21.6,49.15
S05964,73.7,14.8,85.9,77.6,7.02,59.7,74.89
S05671,84.3,21.3,71.4,56.9,7.76,76.0,74.7
S06829,45.3,14.0,50.9,47.9,5.67,24.0,50.01
S04309,70.6,13.6,83.6,62.9,,63.3,99.87
S02419,86.4,22.9,80.9,73.3,6.34,65.0,59.53
S05012,84.9,14.7,83.7,77.1,7.61,65.2,84.38
S06363,66.8,8.6,49.7,53.4,5.26,31.0,55.33
S03458,83.2,18.6,67.3,71.4,6.76,75.4,75.33
S02324,72.7,22.6,65.1,55.2,6.64,71.9,60.49
S08409,86.9,16.7,55.2,56.8,7.73,42.6,65.07
S03553,58.9,8.2,40.8,31.1,5.6,49.5,48.27
S06239,,4.8,38.4,30.0,5.97,38.6,28.15
S01385,83.5,25.2,71.2,67.3,8.5,64.3,96.21
S02200,53.3,3.6,37.2,30.0,4.0,48.5,25.26
S09627,67.2,8.3,56.9,48.8,6.99,60.9,46.66
S04182,45.7,6.6,,39.6,4.32,46.8,34.09
S03135,81.1,21.8,88.4,64.8,9.02,,84.46
S02405,94.7,29.0,68.8,58.5,9.32,73.5,92.83
S02304,93.4,25.4,70.9,88.6,7.44,62.1,92.72
S03333,,7.5,41.1,,5.49,34.4,44.32
S07969,74.1,17.1,66.0,46.4,6.08,67.3,59.44
S08060,72.8,,100.0,63.6,9.41,61.4,85.84
S04822,81.4,22.0,67.2,85.4,8.25,75.2,92.92
S02193,48.6,3.9,42.8,36.8,4.96,,17.98
S01993,96.5,16.3,78.9,77.6,8.42,62.2,91.01
S07695,48.7,,49.2,37.3,5.72,75.3,30.23
S02316,92.9,25.9,79.9,68.2,8.13,73.8,81.95
S01162,75.2,7.4,50.2,54.5,6.4,52.6,48.58
S01863,72.2,2.7,57.2,41.6,5.81,47.5,59.14
S09726,77.8,19.2,84.0,72.2,6.98,57.5,85.11
S09607,100.0,22.5,92.4,79.2,8.34,76.4,88.56
S05946,80.5,15.6,63.6,49.7,7.21,63.9,69.7
S02075,79.6,17.2,73.4,78.3,6.17,,67.37
S04529,58.3,20.5,,57.1,6.56,55.7,59.75
S00393,70.6,27.4,70.3,80.7,,56.8,81.48
S06032,73.0,15.0,70.3,57.5,5.39,36.5,61.75
S09187,80.3,22.4,99.6,82.5,8.33,59.4,87.55
S08057,54.4,2.0,50.7,37.3,4.22,31.4,31.19
S06181,65.7,10.8,30.0,35.7,5.36,40.2,28.46
S08224,55.6,2.0,32.8,37.2,4.87,31.6,44.92
S00137,73.0,18.3,81.2,60.3,7.16,38.5,70.9
S03642,90.2,11.8,73.6,64.2,7.12,76.5,65.76
S02167,93.1,10.7,77.4,45.3,8.66,50.1,77.68
S03717,59.6,2.0,66.6,40.2,6.14,38.3,48.38
S01738,67.9,11.8,65.3,58.2,7.47,46.7,62.4
S05072,100.0,31.8,80.0,100.0,8.66,100.0,100.0
S08034,74.2,16.9,81.0,73.9,8.51,41.9,81.24
S04860,60.4,11.7,49.8,59.6,4.91,56.5,50.37
S06158,73.5,15.5,62.7,70.1,6.75,66.6,68.61
S09380,74.7,23.3,81.5,,8.03,34.4,86.78
S02176,69.0,17.5,58.3,47.4,5.78,44.6,44.62
S07160,68.6,21.1,71.7,63.5,7.48,41.0,78.5
S05533,91.1,22.7,94.1,70.8,7.78,92.3,78.43
S03505,61.9,5.1,45.6,38.6,5.15,45.3,26.34
S08514,82.9,26.4,79.7,71.6,8.87,78.2,87.46
S02443,63.3,2.0,30.0,30.0,4.0,38.4,17.17
S00602,48.6,3.5,45.9,48.0,4.57,30.2,35.24
S02779,88.3,19.4,83.0,82.3,5.37,59.0,79.74
S03423,58.9,,,61.0,6.65,74.9,35.99
S07971,89.3,26.1,88.3,73.2,6.43,,79.81
S01024,66.1,6.1,65.7,58.1,7.67,65.6,54.21
S08366,77.0,12.8,64.4,75.4,7.9,73.7,65.57
S01321,72.3,12.7,99.5,66.3,8.17,61.5,80.32
S08115,74.3,,84.5,80.2,8.2,68.9,71.59
S02172,63.7,20.3,73.4,64.2,7.11,54.7,75.41
S02016,71.4,22.0,53.9,63.6,7.43,57.4,70.69
S06859,84.2,17.4,85.0,73.6,6.82,59.7,76.08
S00241,60.6,14.1,56.5,62.9,6.84,59.1,65.88
S06613,64.7,11.5,56.5,42.2,6.34,35.5,52.0
S04938,41.2,2.0,44.3,33.1,4.17,31.7,20.34
S00722,77.4,9.6,,55.9,5.75,36.7,55.69
S01429,81.5,27.5,77.6,74.5,7.15,,87.45
S00726,88.9,29.1,82.6,79.4,8.96,57.2,90.09
S03740,64.0,8.6,62.3,63.6,7.32,,74.95
S05792,87.8,24.6,92.9,67.4,9.21,84.3,81.76
S09751,63.6,8.5,52.0,52.0,6.21,58.4,49.52
S07748,84.8,14.2,71.9,65.6,7.26,72.1,67.12
S07088,64.1,11.1,55.6,54.4,6.63,,48.15
S00712,85.7,24.9,84.4,70.3,7.48,41.3,84.36
S03070,71.9,18.4,77.9,77.6,5.75,50.4,69.29
S04274,84.7,,86.0,96.5,7.21,57.5,86.0
S02558,78.6,19.3,52.1,54.8,7.31,55.1,66.66
S05253,80.1,26.9,92.7,86.55,7.67,76.1,91.37
S06803,88.4,16.7,87.2,82.2,9.59,67.4,95.54
S07424,68.8,2.0,58.5,52.8,6.35,45.9,50.98
S04141,64.7,19.6,76.4,62.5,6.51,55.4,64.37
S06361,77.8,16.9,71.3,69.5,7.27,78.4,78.6
S04550,93.1,35.6,91.0,94.9,7.53,71.7,90.11
S01608,84.8,26.4,77.5,70.1,7.89,65.5,88.22
S04197,98.6,10.6,51.3,47.2,7.34,72.6,67.43
S04991,67.4,27.5,85.3,89.5,7.17,69.3,89.25
S02700,66.8,12.7,75.5,85.1,7.56,53.3,72.41
S07176,,8.2,,47.5,5.9,58.0,50.26
S08191,78.3,,63.5,58.2,8.52,50.3,64.45
S05319,82.6,15.3,80.1,81.5,6.22,59.0,81.3
S08597,87.9,28.3,81.0,95.6,10.0,62.6,100.0
S05408,86.4,23.1,92.7,94.7,10.0,64.5,90.9
S03251,48.5,2.0,47.0,39.4,5.65,48.2,39.69
S09954,83.4,20.1,84.8,80.1,8.81,81.2,78.0
S00959,46.4,11.0,54.5,30.0,6.16,44.3,39.05
S00832,83.7,,63.9,68.7,8.07,61.7,72.94
S00530,100.0,27.4,75.2,90.0,8.61,89.5,100.0
S01448,86.2,17.9,78.4,83.3,6.72,66.8,73.22
S06299,94.5,22.4,,81.9,9.39,69.8,96.12
S02058,77.4,19.0,71.7,79.6,,63.6,75.76
S00059,68.1,7.1,47.5,50.0,5.41,52.0,61.72
S02719,,28.9,84.5,77.4,8.32,72.6,89.72
S09720,89.8,14.1,,80.0,8.21,61.8,92.43
S05737,52.9,12.8,61.6,47.4,5.54,45.7,59.44
S00613,92.1,21.1,66.4,61.3,8.48,54.7,69.41
S07646,81.8,12.8,77.7,67.8,6.23,49.2,66.51
S03975,54.6,,44.5,30.8,5.17,36.3,22.55
S02964,57.2,5.8,30.0,30.0,4.72,23.7,36.31
S08371,83.2,23.0,76.2,58.1,6.17,59.3,75.94
S05281,81.9,15.3,82.5,73.5,8.05,69.9,90.44
S06422,70.8,8.8,61.2,60.2,6.36,38.7,66.37
S03672,92.1,19.8,92.2,73.0,8.09,80.9,86.12
S07864,73.7,13.7,86.1,72.1,8.03,61.3,71.21
S08813,99.2,30.9,83.1,83.9,9.19,70.0,81.69
S05732,84.2,17.1,69.6,68.6,7.31,77.4,85.97
S06103,59.2,,45.5,34.4,5.22,36.7,28.15
S05980,65.9,13.5,40.9,43.9,5.91,41.5,49.11
S08128,59.9,3.6,61.0,51.6,8.87,28.5,64.03
S04397,73.0,34.0,89.2,85.5,9.57,78.7,100.0
S09905,80.9,21.9,82.4,78.7,6.92,46.7,69.25
S05122,54.6,,47.7,33.6,6.16,30.4,37.36
S05209,62.7,19.9,72.2,66.9,7.96,49.1,80.84
S02523,79.7,26.7,61.2,80.2,7.84,57.4,69.07
S06850,78.9,21.5,82.9,80.2,6.65,60.4,75.65
S09492,55.3,12.1,50.4,52.6,4.64,37.3,43.01
S05095,79.4,21.1,54.7,54.9,6.36,59.7,64.66
S09869,88.1,,95.5,86.0,10.0,67.5,100.0
S08746,89.5,14.0,90.5,91.0,8.69,69.3,78.12
S00861,46.4,5.1,47.8,30.0,4.0,31.3,24.74
S07601,92.8,20.9,92.0,85.3,8.16,54.9,84.02
S00183,89.5,22.3,78.4,73.6,8.16,41.9,72.15
S07341,81.3,18.9,85.6,75.0,6.51,58.8,88.8
S02098,78.7,12.8,78.9,70.8,7.75,54.5,74.81
S03935,63.0,4.0,52.2,50.4,5.15,51.3,37.79
S00167,68.6,13.5,59.7,35.0,5.7,19.1,58.12
S06394,74.4,2.5,55.2,50.3,6.14,29.5,48.48
S07926,64.7,,72.0,44.4,7.91,47.8,58.91
S04295,71.0,13.7,90.0,69.0,8.31,71.5,73.88
S06510,87.7,18.3,84.4,80.7,6.36,56.4,90.69
S03651,54.0,3.5,63.4,40.3,5.26,54.8,53.97
S01965,72.4,12.4,61.5,47.7,5.89,72.2,63.11
S09288,91.7,27.2,86.1,64.6,7.87,75.4,75.35
S02488,62.9,10.2,59.3,53.9,8.39,42.8,50.3
S01693,80.3,29.3,95.0,96.4,9.72,86.9,95.83
S01930,82.0,16.8,67.5,65.3,6.18,59.1,68.38
S02846,91.9,23.1,91.4,79.8,9.09,,90.65
S06666,74.1,18.5,82.7,73.6,,63.9,93.56
S06102,76.3,18.2,61.4,55.2,6.12,100.0,58.11
S07192,76.8,21.9,73.0,76.2,7.8,72.4,88.78
S08424,74.7,25.0,65.3,63.0,7.82,52.7,70.81
S00621,85.9,15.8,76.7,73.7,6.48,64.6,72.24
S01271,100.0,35.5,93.3,100.0,9.83,76.3,97.82
S06028,92.3,23.6,85.5,83.9,6.37,,85.87
S02843,60.8,19.0,58.1,59.3,6.9,38.7,56.32
S02014,66.0,12.8,82.5,,8.76,64.9,88.54
S03329,87.2,24.7,96.2,76.2,10.0,71.5,92.1
S08209,74.4,8.4,56.3,53.6,5.71,59.2,67.15
S01683,83.4,23.1,74.3,63.3,8.3,47.7,83.65
S00945,90.7,25.9,90.6,73.2,9.19,84.3,84.69
S09429,59.0,8.5,57.3,48.4,6.18,45.3,45.34
S04831,,27.6,83.8,77.7,8.59,70.4,90.56
S05005,69.4,13.0,71.5,67.4,8.45,47.1,79.28
S02998,80.0,9.8,57.3,43.0,5.39,55.0,58.94
S03907,65.2,20.1,77.3,70.4,6.79,75.2,63.24
S07477,69.1,6.2,55.6,48.2,6.29,52.8,60.91
S02667,72.5,12.7,56.5,56.5,6.02,60.9,59.03
S06885,69.8,21.0,73.8,71.3,9.11,60.1,91.84
S05983,86.8,21.1,85.0,85.2,7.97,64.8,96.1
S07368,66.3,20.2,67.2,71.1,7.38,60.3,53.91
S09363,100.0,40.0,98.2,96.3,9.46,67.3,100.0
S02068,85.3,6.7,44.6,47.0,5.99,54.9,49.25
S09302,83.8,19.3,84.3,87.1,8.32,56.8,95.48
S02665,75.7,12.2,82.0,63.3,8.97,56.8,91.36
S03600,85.9,19.8,79.9,77.0,6.64,62.4,73.07
S04720,82.4,6.1,49.4,51.9,5.69,80.6,47.87
S02541,72.2,15.6,74.8,66.6,8.02,61.6,66.33
S04391,84.9,24.5,94.9,78.4,8.98,,89.19
S03808,83.0,17.0,83.9,74.0,6.23,41.2,70.34
S09454,65.7,21.6,62.8,38.7,6.84,60.0,65.62
S06823,69.9,9.5,75.4,58.9,8.36,50.1,57.8
S02044,61.8,22.6,70.1,58.4,7.49,68.1,70.39
S07720,80.6,26.8,70.0,84.8,7.65,70.2,85.6
S06969,98.3,36.9,67.9,56.2,7.15,,74.9
S07658,,18.8,85.8,84.0,7.86,65.5,93.18
S00443,76.6,28.0,86.4,78.3,8.62,70.5,79.74
S04657,92.7,11.9,82.4,65.8,7.24,66.8,86.34
S02056,61.3,4.3,62.6,49.6,5.74,42.5,48.43
S09984,,8.0,56.8,58.3,6.28,64.5,64.05
S06495,64.3,3.7,63.6,56.9,6.23,48.3,60.56
S03242,79.6,22.6,81.3,78.8,9.2,81.0,85.72
S09326,68.9,11.5,52.0,48.9,5.94,41.7,56.53
S06662,81.5,12.6,45.3,48.5,7.38,,46.59
S05027,84.4,23.7,82.4,76.8,7.76,76.0,83.21
S06645,67.6,9.4,73.9,66.0,7.22,48.7,68.9
S04552,69.4,,49.3,54.1,5.56,52.7,47.13
S05804,100.0,27.5,100.0,97.0,,78.2,100.0
S09481,81.6,18.0,84.5,75.3,7.73,49.0,84.94
S08284,87.0,26.7,82.5,86.3,6.48,65.6,83.15
S08573,62.5,12.2,54.6,59.8,6.39,41.7,53.6
S05861,88.1,14.1,,58.0,6.77,38.2,74.25
S02767,73.2,9.0,81.4,73.2,8.9,60.2,74.17
S04032,96.2,28.0,95.9,46.2,10.0,74.9,74.9
S08392,61.4,10.1,66.9,53.0,8.01,33.3,55.18
S03013,59.7,10.1,60.9,63.7,7.96,40.6,55.97
S03172,82.8,19.9,71.1,73.2,,66.9,75.06
S04868,74.5,12.1,73.2,66.3,,56.5,70.26
S08239,91.3,28.1,96.6,95.1,9.77,71.5,93.41
S05622,100.0,23.5,75.1,94.6,9.34,73.8,88.31
S08400,79.6,18.6,73.9,70.9,5.78,59.1,69.18
S04926,86.3,10.8,60.9,59.6,7.68,62.3,76.94
S00042,78.6,26.0,72.2,56.7,7.75,75.7,78.85
S05426,89.0,23.7,100.0,78.2,9.19,69.2,98.86
S03638,75.3,2.0,78.9,61.2,6.64,64.2,69.09
S01391,85.6,22.5,81.2,56.6,7.07,56.6,78.03
S09516,94.0,23.0,,70.9,8.6,60.4,80.8
S08913,89.7,10.6,,57.4,8.17,41.8,74.2
S04343,83.1,17.1,53.5,61.2,6.64,,50.46
S05785,59.3,10.4,65.9,55.8,6.63,31.2,60.28
S03906,83.2,13.3,57.0,71.9,7.57,48.5,77.01
S06204,76.5,22.9,77.7,64.5,6.16,67.2,78.57
S07903,57.5,6.5,51.7,44.2,6.08,47.0,45.98
S02204,75.6,13.0,96.7,72.3,8.67,64.3,80.73
S04593,78.2,25.7,80.5,63.6,7.75,53.7,67.71
S07982,53.7,3.8,57.0,39.4,4.0,28.4,29.29
S03903,77.5,8.6,61.6,48.7,5.42,54.2,55.29
S02600,61.1,16.8,64.5,75.6,7.55,77.0,76.54
S00645,50.2,4.8,57.4,43.1,4.0,41.4,29.03
S03608,61.3,,53.4,55.6,5.77,59.7,52.42
S04110,80.4,16.4,79.6,72.8,5.98,72.1,54.51
S04607,87.2,19.0,88.1,80.6,8.63,56.8,94.43
S03229,63.31,2.1,52.6,34.8,5.35,41.3,40.95
S04966,95.2,23.6,69.4,69.1,7.11,74.3,64.02
S02182,77.6,10.9,80.6,70.1,6.96,61.9,67.14
S06600,100.0,25.7,90.8,85.1,,80.9,98.95
S04527,75.4,21.0,80.8,70.4,6.59,61.2,77.64
S01480,79.4,20.9,,92.8,9.25,78.1,87.4
S02769,89.5,28.1,,70.4,,44.0,75.46
S05246,78.7,23.6,78.3,67.1,9.23,91.3,84.21
S01843,85.2,21.3,93.2,76.0,8.95,87.9,85.75
S07347,65.5,20.91,62.8,46.0,5.54,77.3,54.2
S09478,81.1,25.7,61.1,74.7,6.73,43.6,74.35
S06927,68.3,8.9,61.3,49.3,6.53,34.0,58.84
S02777,71.0,14.1,48.0,46.6,5.32,45.3,65.01
S03107,,19.8,74.7,84.0,8.76,53.4,77.5
S06612,68.3,25.6,99.0,86.4,9.5,74.5,100.0
S02613,66.7,12.7,76.5,65.5,8.46,72.9,62.89
S00077,76.3,20.9,72.4,73.1,7.15,,68.45
S08531,94.0,11.2,87.2,86.0,8.28,38.8,76.63
S08203,78.3,12.8,66.3,42.4,7.04,47.3,50.04
S05814,97.1,32.7,84.2,91.3,8.83,93.2,100.0
S05836,79.5,21.0,70.7,63.0,7.43,,52.99
S05335,73.8,13.9,68.1,67.6,9.04,80.2,80.23
S05947,76.6,25.3,,56.2,6.92,54.7,63.62
S06470,64.4,14.1,53.9,52.1,6.85,66.3,63.9
S08763,79.8,22.0,93.4,81.7,8.48,71.5,92.37
S04842,70.1,16.1,36.8,44.6,,57.1,57.02
S06900,98.5,18.1,99.1,90.9,9.31,68.8,97.76
S09372,81.4,12.7,68.7,71.1,7.89,61.6,77.48
S00567,76.9,14.7,79.8,71.6,8.7,73.5,90.59
S03928,90.5,,64.2,58.0,7.93,39.3,62.42
S02757,76.2,22.0,72.28,72.0,7.09,32.7,70.29
S09989,66.6,9.0,72.2,41.4,7.56,37.6,64.96
S01728,52.4,2.0,47.8,32.7,4.88,26.6,37.13
S06949,83.0,9.1,61.2,58.5,6.49,73.1,54.24
S03184,100.0,15.6,84.1,81.4,,62.8,84.82
S04579,71.3,8.8,53.9,45.5,6.76,57.8,46.36
S06942,80.7,20.3,73.0,79.3,6.19,49.4,90.38
S08510,57.3,8.9,42.3,54.0,6.3,59.3,38.26
S01917,79.3,12.9,85.7,61.5,8.72,64.3,85.73
S04840,86.2,26.0,93.2,90.2,9.96,76.3,96.21
S08961,74.4,15.3,75.1,56.8,6.33,48.6,44.42
S06484,84.5,18.5,77.2,72.7,6.31,71.7,76.49
S01475,72.5,11.8,80.3,66.8,6.78,83.1,68.59
S02962,88.1,22.9,77.6,69.6,9.12,64.9,81.04
S06245,41.3,7.7,30.0,43.8,4.38,43.4,21.11
S03694,80.7,11.7,89.3,77.5,9.12,69.6,77.48
S07294,89.5,21.6,82.6,78.9,6.27,58.0,85.05
S02082,55.7,4.9,46.4,40.3,4.88,38.4,30.86
S09912,85.7,14.7,62.0,50.1,,52.7,54.58
S04777,85.3,15.0,61.8,67.1,6.38,43.1,69.36
S00780,99.0,27.0,100.0,98.2,9.78,76.6,100.0
S06753,77.5,26.4,75.6,67.3,6.11,65.3,80.63
S09444,61.4,3.3,58.8,39.0,9.28,40.7,59.26
S04236,70.9,,,44.9,,49.8,37.42
S02453,100.0,29.2,100.0,100.0,10.0,66.1,100.0
S06314,68.5,12.4,71.0,67.9,7.71,49.6,68.81
S04721,87.6,21.9,74.7,71.7,6.24,,71.85
S02489,78.8,18.5,66.2,69.9,7.34,,75.31
S01994,77.7,14.7,97.5,63.2,8.5,49.4,74.81
S01791,75.8,23.7,75.0,65.8,7.41,50.1,78.47
S06785,59.5,2.0,45.3,32.4,4.06,58.7,36.13
S06374,,9.0,55.5,69.3,5.76,63.2,56.88
S07428,,39.8,96.8,100.0,9.97,71.8,100.0
S02617,54.0,10.0,64.5,42.3,6.39,38.9,47.07
S09791,84.2,17.5,67.1,,7.95,77.8,80.24
S03569,89.5,2.7,84.2,87.9,7.14,71.2,53.55
S08772,80.1,16.9,79.3,59.7,8.83,73.7,67.51
S01542,83.7,19.3,68.4,61.0,8.11,74.6,76.58
S08139,88.5,17.5,90.7,68.6,8.35,75.7,88.03
S07501,69.2,,88.6,59.6,8.91,85.6,70.44
S02414,65.3,19.8,66.2,65.4,7.52,57.3,60.32
S09045,74.0,18.3,71.1,66.6,8.14,72.7,83.31
S05275,51.4,2.3,30.9,46.1,9.48,8.4,40.84
S04595,70.3,12.0,62.2,43.9,6.01,72.1,57.84
S00345,85.9,28.5,73.9,84.6,,62.3,90.75
S00341,65.7,16.3,69.3,64.1,6.79,56.8,63.21
S04347,63.5,4.5,69.6,53.4,6.95,71.9,48.55
S04543,93.5,31.6,87.6,100.0,9.33,72.3,100.0
S04455,76.6,15.9,64.4,74.8,6.68,66.8,61.44
S00949,84.1,17.2,82.7,68.7,8.42,86.3,84.65
S06886,60.3,4.2,65.8,53.7,6.84,61.0,51.97
S01267,77.2,26.0,72.1,89.3,8.92,65.5,87.85
S04201,69.2,11.1,41.6,40.8,5.1,40.6,53.21
S03570,53.2,3.0,40.9,31.5,4.74,40.2,23.74
S01188,77.9,14.5,57.8,68.6,6.46,48.0,54.89
S00814,85.7,17.8,80.9,76.0,5.97,47.1,84.49
S07004,80.3,19.3,88.0,90.7,9.19,74.8,99.99
S04406,83.9,27.2,72.8,74.3,6.45,59.2,83.75
S07701,81.5,20.6,86.4,73.5,6.93,38.5,81.61
S06489,82.6,24.9,78.5,87.0,6.6,65.6,83.74
S06647,64.1,16.8,78.2,57.2,7.84,47.1,72.13
S07006,88.6,9.6,62.2,75.8,7.85,47.2,67.63
S04965,90.4,32.5,98.9,90.1,10.0,74.9,100.0
S09485,70.2,,58.6,47.6,7.47,,63.84
S06307,74.1,8.8,72.5,73.1,7.02,41.3,64.38
S04616,99.0,20.6,,91.8,8.71,85.3,74.88
S09345,69.2,14.4,77.0,58.2,8.46,63.4,73.87
S02553,85.3,19.1,83.1,66.4,6.83,58.5,71.38
S02642,73.9,23.2,82.2,85.9,9.02,,89.4
S08982,94.2,17.8,81.2,74.1,7.34,62.4,82.52
S00594,71.2,11.7,91.9,69.8,8.51,58.1,70.36
S05624,94.5,35.4,100.0,98.6,,82.4,97.24
S01845,84.9,22.8,85.9,77.9,8.02,73.4,83.27
S07850,89.3,22.8,74.6,94.4,8.7,84.2,87.42
S04625,63.7,2.0,57.9,35.1,5.15,45.8,45.08
S05906,78.6,26.7,79.7,64.5,6.15,38.5,69.34
S06071,100.0,20.6,85.4,74.8,9.32,68.8,90.77
S02376,86.1,26.2,77.6,76.6,7.19,60.9,76.36
S07426,85.2,11.9,76.0,66.4,6.67,57.0,57.82
S02814,57.6,,68.0,49.8,4.42,61.1,37.16
S01573,79.1,21.5,69.6,69.7,5.53,47.0,70.56
S02876,83.1,22.2,80.5,83.3,6.34,70.0,85.4
S01516,52.3,10.6,61.5,43.9,5.62,57.2,46.05
S00538,57.2,24.8,77.4,72.1,8.51,72.6,81.35
S02491,83.1,22.9,82.8,76.2,7.23,54.6,78.09
S02396,55.5,2.2,35.2,30.0,4.39,16.5,19.03
S06771,65.8,8.3,60.4,47.8,,46.3,59.06
S02501,68.4,3.2,68.2,47.2,6.06,58.8,50.72
S00256,66.3,8.1,68.8,59.6,5.54,36.3,54.45
S03035,74.4,18.3,76.8,57.3,6.46,45.1,73.8
S09773,76.7,6.5,60.8,34.0,5.18,36.9,51.72
S09632,89.5,36.4,100.0,100.0,10.0,89.3,100.0
S03811,72.9,5.1,,53.4,7.33,60.0,51.96
S05274,66.7,12.3,32.9,45.2,4.54,40.2,30.31
S08870,74.2,24.0,92.6,77.3,10.0,78.5,83.38
S08421,85.4,2.2,65.7,65.6,7.07,43.5,68.37
S02775,89.5,13.8,72.7,77.5,8.13,74.7,96.82
S03148,89.5,34.3,100.0,85.7,9.59,59.9,99.77
S05393,86.5,10.2,61.0,53.9,5.92,63.3,51.14
S03272,68.8,2.0,36.4,30.0,4.23,55.2,4.34
S05879,63.8,8.3,59.0,43.2,6.47,62.4,40.79
S04680,67.9,12.1,62.3,66.3,7.7,41.1,67.0
S06966,94.2,18.6,79.5,64.6,6.93,56.7,82.35
S03024,69.3,14.0,53.2,50.3,6.24,55.7,57.29
S00050,73.9,7.3,71.8,66.0,8.67,60.6,70.4
S02145,61.5,11.6,71.6,67.5,7.32,47.2,79.11
S00607,68.8,22.3,77.8,81.6,7.39,47.3,80.37
S09817,51.6,10.3,70.4,45.0,6.28,59.5,45.63
S09381,69.3,9.5,53.8,34.6,5.57,46.4,38.25
S02213,80.1,21.3,72.6,73.7,6.52,64.6,74.67
S04418,61.3,5.2,75.6,53.3,7.48,60.0,53.97
S02278,59.2,6.7,73.4,56.2,5.6,30.0,60.55
S04446,75.7,9.4,63.7,48.6,6.56,66.0,60.53
S07240,76.3,7.4,72.6,,5.85,46.8,43.89
S08401,94.1,24.3,68.3,95.2,,48.2,100.0
S05635,68.5,4.8,67.5,54.4,6.46,49.2,52.5
S02865,49.7,2.2,34.8,,4.57,40.9,33.26
S06001,100.0,30.1,81.7,96.9,10.0,94.3,100.0
S06506,84.5,24.6,85.7,84.1,9.27,79.9,96.47
S01591,81.0,12.9,84.8,65.2,8.4,68.0,74.72
S01803,85.5,21.9,81.4,72.3,7.69,71.5,83.74
S02366,65.9,,75.5,30.2,7.27,58.7,55.3
S01798,90.2,22.7,83.7,74.7,7.05,59.7,89.23
S09713,75.8,9.7,82.7,68.6,7.69,67.8,67.32
S08038,66.6,23.5,75.3,76.6,8.86,79.0,89.82
S07300,76.7,24.4,72.8,74.5,9.1,45.9,80.71
S01044,89.1,28.7,88.6,86.7,9.51,100.0,98.87
S04042,69.2,,54.3,62.6,7.26,67.2,54.57
S07680,62.7,2.0,54.8,36.0,6.29,44.2,51.95
S03497,81.1,22.3,69.0,67.6,6.09,38.2,65.42
S05193,71.4,15.7,75.2,69.6,9.0,79.2,75.92
S00171,51.5,10.2,35.3,37.4,5.17,65.0,35.55
S02464,66.6,8.6,85.4,61.2,8.37,67.2,64.95
S06056,61.4,12.7,59.4,52.2,4.63,58.0,50.07
S05933,72.6,10.2,75.5,57.6,8.68,67.2,74.96
S08800,64.5,22.1,,61.0,,74.7,68.24
S02546,75.4,16.1,67.5,64.8,8.5,53.0,72.92
S03952,73.5,13.0,74.7,57.4,8.38,69.5,67.63
S06636,76.6,16.2,51.9,65.0,,51.3,66.37
S09441,92.6,22.3,100.0,100.0,9.53,84.5,100.0
S05822,57.1,2.1,42.7,51.0,4.9,41.2,57.48
S04586,75.6,9.7,69.0,74.8,9.01,86.3,78.64
S05384,73.2,20.7,78.3,50.3,6.61,50.2,66.28
S01662,87.8,20.6,79.1,80.1,5.71,58.3,78.71
S05139,70.9,2.0,71.6,53.6,6.62,37.4,54.94
S09976,60.5,2.0,38.7,36.1,4.89,37.4,32.88
S09224,93.6,21.0,93.2,88.0,8.84,74.3,88.41
S04232,83.4,13.4,60.5,51.8,7.14,86.9,53.71
S07526,68.0,,79.2,,6.4,43.3,47.57
S08939,51.1,13.4,37.1,30.0,4.2,27.8,28.63
S03933,75.4,25.1,73.3,71.6,7.53,72.4,79.57
S08473,68.2,8.9,65.7,56.3,7.45,64.3,58.24
S06947,46.0,10.4,61.5,44.5,,38.4,30.5
S03192,70.9,22.1,60.6,69.1,7.67,,75.55
S01712,50.3,2.5,54.7,38.0,5.03,31.4,46.7
S01954,72.3,9.7,58.4,51.9,5.57,51.1,50.1
S09590,78.4,14.0,66.2,73.1,7.15,51.0,67.17
S00559,99.6,19.6,72.3,70.6,10.0,65.6,93.6
S01862,73.8,8.6,74.4,54.2,6.71,69.0,57.92
S01747,87.8,14.7,74.3,73.0,6.6,42.0,78.21
S00377,84.7,20.3,84.8,84.5,9.35,82.7,96.96
S09929,75.4,27.0,89.8,66.3,7.86,48.4,86.42
S07125,76.9,7.0,,59.7,6.67,37.7,68.53
S09518,80.3,26.9,81.5,64.2,7.96,52.8,82.69
S08303,68.0,13.8,67.8,69.2,7.29,64.6,69.53
S07884,85.6,16.4,75.1,66.5,7.36,72.2,48.96
S02713,83.4,13.8,71.3,56.3,7.38,58.7,55.49
S05160,69.3,13.2,70.2,85.2,9.24,69.4,89.28
S00550,83.5,,79.5,79.7,6.57,54.6,73.68
S08172,80.5,24.1,80.2,68.7,9.63,77.3,95.79
S01163,94.5,11.4,68.9,69.0,8.2,60.5,76.01
S07945,80.8,14.3,70.9,56.2,6.35,51.3,65.46
S07813,71.4,18.9,62.9,55.2,6.37,,65.34
S03323,67.1,6.2,48.3,30.0,5.11,36.3,42.47
S09800,53.6,8.1,36.8,36.8,6.25,55.4,39.51
S00624,66.6,14.9,85.6,47.0,7.53,49.9,56.49
S01830,75.7,6.1,58.1,52.8,6.38,43.8,56.18
S05539,96.3,27.7,79.8,84.8,8.01,88.9,87.63
S00909,91.1,35.0,81.0,77.3,8.16,71.9,81.4
S00672,79.5,25.2,87.5,79.1,8.62,76.8,87.37
S08166,68.9,5.2,45.8,35.5,4.1,7.31,32.03
S02019,58.0,3.0,57.1,54.7,5.14,43.8,40.79
S07868,,6.6,30.0,38.7,5.39,33.8,34.97
S08584,80.4,15.8,88.6,66.0,8.58,66.8,65.3
S00623,92.5,14.6,58.8,65.1,5.86,46.6,75.33
S07691,66.9,17.9,52.2,39.4,7.15,57.7,68.16
S09543,50.9,5.1,49.3,32.9,4.45,37.2,30.14
S08136,56.1,2.0,59.5,54.5,6.73,52.9,60.51
S06350,77.7,,74.0,74.1,8.79,64.3,86.65
S00185,65.8,7.3,66.5,45.6,5.43,50.22,59.16
S08973,90.3,19.5,80.3,84.4,7.52,64.0,79.53
S07554,65.9,22.2,64.8,41.4,5.77,65.1,49.44
S04804,55.9,5.4,40.2,39.6,6.19,25.9,33.43
S03402,77.2,20.9,76.7,60.9,7.55,64.8,75.29
S09652,73.6,12.5,77.8,57.8,8.16,65.8,72.39
S05597,,16.3,60.2,60.2,5.85,59.4,61.05
S01777,79.4,21.7,76.3,74.5,9.1,42.6,81.22
S07912,94.8,21.3,100.0,72.1,8.35,61.8,88.4
S02745,68.4,13.7,48.5,45.3,5.94,29.6,62.72
S09514,61.3,16.9,65.0,60.7,7.39,58.9,77.86
S07880,89.1,23.9,,,6.41,67.9,99.79
S05347,91.7,31.1,75.5,85.5,9.53,74.7,97.4
S04312,84.3,25.9,82.2,87.8,9.33,79.2,96.47
S05565,69.5,15.9,54.0,58.3,7.08,54.6,72.73
S01010,74.9,13.9,51.0,56.7,5.37,38.0,64.32
S08391,59.7,5.4,57.9,48.8,9.79,,52.9
S07779,87.7,16.5,46.3,57.3,6.23,45.2,67.82
S02270,84.1,23.2,81.0,77.5,6.08,64.1,74.85
S00471,86.9,14.9,73.4,70.6,7.85,60.5,68.7
S08518,63.1,6.5,66.6,65.2,7.76,59.7,62.63
S07509,93.4,25.0,85.0,82.4,7.85,70.7,91.26
S07976,74.8,10.2,54.7,51.4,6.29,44.3,51.74
S05841,82.0,16.7,83.8,78.9,7.24,79.3,94.79
S04707,78.7,17.5,95.4,84.1,8.71,60.9,86.86
S03629,79.2,13.2,77.4,64.2,6.55,54.6,71.62
S06295,92.0,23.4,50.6,61.5,7.7,62.0,61.53
S05996,,,,59.6,8.31,66.9,63.01
S08790,54.1,13.0,50.8,45.3,6.19,28.2,69.97
S08193,76.3,14.1,78.5,62.3,8.19,44.6,61.67
S05111,87.2,23.9,59.7,69.5,7.19,68.9,60.43
S00787,75.3,12.6,86.5,79.6,8.82,76.7,85.19
S04812,86.0,9.4,70.1,55.8,5.57,62.2,72.23
S06217,83.5,19.3,85.3,74.3,7.65,76.7,83.55
S07947,83.4,27.8,71.1,78.2,6.93,71.9,76.72
S09721,60.4,20.6,,57.0,6.7,41.2,62.33
S09369,76.9,2.3,80.0,85.3,,70.3,78.01
S06676,96.2,23.6,83.1,78.9,8.67,77.6,88.08
S06161,70.4,25.3,74.1,71.3,6.8,44.6,57.5
S02378,87.4,23.7,82.3,82.2,6.4,63.5,74.49
S06209,74.4,23.2,69.8,64.6,8.63,54.2,79.8
S07593,66.3,7.6,37.9,43.0,5.97,45.1,39.36
S05465,96.2,16.4,78.3,59.4,6.5,78.0,74.58
S04825,85.6,37.7,82.3,89.6,9.4,,93.49
S01229,74.0,28.4,58.6,68.7,6.53,56.4,59.81
S01215,57.6,6.6,51.7,30.0,5.58,30.3,23.72
S01350,78.4,22.8,95.2,90.3,8.94,60.7,93.24
S09097,84.6,,74.8,75.3,7.31,64.1,63.78
S09865,71.0,,,66.9,7.64,37.7,70.21
S09648,56.5,2.2,49.8,39.4,4.78,49.7,29.25
S06327,72.9,8.4,75.0,59.3,7.64,56.8,62.07
S04592,79.8,7.8,71.6,52.4,4.1,66.7,69.85
S09181,56.1,5.8,50.5,30.0,4.4,40.4,15.0
S05997,68.5,7.2,66.7,58.4,7.84,51.3,55.97
S00573,100.0,25.5,91.0,95.3,9.32,94.9,100.0
S05371,56.2,18.5,63.1,60.6,5.2,39.4,49.43
S05417,76.0,32.9,69.4,68.3,7.41,63.2,73.41
S05097,70.6,12.0,54.1,67.7,6.36,49.4,66.09
S08749,71.2,18.8,100.0,85.6,10.0,68.7,98.35
S01221,57.6,2.0,30.0,30.0,4.0,37.8,13.8
S07635,96.7,30.8,73.5,78.5,9.33,62.2,96.91
S09118,72.4,8.5,55.8,72.9,5.91,45.7,63.97
S06305,69.2,2.9,39.0,46.6,5.73,46.8,53.85
S03473,82.1,38.7,97.2,85.4,9.31,76.2,100.0
S09264,74.3,19.1,68.3,68.5,8.9,61.9,80.6
S08273,91.8,11.4,100.0,71.4,8.19,72.4,94.1
S06409,83.2,19.0,69.2,78.0,,54.1,77.42
S05800,85.9,18.4,53.2,72.4,5.9,53.0,65.92
S01744,81.9,30.4,83.0,54.2,8.53,65.4,84.93
S01562,74.0,2.0,55.2,54.7,5.9,46.5,48.53
S09622,64.3,6.5,,59.3,7.35,52.6,53.05
S06285,78.2,4.0,88.5,90.4,6.58,52.7,63.09
S05467,77.8,20.3,84.6,92.6,6.18,55.0,78.37
S05605,100.0,26.2,100.0,89.9,8.78,59.4,100.0
S08613,91.0,24.8,78.3,75.9,7.35,56.7,68.66
S00693,85.4,19.8,75.9,63.4,8.16,,77.23
S04585,86.3,15.5,85.5,63.8,8.29,44.5,66.68
S05750,78.9,14.5,73.2,55.0,7.46,63.4,69.05
S09552,67.4,15.7,76.1,63.8,6.62,31.5,68.17
S07771,66.8,13.7,70.6,75.8,7.62,,54.68
S04018,54.4,9.5,35.5,30.0,4.0,30.3,37.75
S02609,85.4,16.2,70.2,85.2,9.06,65.6,89.6
S03514,78.4,17.1,76.3,69.0,6.15,48.4,66.65
S06415,74.5,17.7,63.7,60.9,6.03,47.0,63.01
S09563,57.6,15.8,40.9,55.1,6.91,62.7,56.5
S04672,84.6,22.1,78.2,75.1,6.17,73.9,73.34
S07497,71.9,8.6,60.5,66.7,6.03,47.1,62.02
S03949,67.3,10.3,52.1,44.4,4.67,44.0,43.51
S01660,64.2,17.4,63.6,55.4,7.29,33.9,66.41
S07234,66.9,2.0,57.8,35.4,5.36,42.6,33.96
S00350,73.6,25.1,44.6,59.6,6.76,54.0,53.3
S01637,46.7,12.5,52.0,36.7,5.76,54.1,20.36
S02349,77.1,14.5,76.2,63.3,8.63,80.0,73.94
S04583,76.1,9.0,66.1,52.6,6.47,40.9,43.5
S00186,71.1,14.9,48.3,45.2,6.37,53.5,47.77
S01460,68.2,14.0,64.6,69.7,6.53,71.9,72.44
S09267,91.3,,76.9,86.9,,81.7,94.74
S08620,71.1,15.7,62.9,75.2,8.94,79.6,84.27
S07081,48.5,4.6,79.1,43.6,9.46,51.5,67.62
S03180,69.7,15.6,71.4,76.5,7.06,67.6,73.08
S04283,53.1,8.4,54.6,38.9,5.82,44.6,41.28
S02085,77.3,20.5,77.2,79.7,9.12,85.1,91.72
S08864,77.5,14.1,75.2,70.2,6.06,65.9,80.74
S03932,79.3,17.2,84.0,74.8,5.69,51.4,69.37
S09499,69.7,10.5,62.9,60.9,8.15,54.8,67.52
S02800,71.1,18.5,78.9,70.0,8.09,44.1,79.84
S00783,88.6,30.2,,,4.52,72.1,86.86
S08949,88.2,38.3,100.0,87.7,10.0,93.5,100.0
S00774,100.0,22.7,80.1,86.7,9.38,71.0,100.0
S07479,83.9,23.9,83.4,70.3,8.91,86.4,92.28
S04103,60.7,14.1,56.0,57.8,7.32,49.8,57.95
S06384,70.8,3.1,77.6,60.7,5.74,31.0,46.09
S07319,68.7,14.3,72.5,42.4,6.26,44.8,53.41
S00349,76.1,2.1,52.3,44.3,6.06,42.6,33.37
S07085,81.3,9.8,67.5,67.5,6.57,45.3,79.73
S00754,91.4,23.5,93.0,79.3,8.78,68.6,86.53
S02662,91.4,19.0,75.0,78.4,6.02,74.5,73.21
S00562,75.2,15.0,95.3,67.5,8.76,71.7,80.1
S05545,72.1,8.4,66.7,41.0,5.92,,54.69
S02763,88.8,21.4,69.5,58.0,7.85,,61.99
S06736,79.7,12.6,52.0,58.7,6.21,63.2,77.57
S00560,76.9,13.6,60.9,61.5,7.99,55.8,72.77
S09675,85.3,5.7,57.6,53.4,6.49,63.1,56.38
S00545,65.9,10.2,80.0,55.2,7.81,47.6,65.22
S02410,76.3,11.4,66.6,54.3,6.68,44.6,57.34
S04967,42.4,2.0,55.0,30.0,5.6,18.4,34.13
S04542,,2.0,30.0,30.0,4.0,16.1,19.24
S09695,75.5,26.3,82.6,77.5,9.1,60.2,91.11
S06108,75.5,17.7,65.5,61.0,7.03,66.6,73.22
S07110,75.7,15.0,51.9,,5.49,56.5,56.79
S06192,88.5,22.6,86.2,87.1,6.93,79.5,82.94
S04472,71.6,24.5,,69.2,6.5,90.7,71.99
S01706,73.2,13.9,,63.4,7.78,59.3,74.13
S09949,90.3,37.1,79.6,86.9,8.39,56.7,100.0
S05011,88.2,26.7,61.8,54.7,8.06,72.1,51.59
S01812,79.3,16.1,79.9,67.4,6.76,56.5,62.65
S04380,89.7,21.5,82.4,82.2,9.82,86.6,99.54
S07277,83.5,22.9,80.7,57.8,7.63,60.6,75.18
S06328,64.3,13.5,69.7,67.8,6.24,46.6,56.23
S07774,71.0,24.8,76.4,70.7,7.96,62.8,77.17
S09191,62.5,8.4,65.6,39.5,5.92,53.6,49.07
S08894,78.5,26.5,93.2,69.8,8.41,59.1,80.02
S00156,100.0,38.3,100.0,100.0,10.0,87.6,100.0
S00898,89.3,22.5,58.0,69.6,9.08,80.8,76.8
S08324,77.1,14.9,62.9,54.4,5.04,59.8,51.59
S02542,52.1,9.4,55.0,68.0,5.91,58.4,63.5
S01776,90.4,27.4,88.3,95.2,9.84,73.2,84.1
S06404,76.4,16.2,68.4,67.0,7.17,44.3,65.01
S03854,72.4,,80.3,80.0,8.11,64.9,84.2
S09416,71.4,18.7,60.7,73.0,6.49,60.3,74.83
S08045,84.9,17.7,77.2,81.1,6.61,69.3,80.97
S05639,91.4,22.3,78.0,82.3,6.32,72.2,88.75
S05444,61.7,8.6,64.5,51.2,6.99,63.6,70.96
S06188,63.5,5.7,52.0,39.6,4.19,23.3,28.34
S00520,69.0,3.7,70.0,43.1,5.33,53.6,55.25
S00569,74.6,8.8,68.8,56.3,8.06,56.9,55.6
S08186,92.4,23.2,85.7,63.0,7.06,49.9,79.83
S03643,71.8,10.2,62.5,59.2,6.36,47.5,48.1
S08661,92.3,23.9,89.9,75.5,8.02,83.2,94.39
S08030,91.7,14.2,57.1,50.3,8.1,23.1,61.91
S08440,72.8,21.7,,57.1,7.88,60.5,80.09
S00622,90.2,26.8,96.2,82.2,9.58,65.4,87.02
S00063,64.3,15.9,69.2,64.2,6.65,33.4,61.9
S09604,60.9,2.0,68.1,54.1,6.83,55.7,65.35
S03267,82.8,23.7,62.7,58.4,7.65,51.6,80.62
S02704,67.8,22.3,70.4,65.0,5.83,61.0,71.38
S06252,53.8,12.9,75.0,58.5,5.41,51.5,49.22
S09203,94.5,23.1,93.1,74.0,7.53,68.7,74.28
S01127,78.7,13.1,70.5,75.6,8.27,55.5,66.19
S02847,62.2,6.3,56.8,38.3,5.66,44.9,50.73
S08232,67.0,11.1,80.5,69.4,8.83,60.4,63.17
S06523,82.2,22.5,76.4,75.8,5.3,53.4,57.41
S04639,68.9,8.7,71.6,71.2,6.44,66.5,47.64
S05502,74.2,16.7,61.0,56.7,6.89,49.7,69.7
S09248,74.9,10.9,73.2,58.3,8.44,52.3,69.07
S06278,100.0,26.0,82.0,87.4,8.52,65.0,91.55
S09747,81.2,17.3,64.3,52.8,7.91,74.7,69.14
S00695,81.0,20.8,84.4,88.5,9.61,100.0,83.67
S07751,92.1,19.9,82.1,74.1,9.49,,89.27
S06550,84.0,18.1,76.7,82.7,7.77,78.6,80.93
S00964,75.2,29.6,77.2,64.7,9.0,73.4,78.71
S00901,50.0,2.1,48.7,49.4,5.66,27.3,40.44
S09142,48.2,11.6,58.1,48.6,5.75,61.8,43.65
S03336,54.4,2.0,35.0,30.0,5.55,42.2,15.14
S06928,,31.8,100.0,71.5,7.68,85.1,84.9
S01191,77.6,3.6,59.5,61.8,6.65,57.7,61.74
S06677,94.7,22.6,95.7,82.5,9.41,91.0,92.27
S00527,57.07,11.5,61.8,51.3,6.82,50.0,47.43
S05727,90.5,32.9,83.2,86.9,9.31,74.2,100.0
S00093,52.0,13.3,37.3,30.0,,46.0,39.34
S02020,76.4,16.8,87.3,77.3,8.42,73.0,87.45
S08037,86.8,15.0,81.7,86.7,8.17,62.8,75.76
S00280,82.8,20.1,59.8,56.0,6.88,43.7,72.02
S08091,57.3,16.9,73.5,62.0,7.17,44.6,76.57
S08612,72.8,14.1,91.3,63.8,7.97,81.3,74.33
S09325,78.0,23.2,73.6,79.9,8.42,62.1,86.91
S00674,93.4,14.9,90.6,77.3,8.12,50.6,95.27
S01086,82.6,19.1,75.5,66.6,6.05,32.9,82.64
S03095,73.3,16.4,60.6,59.6,6.24,51.3,54.62
S02536,77.0,20.2,77.1,63.4,8.2,47.7,67.41
S00227,69.0,4.3,39.7,52.6,7.02,37.2,24.68
S06255,67.1,22.8,75.3,75.6,7.19,57.2,68.51
S04371,63.7,,64.0,49.1,6.45,55.8,61.27
S08747,63.4,10.9,55.2,50.8,5.32,38.1,52.09
S04976,83.2,15.8,86.6,80.4,8.03,56.9,69.03
S09144,88.1,19.7,82.6,85.5,8.05,72.7,68.6
S06468,79.5,16.4,94.0,64.9,8.99,69.6,77.04
S02616,53.2,28.2,65.0,,5.98,48.7,67.34
S08734,92.8,29.5,100.0,90.5,9.38,94.4,100.0
S00531,60.8,15.2,82.5,84.6,,62.1,73.6
S03953,68.0,10.9,60.5,63.9,7.61,59.2,79.03
S02219,92.8,28.3,92.0,77.9,,82.7,98.26
S04245,93.5,40.0,,100.0,10.0,69.4,100.0
S03584,71.6,25.3,84.6,,8.75,,87.98
S02347,62.5,,58.6,61.2,8.45,48.1,85.42
S04631,61.0,11.5,57.0,48.5,6.78,36.2,66.9
S09818,92.4,27.1,84.5,73.9,8.01,61.6,84.61
S08071,72.9,22.4,76.6,72.8,7.99,71.3,70.85
S01598,82.1,18.0,69.4,89.7,7.09,71.7,74.95
S07765,61.2,10.7,49.5,59.2,7.06,48.9,60.01
S04957,68.3,19.3,86.4,78.0,8.97,73.5,87.16
S07706,72.0,19.7,73.1,73.8,8.11,69.5,83.63
S00376,77.4,22.1,81.8,66.4,5.86,60.7,80.2
S07335,92.74,12.6,91.8,93.9,9.12,91.0,90.78
S09757,83.0,15.4,74.8,71.7,6.12,63.7,64.57
S03111,84.3,,55.4,70.9,7.26,62.7,66.07
S01113,73.8,19.8,79.7,69.6,8.99,49.5,71.16
S04782,62.3,,30.0,30.0,4.44,,27.7
S01575,96.7,17.1,90.4,76.2,6.77,69.3,75.03
S08557,78.8,19.2,75.4,66.3,5.51,49.1,69.5
S09980,85.7,2.8,57.5,51.3,5.03,55.4,45.24
S07523,67.6,4.4,59.1,,5.25,56.1,48.75
S05860,72.0,14.7,64.8,58.3,7.08,59.9,65.97
S03731,57.9,2.6,44.9,30.8,4.6,24.4,40.58
S09258,,19.0,69.1,77.9,6.32,49.3,70.57
S02233,96.8,,88.9,85.8,8.57,70.6,87.7
S02021,62.1,9.1,45.3,39.9,6.55,52.6,45.11
S09554,74.3,,72.6,65.1,8.36,97.9,63.63
S00659,86.3,22.6,93.5,76.9,9.17,73.5,89.09
S08188,85.0,17.0,63.1,48.7,5.81,50.1,53.74
S06940,81.2,20.9,,79.9,9.01,83.3,87.56
S07502,56.4,2.0,,38.1,5.58,64.2,45.09
S07208,85.0,,63.4,68.6,7.16,74.2,72.8
S00534,69.3,8.6,73.4,54.7,6.51,47.2,53.14
S02427,81.2,20.3,,67.3,8.47,57.7,66.35
S07269,89.6,36.6,74.1,85.0,7.57,87.5,80.33
S00124,67.1,23.1,73.2,70.4,8.3,73.0,74.32
S08857,63.7,8.7,47.5,42.9,5.65,32.5,41.53
S09353,88.5,22.0,78.4,73.0,6.71,60.2,56.03
S06525,69.4,17.6,62.8,81.5,7.3,39.8,69.22
S04247,88.8,21.7,97.2,100.0,10.0,88.0,100.0
S07255,69.6,23.2,69.4,56.7,7.7,66.8,85.59
S03484,75.6,13.5,56.4,59.9,6.93,68.1,73.3
S06571,65.7,9.8,75.6,51.0,7.44,64.2,60.14
S09653,78.3,17.7,,97.5,8.77,80.7,86.9
S02234,80.4,17.0,62.6,69.6,7.06,51.1,68.96
S01306,84.0,20.1,55.2,42.2,5.77,58.3,62.84
S00579,92.4,27.3,89.0,85.8,10.0,87.7,92.76
S03790,91.7,26.4,84.3,89.2,8.48,70.9,91.54
S01343,77.1,14.4,70.5,76.1,6.76,72.5,52.73
S06399,89.0,11.1,80.6,82.5,7.9,56.9,78.31
S00724,70.8,17.9,69.1,71.7,7.99,74.4,91.98
S02833,97.7,21.3,96.6,94.7,9.52,75.3,91.39
S05926,74.1,17.1,79.8,48.5,,56.4,64.75
S01398,66.0,20.6,66.1,60.3,7.66,63.4,65.34
S06699,69.2,12.2,95.1,76.9,8.65,73.9,83.22
S07681,86.9,39.3,79.5,78.5,,61.5,92.29
S01722,61.5,9.2,43.24,37.3,5.19,40.9,32.65
S02839,80.2,6.4,,55.0,8.51,49.1,67.81
S05448,83.8,,72.5,68.2,8.15,63.5,72.62
S06441,61.3,6.7,60.1,53.1,4.56,53.0,39.04
S06854,100.0,31.7,98.1,85.8,9.09,70.1,100.0
S08495,78.1,24.0,80.3,78.5,7.09,60.2,88.86
S08547,68.6,3.9,37.3,,4.18,41.3,27.05
S09896,61.7,7.0,67.7,54.5,6.17,44.1,44.81
S02393,59.7,,36.8,40.1,4.0,33.4,29.23
S02853,72.9,34.9,63.6,57.4,5.55,48.7,71.14
S08250,90.0,15.5,70.7,66.7,5.29,44.2,68.12
S04530,64.6,7.5,51.7,42.1,6.74,48.2,32.8
S07671,75.8,15.6,50.6,50.5,6.45,39.2,65.31
S09606,75.8,13.7,40.1,37.1,5.46,57.9,54.78
S07520,72.8,11.2,,48.5,,62.7,63.94
S00455,68.0,21.5,53.5,61.7,7.13,45.4,47.07
S02751,85.2,24.2,99.9,92.9,9.47,86.8,92.39
S00771,,11.1,,53.8,7.89,,66.07
S04119,69.6,12.8,75.6,57.9,7.52,58.3,71.55
S00537,77.6,13.7,72.8,57.1,6.86,,61.11
S01302,65.9,16.4,72.5,68.8,8.52,56.7,85.88
S03986,63.3,9.9,59.4,64.0,6.34,55.2,54.3
S06187,77.8,19.3,75.6,69.9,6.33,44.0,69.52
S05458,63.7,20.7,67.6,69.0,6.98,46.8,72.75
S07314,60.2,8.9,64.9,46.8,4.0,56.1,44.84
S05167,65.1,8.3,52.7,57.4,6.04,55.2,53.71
S05245,61.9,12.2,69.4,36.3,6.14,46.5,59.16
S05779,75.8,21.7,56.8,75.3,7.76,42.4,71.01
S08580,,15.0,62.0,62.3,6.71,62.1,67.08
S06908,83.3,18.2,86.4,81.0,6.63,,82.12
S00597,68.3,14.8,88.2,64.2,8.32,58.6,66.37
S06052,72.1,9.6,63.9,70.2,6.34,40.2,62.2
S08512,69.3,6.9,44.5,36.3,6.15,28.9,53.08
S08164,59.5,10.4,49.4,33.2,5.32,56.6,25.52
S09532,84.0,3.5,89.9,93.0,7.63,60.8,80.9
S09227,86.5,12.0,83.7,79.1,6.17,58.1,74.11
S06170,87.0,13.3,84.3,69.6,9.15,72.2,77.67
S06240,51.0,2.1,50.5,52.1,5.38,29.9,54.38
S04670,75.4,14.5,79.5,69.3,8.26,39.4,72.74
S09452,78.6,20.2,85.3,80.2,7.09,83.6,70.11
S05100,66.4,9.2,52.2,66.6,6.24,62.1,52.56
S08523,75.1,20.5,83.6,77.8,7.31,63.0,71.91
S02415,69.3,12.0,78.9,60.4,8.51,50.4,74.25
S09742,61.1,13.8,74.5,52.2,,58.3,64.7
S09915,86.0,26.1,100.0,93.9,9.75,65.2,100.0
S01511,82.7,21.4,67.8,66.7,7.46,49.6,82.99
S02930,93.0,21.8,76.4,35.5,7.22,70.9,67.56
S07209,69.4,18.6,55.2,63.2,6.09,53.5,57.17
S02423,69.4,10.6,,49.2,6.33,53.3,71.59
S03021,83.4,24.0,69.4,73.6,5.32,43.2,68.1
S01031,74.8,,69.7,49.44,6.88,32.2,54.93
S03164,75.1,14.2,73.6,57.4,8.63,49.7,75.33
S04325,60.7,7.1,60.8,49.7,6.21,65.0,50.82
S00435,66.1,12.2,83.9,68.1,9.19,57.5,84.54
S07447,81.4,2.9,73.2,59.2,7.45,60.5,63.14
S01136,92.9,8.8,60.0,72.9,7.47,58.9,65.02
S06200,81.0,31.1,86.4,61.9,,36.6,88.37
S03385,70.1,12.4,63.4,55.4,,61.9,76.6
S07106,57.0,5.8,54.8,52.3,5.54,12.7,50.53
S03677,83.9,12.1,65.9,55.8,6.36,,62.0
S01292,78.2,15.6,86.4,78.2,9.12,68.8,86.04
S09894,85.7,20.3,83.3,79.5,6.43,61.5,74.85
S06232,71.6,13.3,56.5,60.8,6.8,,59.21
S06429,71.6,7.5,73.5,59.9,7.3,45.0,62.26
S01979,81.3,13.3,67.6,61.4,7.33,69.0,81.63
S08055,61.7,9.4,53.4,47.9,4.87,62.2,41.58
S02655,61.5,12.9,,51.5,5.85,50.5,51.08
S02577,73.6,16.3,96.3,69.7,8.73,77.9,94.84
S07228,54.6,2.5,38.4,34.7,5.37,,34.04
S08113,55.9,11.1,56.9,57.9,4.73,,29.74
S09377,,25.1,64.1,69.9,9.92,57.4,95.23
S08609,95.3,28.3,86.9,92.0,9.6,80.7,100.0
S03773,75.7,12.2,83.0,55.5,7.39,51.5,75.29
S08329,83.7,19.0,81.2,,8.7,67.2,93.28
S09114,69.8,17.6,67.3,58.4,6.86,44.0,71.49
S01270,60.6,9.5,58.5,60.0,5.28,39.6,55.65
S07511,71.2,12.3,54.3,54.4,6.0,62.2,57.09
S00937,75.6,12.7,77.9,,9.06,80.7,89.12
S02671,74.1,23.6,78.5,73.1,8.03,63.8,81.29
S00984,91.3,28.1,90.4,83.2,8.58,76.6,100.0
S06583,67.7,8.0,55.8,45.4,5.22,36.3,49.38
S00372,,10.9,64.7,62.7,7.8,70.6,73.14
S08093,80.2,19.6,84.1,77.2,,71.5,70.29
S06352,57.1,2.3,59.3,45.2,6.31,39.4,29.55
S07127,72.8,8.1,61.2,71.7,6.55,63.6,75.42
S09265,73.5,10.5,73.4,67.7,8.76,83.9,100.0
S09047,81.5,19.3,59.3,81.2,8.7,53.9,78.04
S05090,69.2,16.3,72.0,67.9,7.33,46.1,58.32
S01549,85.9,29.5,69.4,71.8,8.03,,85.62
S08142,61.6,13.6,60.1,44.6,5.33,49.3,45.85
S01173,88.1,19.5,65.2,72.0,7.77,52.2,67.53
S08411,69.2,10.8,58.1,61.0,8.19,59.4,84.52
S08385,53.4,5.5,33.6,35.5,6.07,35.0,33.22
S09999,87.5,14.2,72.5,59.3,6.74,55.9,73.77
S02475,68.1,19.0,69.3,72.8,6.77,57.1,76.27
S06621,54.7,2.8,45.6,30.8,4.55,34.3,45.94
S03898,45.5,11.1,48.3,31.7,4.0,49.2,21.34
S07890,70.5,13.9,63.1,56.5,6.48,35.2,61.67
S04138,64.6,14.5,75.5,73.8,7.16,81.0,76.72
S06567,57.1,2.0,68.2,41.4,4.59,53.0,27.79
S02186,55.2,15.5,73.7,54.2,6.37,65.6,63.27
S01837,74.3,26.9,76.8,56.7,7.87,59.9,76.03
S08434,74.3,12.8,74.5,61.8,8.81,77.4,68.69
S08957,72.9,16.1,77.5,64.9,7.77,55.3,83.08
S09539,87.1,14.9,67.1,80.1,8.35,52.8,72.23
S09170,85.1,17.2,81.0,69.1,7.33,81.8,62.44
S06076,66.7,5.5,65.7,55.0,6.21,65.0,43.51
S07757,63.9,12.4,43.4,47.0,4.64,42.2,45.75
S09764,67.6,6.4,67.7,48.9,5.43,57.0,47.6
S04556,71.0,21.1,76.68,77.9,,87.5,78.34
S02412,65.8,14.6,61.0,62.4,7.53,44.5,68.45
S01871,83.2,23.2,78.7,74.9,6.2,58.1,68.94
S01078,70.3,19.1,84.7,73.6,7.63,66.9,75.35
S07114,63.4,14.3,52.1,61.1,6.7,64.6,46.68
S06414,76.6,,59.4,54.8,6.49,,42.15
S05453,82.0,17.0,64.2,54.5,8.53,,72.3
S05780,51.2,14.3,62.0,34.7,5.94,50.7,54.28
S01138,78.7,18.9,68.8,72.4,7.07,60.8,66.59
S02133,90.4,20.8,86.1,87.9,9.61,,93.92
S01404,69.1,3.9,57.4,45.0,5.1,46.6,46.14
S09993,80.4,20.8,81.4,74.7,7.34,40.4,87.89
S04288,78.2,,79.6,61.1,,53.3,70.44
S04301,100.0,18.9,82.0,85.4,9.63,89.0,88.07
S02927,79.9,2.0,60.2,40.9,5.57,46.8,36.37
S04499,75.2,13.3,57.0,67.0,6.71,52.4,56.48
S00323,84.4,22.9,77.8,81.5,9.73,92.9,88.65
S06585,59.6,11.6,63.0,63.5,7.05,39.1,65.06
S09422,74.8,16.6,75.5,67.1,,63.4,70.6
S08450,68.2,22.7,73.8,69.0,6.16,52.6,53.33
S09080,60.5,4.3,41.5,47.8,5.98,6.8,45.84
S04490,47.5,2.0,30.0,30.0,4.56,32.2,9.06
S02780,67.5,28.6,68.3,64.9,7.5,63.9,82.54
S06294,85.2,35.3,92.6,96.8,9.81,75.6,100.0
S08482,61.6,8.8,66.1,33.0,6.44,63.4,47.56
S01956,62.3,17.2,63.0,51.6,7.7,67.7,80.47
S09152,74.3,9.4,91.1,58.3,8.37,61.0,64.85
S08446,74.0,13.4,79.8,68.5,8.96,67.9,86.25
S04250,78.3,10.6,70.5,56.1,5.1,29.0,47.03
S00199,80.0,22.6,65.1,71.0,6.17,50.6,68.5
S08078,68.7,13.6,67.5,60.2,7.91,51.4,64.15
S07630,87.5,23.3,85.9,75.5,8.13,66.1,86.27
S02951,72.7,17.3,,60.4,9.2,65.8,85.9
S05984,84.0,15.7,60.9,55.9,7.27,35.9,72.82
S02088,81.2,4.8,73.6,66.1,6.77,72.6,64.51
S02385,95.2,14.7,97.4,71.8,10.0,84.3,95.14
S00827,79.9,24.3,75.1,69.2,8.09,63.8,74.36
S00189,74.6,23.4,80.1,78.9,8.31,71.8,82.98
S02031,81.8,22.2,83.9,83.5,7.28,63.8,81.1
S03031,49.0,2.0,43.7,31.1,5.04,21.3,36.87
S07936,76.8,18.2,81.1,84.2,6.78,63.6,84.06
S07689,80.2,30.1,63.1,64.4,8.22,54.7,78.42
S07417,,6.9,64.8,62.8,6.78,46.6,55.06
S04386,,20.2,84.4,40.1,8.73,89.8,66.71
S01482,81.9,16.2,68.2,68.4,6.73,43.7,69.09
S05618,62.5,,60.8,53.9,6.42,57.2,48.31
S00090,85.3,,71.9,76.4,8.64,60.9,77.6
S08017,82.6,10.4,62.5,58.4,6.91,68.9,82.6
S04186,63.6,6.6,53.8,40.7,5.93,59.4,35.36
S00493,69.1,11.7,46.2,51.3,,43.6,58.86
S04298,72.4,13.6,47.3,65.3,,28.3,62.97
S04995,73.2,22.9,68.2,60.5,6.76,66.7,53.17
S01261,73.0,10.6,65.8,49.5,7.98,,60.54
S08262,75.2,,70.1,65.1,8.01,86.2,80.76
S04327,90.5,21.1,89.7,99.2,9.29,75.3,87.6
S03434,65.5,18.7,81.3,78.3,6.75,68.2,70.7
S08884,85.0,15.3,58.0,63.4,6.86,70.5,58.68
S06465,90.1,22.6,86.7,83.3,9.05,81.8,100.0
S02492,49.5,23.4,76.5,50.6,6.97,44.3,58.82
S09000,71.6,12.5,59.9,47.2,6.46,52.4,58.58
S03640,64.9,16.1,51.2,75.6,6.19,73.0,51.24
S01877,80.6,26.8,64.5,58.0,6.63,64.7,73.62
S07138,74.6,10.5,67.0,54.9,7.19,65.1,54.57
S03838,69.8,11.6,72.4,67.3,8.15,78.9,75.84
S09629,86.3,18.5,97.0,88.2,9.23,76.1,100.0
S06335,82.9,21.4,60.3,84.8,8.28,56.6,90.0
S02351,76.5,20.1,70.6,57.7,8.08,46.4,75.62
S03631,96.1,23.1,61.3,52.2,8.6,51.2,70.57
S07640,76.7,,84.8,64.8,6.87,68.3,81.97
S05439,77.6,,61.6,62.7,7.8,56.6,83.67
S01957,83.9,12.1,62.9,57.1,7.3,75.6,66.34
S07515,49.7,14.8,,30.0,5.89,37.2,52.23
S00518,78.5,39.0,65.1,67.2,8.14,39.7,79.17
S02037,79.1,14.5,89.9,92.6,9.06,62.4,84.4
S03471,90.5,28.4,100.0,100.0,10.0,92.5,100.0
S09744,63.0,7.1,55.0,56.3,7.31,39.2,61.34
S06977,61.7,12.7,54.1,48.3,6.47,46.3,63.08
S06602,67.5,19.7,63.7,65.7,7.08,55.6,62.07
S02432,,18.5,,59.7,6.6,48.0,79.37
S07827,70.2,17.6,87.2,95.5,7.98,74.9,82.15
S04867,75.3,5.3,43.2,46.0,5.32,37.4,50.46
S07704,88.5,23.7,89.6,95.8,8.95,83.2,98.46
S00486,85.2,23.3,98.0,89.2,9.09,68.8,77.41
S09768,55.3,4.9,48.8,30.0,5.19,20.4,40.29
S08683,74.9,7.9,64.4,63.2,8.05,59.5,62.28
S09339,67.4,10.2,79.0,72.8,7.81,73.8,60.49
S02850,88.1,27.7,100.0,81.3,10.0,63.7,100.0
S03404,78.3,14.6,53.5,54.5,7.17,36.3,57.65
S05456,83.4,16.8,65.2,72.5,7.82,65.3,82.99
S09694,53.4,15.8,49.5,56.7,6.32,35.2,57.43
S00867,87.2,12.5,,85.3,8.9,59.3,88.44
S05759,84.6,20.7,82.7,82.2,6.53,61.0,72.07
S05644,56.4,15.1,58.7,53.0,5.36,53.5,53.8
S02025,67.4,12.5,62.3,65.8,8.14,47.9,59.01
S05578,54.6,11.7,41.9,37.1,5.73,43.1,36.37
S01160,96.9,24.3,100.0,82.6,10.0,70.2,85.54
S01089,86.9,,81.8,78.7,8.82,70.5,92.61
S05938,57.7,18.4,74.1,63.3,6.93,64.4,66.48
S01799,69.0,11.1,65.4,49.8,5.51,31.5,63.5
S03768,73.7,10.5,57.5,72.4,6.73,41.8,66.04
S04762,70.3,15.5,52.9,51.4,6.07,60.8,48.29
S00320,87.1,14.3,65.1,57.3,7.45,51.7,78.55
S02928,64.3,16.5,75.8,56.4,7.43,47.7,58.36
S02290,67.5,7.5,56.8,53.5,5.59,30.7,62.28
S08403,85.9,8.3,65.5,46.2,6.92,57.5,56.38
S07150,87.4,13.6,68.8,53.0,6.04,44.4,75.76
S01507,74.9,21.8,,78.0,8.79,87.6,88.52
S06428,49.5,2.0,51.0,,,43.9,39.72
S08190,67.3,9.2,59.1,53.6,5.69,47.7,58.34
S03293,80.9,18.0,70.8,70.3,7.86,84.1,91.15
S09113,84.1,31.0,84.7,83.6,7.74,71.2,70.64
S00736,67.2,11.1,67.6,66.0,8.94,56.4,66.35
S03429,71.3,12.7,64.8,53.8,,42.7,55.91
S08471,73.9,17.4,89.3,60.5,8.07,65.4,81.97
S06417,75.8,13.1,56.5,59.6,6.55,80.6,63.46
S01741,63.6,24.4,74.9,82.2,6.74,72.4,69.0
S01846,68.8,12.1,71.6,68.4,8.39,58.0,70.27
S05793,,14.8,76.9,59.8,7.43,68.9,77.19
S03177,99.7,10.5,57.1,42.5,6.63,62.6,63.4
S09310,65.3,7.2,48.9,41.8,5.85,35.7,55.04
S08692,64.8,8.0,65.2,52.9,6.63,45.2,44.65
S06760,87.1,33.4,84.4,75.0,8.35,88.4,85.56
S04769,60.3,5.0,63.9,47.0,5.67,49.7,56.89
S01787,75.4,13.4,71.2,66.0,5.6,52.0,76.02
S02418,81.1,22.9,67.1,48.8,5.89,41.9,58.04
S01731,82.3,20.9,64.7,79.9,6.19,60.7,66.89
S09520,72.0,18.4,83.3,65.6,5.29,65.1,67.99
S05842,96.0,26.4,92.4,88.3,8.25,100.0,82.71
S03557,62.1,14.4,62.6,69.2,6.68,48.1,55.56
S09928,66.4,2.5,48.8,57.5,6.41,64.6,66.37
S02221,66.7,11.2,77.8,52.5,7.68,41.9,57.29
S04733,92.5,23.6,77.8,83.4,6.88,82.7,72.67
S09266,73.0,10.0,49.6,50.1,5.86,38.1,59.89
S07532,53.6,15.8,61.6,49.9,6.04,50.4,51.99
S09916,79.9,15.3,87.2,88.4,8.08,78.1,80.57
S07693,100.0,16.6,86.0,87.5,8.35,48.98,73.38
S00428,100.0,28.8,98.1,93.6,9.14,83.6,100.0
S01767,78.2,8.4,72.4,68.2,7.24,49.6,72.51
S06367,68.1,13.0,69.4,60.4,8.1,48.2,65.37
S03442,77.9,17.0,78.2,74.4,6.77,69.6,76.44
S04947,62.9,4.7,62.1,49.2,5.89,49.9,42.8
S02884,59.8,12.7,57.7,51.6,,73.2,68.12
S03660,45.7,2.0,34.9,30.0,4.92,23.6,23.72
S03196,66.9,6.2,61.8,47.5,5.85,46.0,58.25
S09534,88.3,29.2,80.4,90.1,8.31,74.8,81.35
S08489,70.1,6.8,40.9,46.8,5.16,50.2,43.79
S05322,85.5,14.7,83.8,72.8,7.28,57.4,74.32
S01009,76.9,11.8,68.6,75.5,7.55,46.1,63.78
S04816,61.0,9.9,,51.9,6.77,44.9,52.26
S05378,45.9,2.0,45.9,42.7,4.13,41.2,12.19
S02697,56.2,13.7,80.3,64.5,7.42,79.5,60.3
S03199,79.1,,54.9,43.8,6.36,40.8,64.68
S09186,87.5,19.0,,72.0,6.19,69.4,67.39
S05049,68.9,10.6,63.6,53.6,6.94,56.9,44.6
S05971,83.2,8.5,59.6,51.1,5.84,36.6,40.24
S04636,100.0,26.5,80.4,83.7,9.97,66.5,92.51
S08442,88.9,18.9,71.7,66.9,6.49,70.7,82.43
S06462,73.8,9.6,,34.8,6.57,49.4,50.81
S03669,84.7,20.6,76.8,78.0,9.33,,85.7
S04864,76.6,2.0,64.5,60.6,6.17,44.2,60.77
S05636,84.3,17.0,75.6,78.0,7.47,42.8,92.03
S04978,64.1,6.8,59.9,76.8,8.03,88.6,57.8
S08726,74.0,4.3,63.4,45.9,6.77,46.3,38.72
S07236,87.4,28.1,90.9,83.4,9.0,79.6,92.24
S02687,76.4,18.3,61.0,73.5,6.02,42.4,54.87
S09007,77.4,12.4,49.6,57.4,6.66,62.2,66.63
S04973,72.2,18.7,67.1,65.0,6.09,58.2,75.36
S03674,55.9,13.1,45.5,46.0,4.0,46.9,27.01
S08268,83.8,6.8,59.2,61.1,6.61,50.5,53.69
S02343,81.1,26.9,69.8,80.6,7.27,,72.19
S01617,82.9,20.6,94.0,79.9,8.88,68.2,94.63
S07196,78.3,13.2,79.3,70.3,5.99,53.8,60.33
S07933,73.6,19.8,48.2,60.9,6.14,59.2,53.39
S00640,74.4,19.9,80.7,62.3,,51.7,69.5
S00462,91.5,29.2,88.0,87.5,8.77,73.4,96.16
S06925,71.7,15.0,58.7,57.8,6.92,68.2,58.4
S01697,65.8,2.6,56.0,53.2,7.28,26.3,40.07
S02205,72.3,11.4,77.9,54.3,5.81,74.4,63.81
S02984,49.3,17.1,62.3,62.1,7.02,54.0,62.24
S02197,84.2,23.5,92.2,82.1,9.63,81.8,93.97
S04735,78.1,4.0,49.1,36.3,5.73,61.6,57.06
S04907,95.0,19.5,,100.0,9.83,77.9,92.56
S09128,65.2,13.3,63.6,50.5,5.01,62.9,56.39
S08782,84.7,21.7,76.6,,8.09,65.0,84.57
S07238,82.2,,57.9,65.6,8.17,57.7,75.02
S04736,73.7,3.0,44.1,54.9,4.7,34.7,37.4
S05255,82.3,21.2,78.8,67.8,5.89,54.9,62.29
S06311,58.7,3.5,45.5,45.0,4.27,23.2,28.36
S09708,85.6,12.3,71.6,68.2,6.88,61.6,76.69
S01373,75.7,17.6,67.6,79.1,8.48,68.0,90.74
S08736,59.7,16.6,46.8,51.0,5.45,38.5,50.49
S08818,73.2,17.6,79.1,69.8,7.67,79.6,76.81
S02851,76.2,,78.4,68.3,8.2,61.2,72.39
S00873,54.5,5.5,53.6,42.3,4.83,23.1,34.3
S02420,92.4,35.3,85.7,85.1,8.93,67.2,92.93
S08138,75.6,6.9,58.4,58.1,6.48,44.8,52.2
S09404,55.6,6.9,48.0,30.0,4.34,33.2,31.7
S06619,91.6,7.3,75.2,59.0,8.14,54.6,59.91
S03934,84.3,15.6,88.0,98.7,9.1,93.5,100.0
S09220,70.6,21.4,59.3,65.8,6.1,44.8,53.31
S03371,75.4,13.4,76.2,76.3,8.29,56.5,92.5
S02718,62.7,3.9,55.5,30.0,5.49,20.6,34.76
S08564,72.2,15.0,77.3,69.1,8.5,69.2,91.55
S00316,84.3,21.1,75.1,65.5,6.53,61.2,64.28
S04335,68.6,17.1,48.0,63.6,6.42,50.5,54.79
S08415,55.3,6.3,48.4,53.8,5.51,76.9,43.98
S09252,57.4,17.3,62.5,56.2,6.19,43.45,38.92
S05791,76.7,17.2,53.6,44.1,6.51,47.1,67.98
S06943,92.0,30.6,92.58,88.2,,,94.98
S09072,65.6,14.5,74.4,81.0,8.94,65.1,83.94
S01031,74.8,,69.7,50.6,6.88,32.2,54.93
S08256,74.6,19.8,91.0,68.1,8.42,,80.09
S00871,85.9,20.6,68.6,71.2,,77.3,76.39
S08793,51.6,,36.8,38.1,4.95,38.4,41.43
S01576,68.5,16.6,70.6,61.1,7.98,74.0,68.97
S09078,90.8,30.1,82.6,79.2,,92.6,97.13
S07480,50.3,4.1,44.3,39.3,5.58,38.9,41.36
S05028,75.1,11.2,57.5,61.4,8.84,67.2,69.51
S01616,97.1,19.8,82.3,87.1,8.69,80.1,92.59
S03753,69.9,23.4,74.9,73.4,7.52,72.4,82.74
S03193,73.0,2.5,44.4,39.0,5.27,36.7,48.26
S06178,91.0,17.8,87.5,77.2,6.78,28.5,65.07
S00662,62.6,10.9,75.7,67.1,6.69,49.9,80.31
S06416,,16.7,61.1,37.4,5.07,47.2,58.4
S05023,55.1,2.0,49.1,49.6,6.55,51.1,54.47
S01899,69.3,36.6,57.2,62.8,6.24,55.2,50.62
S08646,84.7,5.9,71.2,51.8,6.59,55.2,66.02
S08033,75.0,7.5,62.1,52.4,7.32,60.3,60.42
S09981,70.0,9.5,45.7,51.7,6.91,39.0,57.46
S00954,100.0,16.1,75.5,71.8,8.58,39.8,90.46
S07931,80.3,21.3,86.4,68.0,7.6,69.1,79.53
S01301,91.3,19.7,70.7,64.4,7.88,56.6,66.42
S04477,62.7,9.0,42.5,58.1,5.86,55.6,61.94
S01898,73.6,,66.1,54.6,6.59,43.0,63.82
S00342,,22.2,83.3,64.4,7.27,67.5,72.6
S00917,52.0,11.0,46.7,59.4,6.8,47.5,57.52
S01097,93.3,25.1,72.4,75.1,7.45,62.7,70.68
S08444,76.9,,63.1,95.8,8.21,73.4,78.9
S09522,58.2,,70.4,63.3,4.13,51.8,52.6
S03362,68.3,,,53.3,5.94,,43.21
S06697,71.2,11.6,73.5,72.9,8.57,,75.79
S02866,67.7,11.2,73.7,65.5,9.01,53.1,77.12
S05074,72.1,15.9,71.4,74.0,7.42,55.3,72.53
S06896,74.3,19.6,60.1,68.4,7.65,59.4,77.01
S05022,84.9,20.0,72.8,73.7,7.77,72.9,79.22
S03432,68.2,21.6,66.3,75.0,8.05,53.1,68.56
S01087,66.0,13.0,45.4,48.1,6.06,69.5,49.55
S09329,49.1,2.0,41.5,30.0,4.39,41.7,28.25
S02549,70.4,10.1,65.8,65.4,8.81,45.2,68.52
S05567,86.4,27.3,88.3,91.1,10.0,86.0,100.0
S00017,81.7,13.3,74.8,64.3,6.02,66.0,75.59
S05313,,11.1,70.7,57.8,7.67,38.2,53.67
S02754,66.7,9.2,80.4,65.7,7.75,62.9,54.32
S04322,71.4,10.6,,56.8,8.28,61.6,61.88
S07696,81.8,15.9,65.9,60.9,7.28,56.3,68.89
S09321,97.8,19.4,,46.0,6.47,52.6,60.67
S07367,73.3,17.4,73.3,69.6,6.06,39.4,74.16
S07469,78.4,12.1,77.6,61.3,9.04,82.2,88.84
S01284,78.2,21.8,74.2,73.9,5.87,65.7,75.0
S05856,73.1,5.9,58.9,62.3,7.63,54.8,64.64
S05920,66.4,5.4,65.3,61.0,7.37,45.8,57.48
S01995,100.0,27.1,87.9,88.1,8.64,90.1,80.94
S07756,80.7,2.0,63.6,58.1,6.89,35.3,56.12
S08890,68.1,2.0,61.5,43.3,5.92,53.2,55.13
S06640,96.2,29.4,100.0,84.1,9.9,88.3,100.0
S02331,79.9,,81.8,74.9,6.59,67.3,78.64
S02140,42.4,5.1,48.3,45.1,5.18,39.8,34.6
S01795,81.3,8.2,66.4,59.3,8.85,60.8,87.34
S04429,93.4,23.5,76.4,74.6,7.21,47.0,79.75
S07195,87.1,12.8,60.7,57.0,6.25,61.6,58.22
S00162,97.7,14.9,78.7,75.5,8.6,88.0,77.17
S06789,71.8,11.0,58.7,57.9,7.66,49.6,62.07
S08807,79.0,,68.2,52.3,6.95,42.9,71.72
S07910,54.7,6.8,,39.5,9.69,100.0,69.47
S04704,58.3,5.8,41.0,32.6,4.68,31.5,28.56
S01532,89.4,20.9,92.4,92.7,9.46,72.8,100.0
S09991,71.5,6.6,58.4,52.7,5.42,37.0,46.17
S03392,84.8,19.7,81.6,70.4,6.08,41.6,77.21
S06046,75.5,12.5,64.6,68.9,,49.7,62.4
S05933,72.6,10.2,75.5,57.6,8.68,67.2,74.96
S02302,57.4,2.0,56.1,37.4,5.27,60.6,47.79
S01172,63.5,2.0,53.7,47.7,5.46,45.7,55.27
S06087,75.7,11.6,57.9,43.4,6.03,55.6,52.01
S01950,77.2,11.4,69.8,61.1,8.17,60.0,76.3
S05268,93.5,17.5,70.6,76.4,8.75,73.3,88.49
S03042,90.5,25.3,89.0,87.9,6.68,66.5,77.3
S00762,62.8,13.4,66.2,63.0,,48.2,68.16
S06100,67.5,9.9,48.0,42.6,6.12,40.2,37.41
S09088,69.7,6.6,70.0,56.6,7.3,44.7,72.01
S05921,93.2,24.5,79.6,93.5,7.79,80.8,78.92
S07039,,15.7,85.2,80.0,4.61,84.6,74.26
S00300,75.9,17.0,73.7,58.9,7.92,78.1,81.93
S00713,67.3,13.1,57.5,52.3,5.74,34.3,47.37
S09853,96.7,15.9,84.3,72.9,8.42,68.0,83.12
S09852,70.6,10.8,55.7,45.0,5.91,42.4,46.25
S00772,88.6,21.4,85.9,77.4,,71.8,73.91
S04202,80.1,17.5,63.9,60.1,6.62,59.8,73.69
S08110,59.3,7.7,65.6,42.3,5.28,51.5,45.17
S03896,72.5,,51.7,33.0,5.84,53.4,47.42
S09509,75.6,21.8,84.7,67.5,7.78,76.4,79.83
S05601,82.6,24.5,,73.1,7.86,60.3,77.51
S02597,81.7,19.0,89.5,100.0,8.23,84.1,92.36
S07904,89.7,20.2,77.1,94.3,,77.2,98.61
S06145,78.3,12.0,55.1,56.6,,78.4,66.83
S00548,70.5,14.1,65.9,60.1,,46.9,53.45
S06336,96.4,23.9,100.0,88.2,9.48,69.8,100.0
S07792,77.3,17.9,81.5,90.5,9.06,71.9,95.19
S08650,88.3,21.8,86.9,,,68.4,93.13
S03576,93.3,20.8,92.3,91.2,8.49,79.2,71.93
S05738,51.3,2.0,56.2,40.9,5.42,30.3,28.35
S09470,60.0,7.6,55.4,39.9,5.03,34.7,58.52
S02478,72.2,13.5,52.4,56.4,6.22,,60.6
S06798,60.5,9.5,58.6,54.6,8.31,60.0,47.63
S00981,91.0,20.5,81.8,70.5,7.67,63.5,77.7
S00004,65.6,7.3,61.1,49.1,6.62,63.9,52.86
S04525,82.0,21.5,79.6,83.7,8.34,76.2,77.77
S07495,70.0,2.0,36.6,36.3,5.3,30.6,36.63
S08695,61.2,2.9,57.5,44.5,5.64,47.3,43.62
S05574,100.0,25.6,100.0,93.4,9.62,77.5,99.89
S08849,92.4,21.1,84.9,85.5,6.8,79.0,78.15
S06341,62.5,12.4,56.0,52.9,6.37,51.9,44.67
S03051,73.6,13.2,80.5,67.4,8.67,,72.2
S01822,80.1,13.0,67.6,53.2,6.5,47.5,70.72
S01282,84.4,18.4,70.4,69.6,6.18,,66.73
S01492,83.2,15.2,88.4,59.8,7.67,70.4,75.26
S05238,66.2,11.1,54.6,52.4,6.29,50.7,62.33
S03892,88.3,,,89.6,8.58,69.8,96.72
S08924,81.0,17.0,84.6,66.3,7.87,67.0,65.58
S06378,73.5,11.5,62.7,68.1,6.53,45.4,61.28
S04206,,12.7,74.2,66.3,6.76,67.3,77.65
S02184,63.3,6.0,57.4,45.8,6.83,,61.58
S07574,80.8,23.4,77.5,92.1,8.98,53.2,88.79
S06443,84.6,12.4,50.8,68.1,7.35,64.1,72.06
S05015,65.3,8.3,62.0,48.9,7.67,51.7,74.39
S09755,82.6,17.9,81.3,73.0,8.42,64.2,85.11
S05446,79.8,,51.1,69.8,6.27,57.1,57.9
S06425,62.4,5.3,72.5,68.1,8.09,42.3,56.4
S05763,56.4,9.5,50.0,48.6,5.97,41.8,56.96
S07548,79.7,15.5,77.0,73.7,7.04,66.2,73.6
S00440,68.1,5.5,62.1,42.9,7.58,50.9,51.55
S08788,92.9,20.4,79.4,73.2,7.5,82.8,82.94
S08416,71.3,11.7,50.4,57.6,5.68,60.4,62.93
S08448,63.3,21.3,68.3,79.6,6.32,23.8,66.81
S01951,78.6,18.5,73.6,56.8,6.41,63.0,55.14
S06387,43.9,6.0,42.8,41.8,4.41,15.4,33.26
S04974,61.3,8.0,61.9,45.0,6.72,49.7,55.12
S01246,68.6,15.9,53.1,43.8,6.94,22.9,48.24
S04008,66.5,9.8,67.1,43.4,7.98,64.2,50.53
S01102,81.2,16.6,78.1,82.9,6.43,57.9,84.23
S03339,63.4,9.4,65.5,52.1,6.39,63.1,75.22
S03555,76.8,23.2,82.1,76.0,8.17,65.1,78.61
S04095,66.0,,61.5,57.2,6.79,45.3,68.91
S00934,65.3,8.0,80.1,68.5,8.03,90.2,71.2
S09932,75.8,,77.1,78.2,5.79,65.3,64.39
S08522,70.0,21.5,71.7,63.1,8.41,53.9,67.56
S09669,69.1,16.3,69.6,63.2,7.24,37.9,78.05
S01374,89.7,26.4,93.8,84.7,6.68,59.2,84.96
S00836,58.0,11.0,52.6,44.1,6.15,44.8,52.36
S09052,74.2,16.4,79.5,71.7,9.54,74.7,98.96
S07351,66.2,15.6,62.5,67.9,8.17,51.1,67.78
S06750,67.5,,76.2,56.7,8.68,55.5,78.01
S06212,74.4,9.4,73.3,65.3,8.37,76.8,86.22
S08293,74.4,16.8,50.3,50.8,6.53,57.9,60.63
S05653,51.5,5.0,45.7,51.6,7.0,55.3,53.59
S04130,64.8,9.0,,64.9,8.47,46.5,61.88
S07465,60.8,2.0,46.2,33.8,6.2,51.8,42.09
S07545,76.6,8.2,52.2,73.0,7.26,46.6,74.58
S08518,63.1,6.01,66.6,65.2,7.76,59.7,62.63
S02480,76.5,10.9,72.8,71.7,6.7,54.6,74.67
S02498,95.0,16.7,73.6,58.4,7.95,49.3,69.34
S03530,64.7,6.1,79.9,68.6,8.35,70.6,69.31
S00133,91.8,20.6,82.1,67.9,5.87,79.7,75.75
S08582,94.8,32.0,61.3,59.6,7.95,72.1,76.48
S06688,69.7,19.5,62.8,90.1,7.01,46.3,71.22
S08983,64.1,30.7,57.5,66.5,6.26,55.2,65.13
S00147,83.9,5.5,92.3,66.6,8.45,74.2,78.56
S06795,67.2,8.9,78.3,65.5,8.17,26.4,67.02
S06248,87.7,17.8,76.1,61.5,6.95,55.6,64.57
S06832,57.6,10.7,44.4,35.3,6.32,42.1,50.18
S07312,73.5,11.5,82.3,72.0,8.74,47.6,64.96
S08430,45.5,4.7,59.2,39.9,6.38,46.3,39.12
S04045,78.2,24.0,81.5,78.6,6.18,69.1,82.74
S09425,95.1,24.1,,81.2,9.0,,86.87
S09987,77.1,16.3,65.4,64.0,5.42,71.5,60.2
S05563,73.7,10.5,83.6,58.7,8.44,74.4,71.17
S08892,82.1,,80.5,83.0,4.59,72.7,69.03
S08337,81.5,24.8,81.6,79.0,9.77,82.8,92.83
S06002,79.7,,65.4,63.2,8.38,71.6,80.56
S08652,53.7,2.0,52.9,52.0,5.61,36.4,47.83
S03155,82.9,15.0,80.3,59.2,8.12,74.0,67.54
S07226,63.7,6.1,48.7,66.2,5.93,44.5,48.25
S03535,74.8,20.4,60.2,,7.4,62.1,87.93
S07284,56.1,13.0,45.2,,5.34,41.0,37.32
S04493,100.0,26.6,80.4,75.3,8.6,,82.03
S03263,58.7,19.1,53.7,44.4,5.96,31.5,62.08
S08841,71.4,11.9,58.1,33.6,5.4,44.7,51.66
S02330,88.0,2.0,83.9,88.6,4.21,43.4,61.6
S06987,67.6,,86.5,55.8,6.68,58.3,57.45
S07745,58.7,8.5,30.0,46.1,4.68,57.1,40.85
S00593,83.9,20.5,74.7,67.1,,63.8,69.79
S03683,78.7,14.7,82.9,62.3,,57.5,66.77
S01108,49.5,3.6,31.9,37.7,4.91,44.9,37.52
S05115,53.1,9.1,70.7,65.1,7.99,50.6,52.56
S00346,83.3,22.4,83.5,80.2,6.67,72.5,74.06
S01476,74.6,13.5,61.6,55.6,6.3,48.4,76.61
S00839,73.0,6.5,67.8,70.2,6.06,53.8,52.81
S08118,77.2,16.6,63.4,74.6,6.48,51.1,75.81
S00859,86.3,14.1,86.2,80.3,4.25,63.1,77.63
S02859,67.9,5.3,55.2,55.5,7.35,58.2,70.5
S02774,76.5,2.2,67.7,57.3,7.27,44.8,65.27
S05137,78.0,13.6,67.6,46.4,7.86,38.1,54.16
S05450,81.3,,71.5,73.4,7.97,73.4,66.44
S04880,68.5,2.0,48.3,36.4,5.48,43.0,38.83
S04577,72.1,10.3,55.8,,7.09,25.2,61.79
S03244,66.0,12.0,53.8,64.8,7.35,65.4,69.08
S02377,85.5,15.8,79.2,75.6,7.05,58.0,87.39
S01201,70.0,17.4,63.5,66.3,6.55,30.8,72.75
S09683,78.1,16.6,84.2,77.5,5.6,53.8,67.88
S08133,84.1,26.4,,89.5,8.51,80.1,88.01
S04041,78.9,18.3,76.5,72.2,7.47,77.9,76.76
S03964,81.3,21.4,,76.3,7.28,62.8,76.68
S02733,65.5,10.0,75.6,65.5,8.3,55.2,67.65
S04459,76.0,19.9,82.5,68.1,,72.6,86.72
S03210,54.8,2.0,30.0,30.0,4.0,,11.27
S05829,63.2,7.7,58.4,72.7,6.47,50.1,61.17
S07340,77.2,14.3,90.9,64.0,8.14,47.5,71.14
S05526,60.5,11.3,53.1,61.7,7.39,47.9,64.32
S04692,70.8,13.1,75.6,59.9,7.56,54.8,78.15
S02503,69.8,9.3,65.8,61.2,7.9,79.4,71.27
S08310,76.3,13.8,76.2,67.4,7.28,78.3,87.28
S08786,80.3,14.5,69.5,72.9,6.11,50.9,64.86
S00610,100.0,,70.2,91.1,,60.5,94.78
S07257,69.4,11.0,39.1,42.9,5.57,46.0,30.05
S05713,66.4,13.1,89.9,79.1,,66.7,83.79
S07726,45.7,4.5,42.6,45.4,5.5,41.0,39.89
S07421,71.8,6.1,49.2,51.9,5.35,29.9,49.16
S03467,61.1,9.2,55.1,43.7,5.29,57.5,40.57
S08919,85.2,22.6,81.4,78.2,6.52,56.7,85.32
S08539,63.9,18.0,62.7,52.1,,39.4,40.52
S08885,65.1,18.8,,67.5,6.45,53.4,72.28
S00299,86.8,13.8,73.7,98.6,8.45,89.0,79.46
S01025,67.3,10.5,67.5,56.3,7.76,58.4,62.5
S07144,78.6,5.6,59.5,35.2,,28.2,32.41
S04846,72.5,7.9,83.4,62.4,8.47,50.9,62.79
S08670,84.6,,74.4,74.0,6.59,59.0,88.43
S05483,72.8,14.4,68.9,66.0,7.19,48.5,50.71
S01119,76.5,7.1,91.1,70.2,9.05,68.0,85.98
S05082,66.2,11.2,82.8,60.1,8.7,69.9,67.43
S07785,86.5,15.9,59.9,66.6,7.16,42.7,53.28
S01051,54.2,4.3,56.8,34.4,5.5,24.6,43.1
S07786,93.1,34.2,81.8,65.8,7.88,39.8,86.78
S06091,94.1,11.9,,57.0,7.63,43.6,60.21
S00553,76.4,15.1,75.4,74.9,6.37,70.1,84.25
S07610,71.1,8.1,77.0,60.2,8.13,62.8,77.73
S02684,59.5,8.9,53.3,53.2,6.66,36.7,51.87
S07129,72.7,14.0,71.8,72.4,7.34,45.2,57.18
S00591,58.7,7.1,46.6,51.2,6.16,47.3,45.22
S05081,44.3,9.9,30.0,35.0,4.27,14.5,17.07
S03229,64.3,2.1,52.6,34.8,5.35,41.3,40.95
S02538,69.6,12.7,42.3,50.3,6.05,34.7,57.12
S03003,77.0,24.6,61.8,67.5,7.23,,65.07
S00875,76.7,24.1,72.0,80.7,8.15,79.1,83.77
S03591,65.0,18.0,70.2,36.2,5.85,50.7,33.1
S00436,89.3,16.7,89.7,97.0,8.39,56.7,93.49
S09475,95.9,24.5,69.6,64.0,7.43,64.3,89.31
S01228,68.8,14.2,67.3,66.4,6.71,63.2,68.86
S09874,100.0,40.0,91.4,81.9,8.71,83.7,97.49
S02208,73.4,22.2,73.7,72.0,6.86,59.6,68.02
S05925,65.4,20.9,68.0,63.7,7.67,60.7,83.55
S00649,92.1,22.5,73.8,73.1,7.36,76.0,70.18
S01311,71.4,19.5,65.8,64.0,6.05,63.6,58.02
S06139,83.6,,80.6,70.3,6.79,73.4,68.32
S04732,73.5,7.4,74.1,49.6,8.04,54.6,57.96
S04035,63.8,21.3,66.6,77.9,7.5,58.9,77.11
S07103,83.8,21.8,76.2,71.5,6.16,64.1,72.6
S06791,57.1,10.8,48.3,,,43.0,41.93
S00465,89.3,23.5,98.8,82.1,9.24,87.7,92.02
S05936,68.1,13.9,67.5,70.7,7.43,66.9,76.0
S03518,73.7,5.2,60.1,61.9,6.0,49.4,57.2
S09969,100.0,27.1,74.9,80.2,9.75,54.9,84.98
S07700,50.2,4.9,40.6,39.8,,63.9,33.24
S08175,74.9,17.0,74.4,78.6,7.67,48.9,67.89
S07119,60.2,4.7,41.8,30.0,4.0,21.1,30.42
S02664,93.7,25.5,76.9,82.7,,78.5,88.03
S06566,65.5,7.1,46.1,56.2,6.7,57.9,53.12
S02472,74.5,9.7,79.7,52.4,6.56,56.5,88.07
S02506,77.9,19.2,59.6,52.1,6.31,56.7,56.2
S08826,71.5,10.2,62.2,45.2,6.98,46.8,59.8
S01690,100.0,28.4,93.8,,10.0,80.8,100.0
S08009,82.2,12.5,65.5,54.7,6.92,45.7,58.67
S03947,67.2,11.3,78.1,61.4,8.75,73.1,59.67
S03587,82.1,24.1,73.7,80.1,8.4,74.6,96.25
S04476,87.0,22.3,75.7,71.0,6.72,70.0,83.22
S09095,67.5,7.3,51.3,52.7,6.72,37.0,55.85
S02047,62.0,10.9,47.7,48.5,6.3,64.5,61.46
S06605,84.0,20.8,74.9,61.5,5.43,48.2,67.62
S05398,56.8,15.4,55.7,51.3,6.63,60.7,55.63
S01572,92.9,20.4,,89.5,8.66,86.9,91.52
S08183,75.7,13.3,,72.5,9.46,62.3,78.44
S03448,99.9,22.0,83.8,87.9,8.04,70.9,76.87
S09797,97.1,,91.7,38.5,8.72,77.3,89.75
S04279,66.2,9.3,51.9,30.0,5.21,44.0,41.74
S01893,40.0,4.5,30.0,30.0,4.0,15.6,15.62
S09226,53.1,2.0,50.7,49.6,4.67,50.3,37.56
S03515,83.8,16.2,91.5,70.9,7.74,74.7,91.67
S06797,75.5,21.3,83.7,66.7,6.77,56.8,86.69
S04464,84.4,24.9,100.0,81.0,8.37,70.1,92.97
S01109,87.1,8.7,82.0,82.9,4.43,32.3,58.29
S00325,62.2,2.8,38.6,42.7,5.92,32.6,29.3
S00364,49.6,4.7,53.5,45.6,5.65,35.4,55.62
S01841,71.4,19.6,69.8,75.1,7.04,53.9,72.87
S09412,72.7,25.8,84.3,56.2,7.4,50.9,51.08
S05663,77.6,8.5,59.0,50.1,6.64,32.8,65.09
S00524,94.5,14.9,84.0,66.4,8.55,78.3,84.28
S05469,80.4,21.2,68.7,80.9,8.63,74.6,82.9
S08050,94.1,31.2,90.5,71.0,9.77,60.3,98.9
S07770,91.0,31.3,98.8,93.8,8.36,59.5,85.67
S05374,75.5,23.0,88.3,73.3,8.25,82.0,86.82
S06654,40.0,2.0,,47.9,4.0,48.4,38.7
S04254,61.1,5.2,55.1,32.5,5.38,45.6,42.35
S03840,68.8,22.5,77.4,67.8,7.27,59.9,59.44
S09308,81.9,10.4,69.9,73.6,,80.8,61.95
S07000,83.4,23.6,,70.5,6.95,61.6,84.79
S02844,84.9,10.4,62.5,65.0,6.68,48.7,70.86
S08812,51.7,19.0,61.6,58.5,5.73,63.8,71.36
S02608,71.3,7.1,67.3,68.0,8.74,68.5,70.95
S03685,79.4,16.9,63.5,67.7,7.06,51.0,77.42
S03791,70.1,22.5,75.2,,,,62.17
S00150,77.5,8.8,55.9,38.5,6.39,,46.49
S03798,65.0,9.9,43.6,42.0,5.46,38.2,39.94
S02663,99.8,25.4,87.7,93.5,10.0,98.6,89.08
S07061,71.8,10.7,82.8,61.9,8.33,66.4,75.11
S04875,43.9,2.0,53.0,30.0,4.39,37.6,25.38
S09640,90.6,32.7,99.1,94.2,8.7,71.2,96.96
S04107,53.5,6.5,43.3,46.1,5.62,53.4,40.09
S04221,60.1,13.9,55.0,36.3,6.02,45.4,56.98
S05660,77.7,19.9,69.3,66.1,6.38,47.0,70.4
S01278,41.2,2.0,30.2,32.1,4.0,38.0,21.38
S03146,85.4,23.1,73.6,87.1,,55.0,79.4
S02060,67.4,16.2,50.8,68.7,6.01,33.0,51.11
S03805,79.3,15.7,76.0,81.1,6.48,71.5,77.65
S00987,98.2,20.5,85.9,80.4,7.7,57.1,73.58
S00025,59.4,2.0,43.9,,4.74,29.6,35.31
S08997,50.5,12.7,58.7,47.0,6.23,49.3,60.55
S08445,86.0,6.0,60.1,42.8,7.03,51.5,38.11
S04773,86.0,18.3,74.5,84.5,6.23,100.0,85.18
S02639,79.6,12.3,77.4,68.6,8.8,75.2,83.2
S02160,87.2,,77.6,81.4,7.13,71.6,81.16
S07179,85.9,24.3,86.7,78.3,7.14,57.5,91.33
S04984,57.2,14.3,80.3,68.3,6.53,60.7,57.26
S09352,98.4,33.0,100.0,100.0,10.0,96.8,100.0
S08655,61.9,10.4,67.1,52.1,6.87,47.7,59.68
S04270,61.5,8.4,58.3,45.6,5.11,50.2,41.71
S03461,63.6,23.8,66.3,66.7,6.95,60.2,76.02
S05501,66.6,24.1,74.7,71.5,7.46,88.0,76.48
S01269,62.5,19.3,46.0,42.7,7.64,34.6,64.26
S08776,51.0,,55.6,39.3,,,37.58
S07342,51.6,4.0,58.7,39.9,5.11,31.8,31.9
S09548,71.3,11.0,74.6,57.5,7.45,44.4,49.57
S06497,74.0,17.1,80.4,71.1,6.58,52.7,67.6
S02291,87.6,22.9,,80.1,6.12,51.0,74.54
S01929,83.8,22.4,77.6,77.9,7.72,84.5,90.41
S00412,80.8,23.1,79.0,63.8,8.82,77.5,88.98
S00890,69.8,8.0,61.0,33.2,6.28,37.7,62.89
S02100,77.1,28.3,69.5,51.5,7.3,59.5,70.45
S02103,72.0,8.9,83.2,74.1,5.84,39.7,63.3
S06774,74.6,16.8,67.9,66.0,7.83,60.9,68.17
S07279,52.5,2.0,30.0,30.0,4.51,21.8,19.54
S04017,60.0,10.3,57.2,47.9,5.8,68.5,64.12
S05808,83.2,22.2,54.0,54.0,7.47,65.5,69.56
S09169,69.2,7.3,75.4,52.6,7.51,57.4,64.07
S06638,93.9,26.4,85.1,97.2,9.69,55.1,100.0
S05073,65.2,13.3,82.4,70.8,8.07,84.3,77.61
S07076,83.2,14.9,76.8,66.3,7.87,71.0,89.94
S06104,68.3,8.8,40.3,45.0,6.18,32.9,45.58
S07566,62.1,2.0,59.0,44.6,6.08,33.7,42.54
S04780,64.8,2.0,34.2,30.0,5.2,47.6,26.66
S06953,52.8,2.0,49.9,30.0,4.3,31.6,35.3
S09776,,30.9,92.4,,7.5,81.7,91.5
S02277,66.2,18.6,64.9,58.6,6.34,55.1,68.62
S08950,67.6,2.0,56.7,30.0,5.47,44.2,39.8
S05963,60.6,13.5,63.3,51.8,7.16,44.3,54.24
S09236,78.4,18.0,76.9,84.3,9.2,62.6,71.44
S05403,50.9,3.0,39.5,39.8,5.39,33.0,35.7
S02173,100.0,24.9,69.7,89.9,,,100.0
S08787,93.4,18.0,85.3,69.8,8.68,78.3,86.45
S05898,58.6,8.4,49.9,46.4,6.16,47.8,42.06
S07817,63.7,2.0,,35.9,4.06,25.2,41.15
S01555,91.7,26.9,100.0,89.9,9.53,81.3,98.13
S08479,64.8,10.9,67.0,59.2,8.4,68.8,72.06
S01034,67.7,20.5,62.7,74.4,7.01,44.6,73.79
S08876,76.1,33.1,96.7,94.7,9.15,78.1,100.0
S03255,70.2,25.1,81.0,78.8,8.9,66.5,84.06
S04488,87.0,16.8,85.4,86.5,6.37,69.1,67.75
S02917,89.3,22.8,69.8,75.1,9.14,69.3,81.64
S05699,80.1,24.8,69.2,89.2,9.01,83.5,91.04
S09526,65.8,12.8,56.9,71.3,7.01,59.3,86.19
S01114,67.3,14.8,56.8,51.7,6.02,54.7,61.74
S01971,60.2,6.0,57.9,57.2,5.54,53.3,62.58
S02055,93.2,24.7,68.4,69.5,,72.8,75.39
S04541,83.4,19.5,65.8,73.6,8.79,40.2,73.66
S04892,65.8,20.7,66.7,62.3,7.76,82.6,62.85
S01828,80.7,14.8,83.9,60.8,7.4,60.6,67.09
S00707,72.7,16.0,42.2,53.7,5.47,38.0,47.29
S05499,68.5,17.3,58.8,75.7,7.96,79.1,85.57
S08460,95.2,32.3,79.4,90.6,9.59,68.6,90.62
S04190,87.0,27.8,79.0,81.4,7.83,73.4,85.62
S02583,69.2,24.3,100.0,83.6,8.38,70.4,84.9
S03257,80.3,16.2,70.8,,9.27,72.3,86.66
S08499,51.0,34.0,63.9,57.7,5.8,38.7,28.1
S03764,62.3,11.0,63.3,58.4,7.8,47.5,63.56
S01139,70.8,19.7,67.1,63.2,6.46,52.4,97.53
S04648,91.9,26.1,85.6,88.5,7.79,65.7,86.62
S08287,81.9,25.0,80.1,76.6,9.09,79.1,87.12
S02231,73.5,15.7,75.4,72.9,6.44,57.6,68.61
S05401,71.2,18.9,73.2,56.1,,63.0,52.22
S02212,75.3,18.2,66.4,66.5,7.34,68.5,64.79
S00558,73.2,,69.5,75.0,8.71,60.6,66.57
S03501,68.8,3.3,49.7,66.9,6.64,34.6,46.52
S03724,74.5,26.7,69.5,70.5,7.13,61.4,77.33
S08152,87.2,23.7,89.8,79.3,8.74,37.8,75.15
S09064,71.7,14.3,73.4,69.7,8.37,59.1,64.24
S07256,75.2,22.8,89.1,93.7,7.65,77.0,100.0
S09557,75.9,19.8,39.4,59.5,6.19,42.9,53.54
S09831,80.1,17.2,71.4,67.8,8.31,72.1,85.63
S01041,71.9,6.9,65.1,60.8,6.47,49.9,54.28
S05103,67.0,3.4,44.2,56.4,4.85,42.2,42.93
S06943,92.0,30.6,91.7,88.2,,,94.98
S00939,78.1,18.1,79.1,70.6,8.41,56.3,85.49
S07754,100.0,29.7,100.0,,9.01,81.9,93.18
S06288,82.5,12.6,68.8,69.2,6.64,57.6,74.17
S02680,74.0,11.8,,63.3,8.4,70.0,71.47
S09613,85.8,18.7,70.5,76.2,8.26,49.1,78.79
S07060,80.9,23.3,75.8,60.1,7.15,59.2,79.18
S09569,71.9,14.9,72.2,72.5,9.11,81.5,87.0
S01029,79.2,23.3,82.2,76.9,6.76,48.7,63.18
S08723,60.7,8.3,53.4,34.8,5.05,34.4,46.55
S08354,78.2,23.0,79.1,90.3,8.13,64.8,79.91
S05382,72.6,2.9,81.2,57.9,5.95,57.0,54.83
S04126,94.2,19.2,99.9,85.9,10.0,78.1,100.0
S06454,79.7,5.0,59.4,65.9,6.43,61.7,67.67
S03544,58.6,2.0,50.6,40.2,6.04,,40.67
S08540,67.9,22.4,60.4,43.8,6.67,52.1,62.42
S03360,82.9,21.9,80.5,69.7,6.49,60.7,83.37
S06208,88.1,,70.8,70.3,8.58,,87.86
S08809,91.6,17.0,,80.1,,58.5,71.98
S04402,78.5,22.1,78.5,89.3,9.21,64.1,85.36
S09578,92.4,19.4,82.9,84.0,8.63,75.8,82.96
S09413,80.1,15.1,75.6,69.3,6.19,75.1,68.39
S04986,78.3,21.5,92.0,68.0,8.23,62.3,66.52
S05686,54.7,13.1,68.3,63.6,7.26,44.5,75.25
S07296,85.8,26.0,83.1,91.0,9.11,83.8,100.0
S05654,66.1,24.8,60.1,61.5,6.71,69.3,57.77
S09091,68.0,4.6,44.6,,5.23,25.2,42.44
S02398,81.4,11.7,64.6,71.1,7.22,59.1,74.05
S03956,67.7,8.8,74.5,59.6,7.76,51.2,68.29
S02276,100.0,40.0,100.0,100.0,10.0,92.9,100.0
S00185,65.8,7.3,66.5,45.6,5.43,50.0,59.16
S04726,78.6,18.9,72.7,54.7,7.48,46.7,69.34
S03624,92.4,8.9,69.4,54.3,8.44,49.0,79.52
S01313,85.1,20.4,78.2,84.2,6.38,70.7,89.83
S00665,80.1,22.0,65.3,74.0,6.87,,80.22
S07104,82.9,19.9,85.5,87.7,9.88,73.7,78.84
S06065,84.2,18.8,60.7,66.6,6.88,61.2,68.21
S08617,,29.4,86.9,93.3,7.68,85.6,86.15
S07698,68.3,10.5,67.0,57.4,6.08,49.9,43.92
S07399,83.7,12.1,75.0,58.2,7.38,55.5,58.86
S06862,73.2,24.9,75.5,53.8,7.17,44.3,75.42
S00389,87.4,22.2,91.4,88.6,7.41,69.2,94.3
S07372,82.1,17.1,84.6,,8.85,70.5,80.14
S00039,55.1,2.0,39.6,40.7,4.85,50.6,33.49
S02273,68.1,12.7,75.9,71.0,,75.2,93.42
S02685,87.1,24.2,82.3,97.5,8.47,74.2,100.0
S03531,63.6,6.3,57.6,64.2,6.11,57.0,57.77
S05771,87.8,10.2,76.8,63.9,6.62,63.5,67.6
S07541,73.4,21.6,97.1,86.3,8.98,73.6,95.38
S09286,61.6,9.8,54.3,40.8,5.54,46.4,47.98
S09680,93.4,18.3,74.7,75.8,7.35,61.7,88.94
S06370,88.1,20.8,82.2,86.4,,60.5,81.15
S04127,58.7,4.0,56.3,51.7,5.25,47.5,42.99
S02257,94.6,29.7,81.8,88.2,9.13,65.6,87.35
S03915,100.0,34.4,95.1,,10.0,78.9,100.0
S02534,55.3,14.4,49.1,46.8,6.09,38.4,49.64
S06355,55.9,13.8,,51.4,5.14,42.1,51.16
S00096,72.5,12.1,78.5,67.1,6.4,55.6,86.7
S02560,61.3,4.3,49.1,54.4,6.93,52.6,50.52
S09433,65.1,21.0,63.3,65.2,6.73,61.3,77.76
S09173,,27.6,90.3,98.0,9.45,88.4,100.0
S08023,65.2,10.7,50.5,49.4,,44.9,56.12
S01868,48.5,10.7,58.4,32.4,4.85,42.0,30.19
S03958,65.8,23.2,74.4,62.0,7.16,72.5,59.8
S05837,93.3,19.3,72.5,69.3,8.33,67.8,90.96
S06137,59.2,17.8,84.1,70.8,7.21,67.2,72.23
S07537,69.4,2.0,54.9,40.8,6.98,45.5,42.86
S09050,80.5,,72.3,85.1,7.43,66.5,66.6
S00285,70.1,10.6,64.2,57.4,7.36,,64.22
S08468,71.0,12.4,58.7,71.2,6.8,66.7,59.84
S09280,64.6,11.9,67.4,49.3,,38.4,54.13
S00634,72.6,25.2,94.3,90.6,7.76,88.9,100.0
S07784,81.2,14.0,82.3,83.3,8.68,77.1,84.67
S06890,84.9,20.3,72.7,82.1,8.71,72.1,86.96
S02732,84.1,15.4,73.0,44.2,6.23,51.4,44.53
S09609,48.1,2.8,83.0,85.3,5.87,54.2,62.52
S00030,89.8,16.4,74.9,62.6,7.13,61.9,68.7
S04597,77.3,5.0,90.5,86.1,7.07,63.8,93.24
S05071,71.1,10.6,71.4,52.1,8.15,70.1,72.04
S01222,86.6,17.0,81.9,58.9,8.47,69.9,79.45
S09430,91.3,24.6,,87.8,8.82,80.1,93.32
S06980,70.4,14.4,65.3,35.7,5.65,55.4,49.04
S09530,57.0,3.3,55.0,30.0,5.65,38.5,31.73
S02437,61.5,2.0,,37.1,5.78,46.8,37.63
S01570,45.5,5.2,51.2,42.8,5.5,52.9,42.08
S00466,75.2,15.8,66.2,60.0,7.61,59.1,69.42
S04823,87.4,19.3,81.1,71.4,7.6,67.2,84.14
S00619,82.8,8.3,88.3,87.1,8.58,55.2,94.6
S05585,70.1,9.7,68.4,64.0,6.98,57.7,72.04
S06957,65.9,11.7,40.3,44.1,5.02,47.8,42.51
S01167,78.0,15.1,58.5,70.0,6.52,,56.22
S04819,65.2,11.4,56.7,58.7,5.06,85.6,46.94
S03236,60.0,10.0,53.2,31.4,6.35,,45.07
S08041,71.7,12.9,69.0,61.1,8.25,72.0,85.19
S01689,91.0,22.1,73.0,80.2,8.63,72.9,74.46
S08748,95.3,33.0,96.6,87.5,,77.4,96.57
S06154,74.2,8.9,94.4,62.7,8.4,74.6,66.89
S07167,84.4,20.81,86.0,78.1,6.22,49.1,82.56
S01836,66.5,19.6,70.7,65.1,6.62,66.9,62.77
S02898,72.8,10.6,,46.8,7.01,48.4,71.39
S03878,85.6,22.8,74.0,76.0,6.9,64.0,76.58
S03058,61.2,17.4,61.7,56.8,5.77,34.8,56.42
S08485,66.6,21.6,84.9,79.7,8.44,73.8,77.28
S03116,74.19,10.5,51.5,34.7,5.2,37.0,36.96
S00353,85.3,18.0,58.0,71.0,6.87,57.7,61.05
S04637,91.5,24.7,73.7,64.7,7.5,34.2,82.51
S02877,71.7,,51.4,62.4,7.88,74.1,56.7
S01814,84.7,21.6,88.0,92.0,8.83,93.8,93.73
S07400,92.8,16.4,87.8,90.9,9.23,74.9,88.21
S09391,82.9,23.5,80.0,70.4,8.56,44.2,90.77
S03970,70.4,8.1,56.7,45.6,5.65,37.0,43.71
S08615,70.7,,37.2,42.8,5.53,59.2,46.5
S05679,80.6,18.6,,62.6,5.35,54.2,73.74
S03186,80.6,16.4,68.9,63.7,,64.9,75.54
S01496,69.7,33.7,64.5,60.6,5.64,37.1,60.49
S01810,80.0,22.7,67.1,52.2,7.29,42.8,58.6
S08644,71.9,17.4,43.9,48.2,5.99,60.7,55.41
S00850,45.6,2.0,47.1,30.0,4.0,29.4,37.52
S09003,70.6,,78.2,65.2,6.67,74.8,66.47
S08198,72.1,8.4,77.9,59.4,,69.5,60.14
S07410,73.9,19.3,73.3,65.2,8.54,62.8,78.69
S05595,85.7,,73.5,71.9,6.05,47.0,67.15
S01309,100.0,26.6,89.2,78.4,10.0,84.9,97.77
S08774,76.1,26.2,64.3,76.2,8.4,75.5,86.71
S05249,90.3,27.6,86.7,85.4,9.08,73.2,89.8
S08271,72.4,17.2,78.7,75.3,8.12,57.7,86.49
S04622,71.3,7.0,68.9,68.1,6.72,53.2,77.03
S03971,58.5,23.9,59.2,66.9,7.06,60.1,59.17
S09354,85.4,16.9,,50.4,7.43,62.9,68.71
S03388,,15.4,62.0,71.5,7.37,60.5,65.39
S03735,89.8,32.8,89.3,92.7,9.63,84.9,83.14
S08397,92.4,26.9,94.2,85.8,9.27,88.5,75.7
S01330,74.5,14.4,49.8,63.2,6.64,48.3,57.52
S07087,71.3,20.2,67.6,49.0,7.59,60.2,72.47
S04368,69.2,12.4,70.5,57.7,8.17,53.0,59.5
S07213,77.2,,78.9,83.0,8.66,72.1,81.75
S03320,90.4,22.9,96.4,85.2,10.0,59.4,100.0
S05524,67.0,11.8,73.0,58.3,8.08,64.4,64.73
S05513,78.5,32.8,92.7,77.2,10.0,87.1,86.22
S02207,80.9,16.5,67.1,71.5,9.43,44.4,96.88
S09146,73.0,13.1,83.2,69.1,8.22,70.2,76.57
S05299,83.9,14.2,73.2,73.5,5.5,44.9,56.85
S09071,89.5,23.1,80.4,77.2,8.12,61.9,89.16
S08357,75.2,7.5,65.8,54.4,5.02,49.5,62.64
S08130,66.0,4.2,51.3,46.0,6.2,43.5,30.71
S03967,79.6,9.8,65.8,66.4,7.12,51.8,78.58
S05957,85.6,25.2,90.8,88.7,10.0,72.4,88.6
S04025,84.1,16.4,82.1,77.4,6.07,61.0,62.54
S04557,,26.7,91.1,63.8,8.46,72.0,82.0
S07563,91.3,12.4,69.3,64.6,7.91,48.5,72.72
S01458,71.5,21.1,62.1,73.6,8.07,45.7,79.64
S07211,75.3,20.0,95.5,84.9,8.25,69.6,96.4
S06889,82.1,20.0,72.7,58.9,7.83,74.3,85.28
S08546,88.0,27.3,88.3,100.0,9.49,79.1,99.73
S04513,80.3,22.0,71.9,73.0,6.73,65.6,82.36
S08530,66.1,15.7,52.2,53.1,5.27,48.5,60.09
S07446,85.9,15.7,66.8,65.9,8.28,94.6,71.58
S05670,77.6,12.2,57.5,63.8,5.93,56.9,58.17
S02610,65.4,18.4,65.5,37.7,6.67,36.8,49.03
S06817,78.0,17.3,75.3,84.8,8.64,75.8,82.04
S08936,69.6,22.5,61.6,82.1,6.75,72.7,62.42
S05039,61.5,9.6,75.6,56.3,6.42,46.4,49.47
S05910,61.9,9.5,,54.9,,61.4,58.4
S02923,58.2,13.3,56.0,,6.3,60.6,45.33
S03720,52.3,5.3,49.7,30.0,4.48,42.9,37.51
S05225,54.6,14.4,80.1,,5.75,56.9,78.39
S09686,61.8,13.1,70.3,67.1,7.65,53.8,76.6
S02091,74.3,24.7,78.8,76.3,8.38,67.3,87.67
S09974,100.0,,100.0,96.6,10.0,73.4,100.0
S09704,81.2,24.8,66.1,71.8,7.33,50.4,81.01
S08996,88.3,20.8,81.1,83.9,6.14,61.4,85.49
S01386,67.7,18.1,72.7,71.3,6.76,,66.09
S04934,84.7,7.0,63.8,57.8,6.81,60.6,64.34
S04196,89.9,20.2,95.7,88.9,7.78,85.8,87.92
S01424,76.6,4.3,38.5,44.0,5.15,45.7,59.52
S05850,49.6,15.5,45.9,48.1,4.81,35.1,37.29
S04912,60.5,10.2,62.1,52.4,7.08,45.6,59.34
S05308,100.0,37.4,100.0,100.0,9.5,72.7,100.0
S05892,91.3,23.4,84.7,96.5,9.79,94.2,100.0
S00950,50.5,22.9,52.0,56.4,6.4,41.9,57.32
S06323,76.8,18.3,76.3,74.0,8.86,67.4,89.67
S04364,70.7,,59.3,49.4,,24.4,43.44
S09918,69.0,13.4,56.3,58.9,,45.5,59.97
S00086,53.8,9.9,54.5,74.5,6.08,62.8,57.02
S00114,65.4,7.2,69.2,67.6,6.37,54.4,54.6
S06868,79.1,21.2,,65.4,8.06,73.8,86.29
S04847,86.6,22.1,69.38,68.8,,48.4,77.93
S00517,76.9,17.6,73.7,61.0,,60.3,68.96
S04961,64.7,21.3,72.4,50.6,7.19,69.5,76.44
S08004,85.9,14.9,80.2,73.1,8.81,,75.25
S06479,55.3,2.0,43.0,31.5,4.69,27.3,28.94
S04904,82.2,22.0,77.3,73.6,6.82,72.1,78.72
S04474,80.6,22.4,83.0,81.5,8.02,60.0,84.15
S07310,88.4,22.3,85.8,82.7,7.13,73.6,74.7
S07484,71.8,12.9,64.6,49.1,6.34,50.2,53.66
S02363,83.2,14.8,74.4,59.9,8.71,65.4,76.54
S01307,93.8,14.1,72.0,72.9,7.75,64.2,77.28
S03729,69.9,12.9,50.7,58.2,6.0,46.1,66.52
S07405,64.4,16.2,57.2,60.7,7.21,55.4,55.39
S09943,72.2,25.1,71.1,56.9,7.65,50.5,60.45
S09728,69.3,10.9,68.8,59.0,7.37,75.2,77.34
S03226,72.6,17.0,71.3,72.4,7.35,77.8,84.11
S03431,64.7,24.7,68.0,74.5,8.53,48.8,86.15
S00514,80.3,19.9,74.4,68.9,6.66,52.9,58.13
S07932,80.6,21.4,77.8,74.5,6.38,54.9,60.89
S06263,65.4,11.2,57.0,48.1,6.39,58.3,67.12
S01609,54.3,12.2,53.1,47.9,5.32,40.4,66.17
S05584,73.0,,73.7,61.4,5.88,54.8,57.93
S03882,72.1,22.3,85.4,,7.5,75.4,78.88
S02654,80.6,10.9,65.3,69.3,7.13,47.8,71.78
S08666,78.5,14.3,72.8,66.4,7.44,57.5,63.44
S03269,68.3,4.9,54.6,52.6,7.86,60.9,62.11
S07413,67.1,11.1,57.4,60.4,6.19,69.5,57.46
S01639,44.0,6.2,52.6,35.3,5.14,15.2,33.64
S07202,80.2,23.6,83.9,86.3,7.1,85.2,81.87
S00533,75.9,26.7,87.7,63.0,7.7,43.2,78.41
S07132,82.7,25.2,81.1,72.3,7.99,90.7,84.32
S07338,65.3,14.1,65.0,54.3,6.19,44.5,65.84
S00842,65.1,17.5,56.3,54.0,6.35,29.8,61.4
S01413,100.0,21.2,87.2,81.4,8.97,81.6,93.88
S05991,64.2,7.4,50.0,47.2,5.13,33.2,50.13
S08322,68.7,11.2,66.8,67.8,8.71,84.3,77.07
S08084,71.3,20.2,94.6,76.8,8.99,73.0,81.45
S08140,59.4,8.7,44.9,40.5,5.32,46.2,42.76
S02243,84.9,20.4,64.0,69.1,7.4,50.7,67.4
S05116,100.0,19.4,78.0,85.3,8.61,60.4,77.21
S05530,70.5,10.2,50.9,69.1,7.27,65.7,60.56
S04703,100.0,29.5,66.8,77.9,7.83,52.9,79.51
S01521,55.5,19.6,63.4,37.5,,52.8,55.48
S04294,100.0,27.9,,81.3,8.82,85.0,96.91
S09967,67.3,13.3,84.5,65.5,7.96,71.7,53.89
S02832,,21.2,75.1,71.1,8.06,71.4,83.95
S06812,73.0,15.3,71.5,34.3,5.37,51.8,52.99
S04687,73.7,27.8,88.0,78.6,10.0,68.0,84.18
S01657,88.6,20.8,49.4,79.6,7.31,72.5,83.08
S05464,81.0,7.1,,66.9,8.18,69.1,74.43
S08056,84.8,9.5,63.6,44.9,6.02,43.4,55.11
S09840,,17.4,46.5,56.1,6.76,51.5,50.82
S05107,78.3,30.4,80.5,78.9,,85.2,79.84
S03447,90.5,16.6,81.6,62.6,7.85,45.6,74.46
S01672,53.0,5.2,56.2,37.4,6.66,41.6,42.02
S07283,78.8,26.4,72.9,81.0,8.9,83.6,90.19
S03652,73.6,7.9,57.4,44.6,7.17,57.2,57.72
S00742,75.6,11.8,50.1,48.3,4.8,31.0,48.26
S03366,85.8,28.8,77.6,81.9,6.76,58.9,69.09
S04884,57.5,23.7,69.5,80.1,7.46,62.6,71.72
S03153,81.7,21.7,83.1,87.9,9.77,54.5,77.13
S06818,81.7,17.6,67.6,77.0,8.03,69.7,73.7
S05821,65.2,9.9,76.9,56.6,6.77,52.8,45.17
S02009,63.0,6.1,57.9,53.3,,52.7,54.33
S04099,80.9,15.1,78.4,72.2,,59.9,68.69
S05488,61.9,8.3,70.1,64.5,6.14,63.4,52.53
S08246,63.5,15.2,65.1,58.5,6.86,39.3,69.24
S04394,60.5,2.0,60.6,61.3,6.35,49.9,68.01
S04839,93.6,23.7,82.4,64.4,8.39,75.5,84.97
S08463,54.7,8.3,45.1,31.4,6.78,52.6,21.55
S00975,70.0,10.9,88.7,59.7,8.51,83.3,81.68
S02547,86.6,18.8,67.7,62.9,7.8,52.3,85.11
S09538,72.2,13.4,83.7,66.4,8.49,78.6,77.7
S05756,84.6,13.3,80.2,71.6,7.83,51.2,78.16
S04612,68.7,3.1,62.8,36.1,5.31,29.6,43.32
S03191,62.2,8.9,57.6,40.3,4.6,53.7,41.92
S03397,50.9,5.6,54.1,38.7,,29.2,40.19
S06220,56.8,11.0,65.5,46.0,5.52,74.7,54.25
S00993,55.8,2.0,47.1,34.8,5.16,36.8,34.53
S07816,67.5,15.9,51.5,62.4,5.6,60.3,45.45
S07494,77.8,10.8,94.8,72.7,8.91,69.5,89.51
S07957,83.1,15.8,77.1,65.5,7.27,66.9,71.45
S08966,70.5,9.7,53.9,59.6,6.65,66.5,62.68
S02632,88.1,20.1,72.2,74.7,6.27,79.7,73.95
S08891,89.0,24.4,88.2,75.3,6.05,59.7,77.78
S05312,69.4,17.4,,65.7,8.46,84.0,76.04
S03770,97.2,29.7,79.8,100.0,8.91,64.2,100.0
S00251,74.9,8.1,65.1,53.9,5.89,84.4,72.07
S09335,72.5,8.5,72.0,63.4,8.52,56.6,67.74
S09320,72.9,,77.3,65.6,7.08,35.0,73.96
S03091,64.0,18.4,56.3,54.3,7.29,36.4,57.97
S04445,60.1,14.7,55.8,30.0,6.24,50.0,34.8
S05778,56.8,14.1,60.7,52.2,5.61,21.9,53.39
S03045,59.0,21.8,71.8,59.8,7.16,70.5,76.21
S07402,95.2,26.1,98.5,92.4,8.99,93.7,85.77
S02296,70.8,16.1,66.7,51.0,6.82,54.5,74.36
S00296,92.5,29.2,68.4,,7.23,54.2,80.62
S05184,69.9,18.1,68.2,70.8,5.53,43.3,56.16
S09436,78.2,24.7,76.4,57.4,7.56,,63.29
S09056,67.6,25.0,56.3,53.7,6.96,,57.69
S09093,63.8,13.1,63.5,48.8,7.31,54.7,62.18
S05020,68.0,11.6,68.4,68.1,7.07,54.0,60.28
S07165,46.9,10.5,61.0,34.2,4.66,50.7,38.24
S06673,47.7,8.4,44.1,42.6,5.82,35.1,34.42
S07162,53.8,3.0,80.0,46.8,8.82,36.7,71.26
S08501,62.0,7.5,52.9,57.9,6.81,72.6,49.04
S00708,79.5,18.5,79.9,73.4,8.05,79.6,79.3
S03108,66.3,18.2,65.3,75.3,5.84,62.5,59.19
S09223,61.8,8.3,53.0,35.2,5.51,59.1,38.81
S09043,80.7,13.9,73.4,65.1,8.28,66.5,87.82
S06302,,16.0,72.5,72.5,6.67,61.7,53.97
S00868,73.7,12.5,70.2,73.2,7.66,62.7,73.58
S05666,55.9,10.4,82.8,68.2,6.91,55.4,58.85
S01150,71.0,16.4,79.0,65.4,6.04,62.2,78.97
S05700,75.0,18.3,100.0,84.8,9.22,57.2,78.15
S03962,100.0,,,89.8,8.86,78.6,100.0
S08587,75.1,18.8,,62.1,7.8,59.5,69.97
S05383,56.2,8.7,53.0,63.5,5.79,63.0,50.15
S06218,76.9,9.4,71.6,70.2,7.71,59.3,65.85
S05034,67.8,10.5,76.6,69.0,6.0,30.4,60.21
S02807,72.1,,63.7,56.4,8.56,48.1,58.92
S01240,66.6,2.0,30.0,30.0,4.38,31.9,25.75
S00833,69.9,8.9,64.7,56.9,7.38,76.6,57.14
S06237,67.9,20.9,74.6,63.1,7.15,44.8,69.53
S03819,77.3,12.9,70.0,63.7,7.19,75.7,69.15
S04328,49.4,8.2,49.9,42.1,5.36,32.0,29.46
S03650,69.2,17.0,69.0,57.4,5.85,47.9,72.59
S05817,84.0,27.2,99.7,94.6,9.15,86.3,91.86
S02857,74.9,11.3,73.7,62.0,7.98,62.9,67.25
S05976,51.4,2.0,51.9,30.0,4.51,17.5,34.9
S05736,64.4,7.0,47.5,49.2,,54.7,38.44
S00385,,9.7,83.5,60.6,8.35,58.8,76.42
S07016,75.2,19.3,76.3,60.9,6.34,53.8,67.16
S07776,81.7,17.7,77.2,81.4,6.6,55.7,69.09
S02835,66.3,6.0,67.8,,8.42,52.7,69.0
S09903,67.2,19.2,78.2,73.2,6.27,59.6,70.68
S01345,86.6,22.7,66.3,,8.0,52.3,85.37
S08129,50.6,2.0,47.1,43.9,4.93,50.3,39.31
S05477,54.2,10.4,62.2,61.7,4.59,,44.49
S09643,87.5,12.7,82.0,74.2,6.19,,64.67
S09021,72.1,15.7,73.2,51.1,7.72,33.2,63.87
S04096,87.4,16.5,71.5,79.9,7.56,68.4,90.67
S07043,62.6,23.8,93.1,76.1,8.49,73.8,100.0
S01272,87.6,39.6,79.0,76.2,6.81,54.6,88.79
S06909,79.8,24.0,82.4,73.3,,58.3,76.67
S06598,60.7,7.8,49.3,56.5,6.98,47.4,50.54
S08718,69.9,,86.8,81.0,6.63,50.5,70.9
S06272,43.1,2.0,52.9,33.7,5.01,26.9,22.01
S00609,75.9,19.5,,66.5,6.11,61.4,57.44
S06883,85.4,17.5,84.1,69.5,6.81,81.6,81.93
S06680,46.3,2.0,41.9,30.0,4.13,24.6,23.43
S05056,90.5,,74.8,74.8,8.77,51.8,68.88
S05810,53.9,8.3,57.4,48.7,6.1,63.5,57.48
S02720,67.0,19.4,76.1,50.2,8.48,56.5,74.1
S05802,52.8,20.3,62.0,51.0,6.8,51.3,48.72
S07806,86.7,10.8,66.6,68.0,7.26,52.1,63.5
S05314,81.7,18.2,82.4,81.6,8.55,84.0,93.84
S05698,53.1,7.0,50.7,39.7,5.23,52.8,43.55
S09725,64.5,12.4,78.2,70.1,6.57,44.0,49.18
S07825,,20.0,94.7,64.5,8.9,56.8,87.53
S05714,72.7,23.2,,76.9,7.62,,96.58
S08660,93.0,27.9,83.5,94.1,10.0,87.2,100.0
S06725,65.8,16.4,58.6,47.8,6.95,40.4,60.56
S06858,72.7,17.1,49.4,47.7,7.8,62.5,54.89
S03047,64.9,18.5,57.6,35.6,5.61,55.1,48.7
S08685,78.8,16.7,63.1,63.7,6.93,61.9,67.92
S02776,75.4,8.4,64.7,65.2,6.45,57.6,56.72
S09225,97.1,21.6,89.6,85.7,9.79,87.7,97.54
S05354,73.3,18.4,74.6,61.2,6.9,67.0,67.52
S01310,65.3,18.7,70.9,64.5,6.35,51.3,69.58
S02909,73.7,14.3,43.6,59.9,5.91,59.7,53.4
S07900,88.7,28.5,82.2,82.6,8.84,60.1,91.35
S01099,74.5,6.6,57.2,40.6,5.89,41.6,34.11
S05485,84.9,21.3,63.3,59.5,7.92,,70.04
S03951,70.2,2.0,39.6,30.0,4.0,23.8,24.73
S05848,63.3,21.0,,56.1,7.29,63.7,87.53
S03409,48.0,2.0,45.3,39.7,6.16,27.0,34.65
S06463,79.3,,61.5,63.6,6.47,47.8,69.87
S01421,71.0,6.2,86.0,60.9,8.59,68.5,72.31
S09101,82.3,18.5,80.1,67.8,,64.9,69.15
S03318,88.3,20.2,88.5,76.8,9.02,53.0,89.59
S00578,70.7,5.9,30.0,36.8,5.53,29.2,38.89
S02357,61.6,15.3,51.3,46.8,6.26,46.1,54.52
S07504,67.1,14.0,53.1,61.8,6.65,52.2,57.23
S05014,69.0,16.5,67.5,,7.77,77.5,78.71
S08044,82.8,23.6,86.2,75.2,8.24,68.5,97.97
S06627,88.0,29.5,87.0,77.3,8.58,59.8,82.99
S01383,75.7,20.3,83.1,74.1,8.96,66.7,89.22
S09982,55.7,2.6,51.3,30.0,4.84,47.6,26.31
S03133,60.3,2.0,43.9,35.2,4.84,33.6,33.03
S01287,77.5,8.8,73.6,68.4,8.85,70.6,68.16
S05306,86.4,27.0,82.7,89.3,9.69,81.5,100.0
S02137,82.2,10.4,54.5,57.2,7.97,50.2,58.13
S05968,81.7,24.5,84.1,81.2,5.61,75.2,53.04
S03463,,2.0,61.1,49.0,4.49,49.4,33.86
S05317,63.7,12.4,86.0,63.5,8.57,64.5,69.15
S07961,97.3,26.2,98.7,91.1,9.26,81.2,97.37
S05832,83.2,18.7,85.4,74.0,8.19,66.5,84.48
S08911,87.9,14.0,60.6,76.9,7.62,66.5,81.07
S08627,91.4,16.0,84.2,89.9,7.9,93.5,90.86
S09781,83.9,22.6,74.0,83.2,6.17,62.2,72.85
S07437,85.6,27.0,88.2,87.8,9.75,71.0,82.23
S04336,71.8,15.7,68.1,63.9,8.06,59.5,85.38
S00555,63.8,9.9,42.6,43.5,5.95,42.3,45.06
S08059,56.8,4.1,36.0,,,31.2,23.6
S09860,48.3,6.3,65.5,53.7,5.47,25.3,62.55
S02646,70.4,21.3,64.7,56.1,7.68,63.8,65.86
S03173,80.9,16.8,81.3,69.3,8.83,67.8,88.66
S07663,94.2,12.5,73.9,85.6,9.01,91.3,79.43
S07473,100.0,18.8,99.6,81.0,8.47,70.6,87.88
S06041,61.8,3.5,46.7,31.7,5.55,37.0,42.0
S04203,55.0,2.0,30.0,43.8,5.4,39.7,44.03
S03700,97.3,27.2,84.3,79.2,8.82,71.8,88.16
S01333,93.6,23.3,84.7,85.9,7.22,58.3,88.06
S06787,77.6,19.1,72.6,73.1,6.13,54.2,81.07
S06122,88.3,,85.9,83.4,8.48,70.3,100.0
S03268,66.1,19.2,74.1,66.5,6.89,65.8,71.49
S03121,80.2,13.6,58.5,68.7,7.57,41.0,69.57
S06536,40.0,2.0,50.0,32.6,4.02,41.7,7.46
S03254,71.4,5.7,59.3,36.8,6.99,63.2,68.9
S00127,82.7,20.0,79.0,78.2,6.52,67.6,72.97
S02008,88.3,18.8,73.0,,7.92,76.5,79.22
S08846,,17.7,70.9,53.5,7.73,55.1,82.36
S05900,85.5,22.2,70.3,84.5,8.74,39.3,92.5
S00893,67.7,12.9,57.9,46.1,6.37,44.1,45.74
S08048,81.3,19.2,75.7,68.3,6.61,47.3,71.41
S01155,57.4,2.0,48.2,44.2,4.36,23.0,19.81
S06595,84.1,19.6,73.4,75.0,8.16,66.0,84.91
S09136,63.2,20.1,59.6,58.2,5.91,51.8,46.26
S02526,71.0,25.8,64.6,56.8,6.5,48.4,75.21
S04237,47.5,4.8,34.5,43.1,4.08,29.8,26.45
S03509,81.8,20.9,87.4,76.7,6.05,75.0,66.34
S00045,92.1,26.6,100.0,100.0,9.47,95.5,99.55
S07401,72.1,12.7,,75.9,,86.0,81.96
S07079,63.9,13.1,84.0,60.1,8.56,76.7,67.31
S04760,76.0,22.2,79.1,71.5,8.5,,73.5
S07037,68.6,6.4,62.6,44.0,6.22,53.5,56.32
S05428,,12.3,58.2,59.8,5.98,58.1,71.7
S03083,59.2,,75.4,49.2,6.57,46.6,74.07
S00615,86.4,19.0,77.7,75.3,7.64,100.0,100.0
S00119,69.8,13.1,62.5,44.8,,59.0,62.29
S02801,89.3,24.5,89.5,92.6,8.44,76.6,90.46
S05691,,29.9,65.1,81.4,8.34,,93.84
S03038,50.1,2.0,50.3,40.7,5.37,32.8,31.28
S02637,65.9,8.8,69.8,56.1,5.06,22.1,56.18
S08378,62.4,2.8,46.0,30.0,4.87,55.2,39.73
S01538,48.1,8.2,41.3,51.4,5.39,51.5,40.94
S02482,49.9,2.0,45.0,37.5,4.67,24.3,29.73
S09370,86.4,18.5,80.7,62.3,,61.9,88.73
S05273,82.3,8.4,62.4,48.7,5.85,59.2,60.26
S06000,71.8,9.9,83.9,60.6,9.03,54.9,71.29
S08988,76.9,17.4,82.5,,8.4,61.5,81.15
S06201,76.2,14.6,52.5,50.6,7.14,60.4,69.39
S03944,68.2,14.1,70.3,66.0,7.66,50.1,68.76
S07883,75.2,13.1,75.4,62.9,6.95,46.6,61.44
S01584,64.8,16.6,68.2,55.7,8.07,62.9,63.19
S06167,,2.3,44.8,35.1,4.02,30.5,25.04
S01463,82.8,15.1,82.9,65.6,6.0,47.5,59.65
S03565,71.5,15.3,73.4,59.2,8.18,47.6,58.86
S03749,63.8,2.0,48.0,50.0,5.69,27.9,45.49
S03853,82.1,20.2,58.8,68.5,7.44,45.9,75.96
S00434,40.0,14.0,46.1,30.3,5.07,42.7,32.09
S02297,45.0,8.4,55.9,55.7,5.16,48.0,27.9
S03726,66.5,18.7,60.0,60.9,6.21,48.6,61.06
S06182,55.8,14.2,36.7,30.0,4.88,50.5,52.24
S09908,88.4,11.4,70.6,59.1,6.45,66.0,73.47
S06630,74.1,16.9,85.4,,9.42,66.0,93.17
S09898,64.4,5.6,57.3,34.4,7.11,60.7,55.88
S06816,68.8,11.9,70.3,63.6,7.8,68.1,57.28
S00272,86.1,26.6,60.5,56.3,7.74,48.8,84.91
S09612,72.5,12.5,94.9,67.6,,54.6,86.29
S02490,92.6,33.0,77.8,75.4,8.67,55.9,87.43
S02764,74.7,,78.6,67.7,6.1,50.8,54.24
S03417,55.4,12.6,42.0,40.8,6.12,,66.09
S07682,89.2,25.0,78.1,88.5,8.43,68.6,92.04
S03178,81.3,23.3,100.0,100.0,9.72,77.5,100.0
S08933,73.0,9.5,45.8,56.3,7.45,59.9,53.75
S06855,93.7,30.6,,97.3,9.79,84.3,97.54
S01474,79.0,19.3,70.6,79.6,5.84,48.9,55.28
S08744,55.5,2.7,,30.0,4.29,34.9,39.4
S01928,100.0,40.0,100.0,98.7,10.0,90.8,100.0
S00060,65.3,17.3,56.7,35.9,4.9,55.9,49.14
S04705,76.2,5.9,64.0,65.0,7.57,56.0,59.09
S02442,79.1,19.7,69.7,68.8,8.12,52.6,69.07
S03601,52.8,13.7,47.7,52.2,5.29,69.8,47.65
S05413,50.1,15.2,56.8,56.5,7.46,45.4,49.37
S01761,52.7,2.0,56.9,44.4,,,48.29
S08745,87.6,,83.3,87.7,7.97,72.6,87.5
S02306,62.2,10.2,61.6,33.5,6.09,34.9,52.65
S02990,66.9,28.3,69.2,53.1,7.7,82.7,70.89
S03259,75.7,16.9,72.0,59.5,8.52,55.1,72.9
S08432,80.2,26.3,84.0,63.0,6.64,52.6,70.05
S00365,73.3,17.4,65.1,52.3,5.24,47.4,66.56
S06438,87.9,17.0,69.1,66.3,6.86,69.5,72.67
S02955,81.3,9.9,86.3,62.1,8.53,62.2,76.23
S04362,99.2,32.2,100.0,100.0,,81.7,100.0
S04444,66.6,13.4,62.2,48.4,,43.0,67.33
S06723,73.5,7.8,85.2,67.1,8.68,77.2,73.32
S06304,79.9,32.6,92.5,,10.0,100.0,100.0
S04775,81.1,,73.0,63.3,7.29,57.7,65.35
S04277,91.0,28.2,86.0,80.8,8.29,64.3,91.92
S01547,72.6,15.6,56.8,47.1,7.39,59.9,67.64
S02323,81.5,14.5,89.8,76.7,,80.9,85.25
S07286,100.0,33.8,,95.2,8.75,76.9,100.0
S01409,82.5,5.9,62.6,67.4,7.33,74.9,78.26
S02935,70.5,16.2,66.2,70.9,6.07,63.4,72.99
S06758,71.6,5.8,61.5,67.3,5.67,62.2,57.41
S06096,87.6,18.2,88.7,81.8,7.15,61.2,66.72
S04863,92.7,12.4,76.7,68.4,7.73,83.9,81.66
S01816,79.2,18.8,49.9,42.7,6.85,70.6,59.2
S01336,87.2,22.0,85.6,76.3,6.96,78.0,82.92
S07898,65.8,11.4,45.6,40.5,5.86,58.9,66.42
S06081,70.3,13.6,53.5,54.3,7.62,52.1,64.86
S04052,69.0,9.1,69.3,51.6,4.51,33.7,54.66
S09476,75.2,,76.1,53.2,6.85,69.2,62.5
S05276,91.9,15.1,81.2,70.2,6.83,51.4,72.68
S04977,55.3,17.3,67.0,55.4,5.04,65.5,60.79
S01437,68.5,7.2,67.4,60.2,8.62,49.3,61.22
S01610,93.2,18.0,94.0,93.0,10.0,57.4,100.0
S07071,45.8,10.4,40.0,52.8,4.81,32.8,43.37
S01489,78.6,22.7,87.8,75.8,8.29,59.5,93.03
S05687,52.2,6.8,54.6,46.9,5.44,40.8,38.56
S04310,50.1,6.8,49.1,38.7,5.62,59.1,39.66
S08174,86.9,24.4,88.5,82.3,9.27,84.7,85.85
S09194,89.6,13.2,66.2,69.8,7.77,74.6,60.32
S08953,79.0,35.5,64.4,64.4,9.02,70.5,89.24
S05416,66.9,30.6,67.7,68.9,8.47,60.4,85.76
S00202,74.0,17.9,59.2,49.4,,64.6,46.13
S07972,69.7,11.5,65.9,63.0,8.11,72.6,66.58
S01561,64.2,9.5,80.3,62.4,6.77,64.9,64.8
S03508,95.1,31.2,100.0,84.8,9.81,83.9,94.73
S05572,61.7,21.4,66.4,56.1,7.87,37.1,68.28
S08431,84.9,18.8,66.8,71.5,7.92,73.0,79.72
S01613,65.3,10.1,78.4,65.9,8.68,62.9,70.69
S04706,86.2,15.3,79.9,65.0,8.34,62.8,77.99
S03969,76.8,15.6,74.4,70.7,6.74,,71.57
S07928,68.2,10.0,95.0,71.2,8.06,63.8,74.64
S05696,61.9,5.8,62.2,48.3,8.71,65.6,63.24
S04635,83.8,29.7,86.9,83.7,7.4,62.1,76.94
S07568,70.7,17.9,77.5,70.8,9.06,66.9,89.2
S09158,66.2,12.0,40.0,56.7,6.7,42.1,48.06
S00248,88.6,16.4,76.0,,6.66,62.1,80.83
S00324,80.5,14.1,69.3,57.1,7.84,51.6,70.19
S01325,70.0,14.2,63.0,51.0,6.1,33.6,45.61
S05149,75.8,25.3,64.4,49.8,6.94,55.1,62.16
S00627,81.4,16.7,86.9,69.6,6.32,53.0,75.04
S05896,95.2,32.6,71.7,71.0,8.51,73.5,89.41
S01450,78.5,18.8,77.4,74.4,6.18,56.8,83.6
S06014,67.2,6.8,41.2,36.8,4.38,15.3,34.34
S02579,65.1,8.9,52.5,50.8,6.51,25.7,45.56
S08483,83.4,19.2,77.9,76.4,7.85,57.4,79.19
S04470,89.5,18.5,80.3,83.2,4.67,50.6,70.93
S06134,76.4,16.7,80.0,66.4,8.06,70.6,82.36
S04029,82.6,31.5,95.6,76.0,8.65,57.6,84.01
S02247,72.3,7.8,46.6,45.7,6.09,61.5,45.53
S05108,67.1,17.9,53.0,66.0,8.15,83.5,80.0
S01506,90.2,27.3,96.5,100.0,10.0,77.0,100.0
S07662,93.5,23.3,95.8,80.6,8.89,62.6,98.07
S05345,84.4,22.4,96.2,83.2,9.76,67.6,100.0
S03533,69.0,15.1,77.2,62.2,8.76,61.9,65.5
S02163,77.1,8.3,55.4,62.2,5.8,39.1,78.1
S09957,89.3,11.5,75.8,72.9,7.26,63.3,61.35
S01338,84.3,19.5,70.0,74.5,6.49,58.0,65.65
S01029,79.2,24.5,82.2,76.9,6.76,48.7,63.18
S09464,77.6,12.7,66.2,62.5,7.86,42.9,58.55
S05596,87.6,19.6,75.6,75.3,8.45,68.0,98.91
S04281,78.2,,86.0,74.6,8.54,,81.02
S02651,,38.6,76.6,79.2,5.01,87.3,68.64
S07146,95.8,,92.9,71.1,8.8,69.9,92.05
S09740,77.8,13.8,63.4,68.1,6.67,44.1,71.71
S03486,,6.2,52.2,57.5,5.76,56.9,52.04
S00230,80.4,6.9,58.1,36.2,5.61,,55.73
S00690,59.3,12.7,76.6,49.9,5.99,56.7,65.12
S06449,75.8,13.7,90.2,70.9,8.31,66.2,71.57
S01781,65.4,,74.1,53.7,6.95,74.2,60.76
S03831,61.2,5.9,65.4,49.8,6.65,,49.47
S04922,81.0,12.5,71.4,43.6,6.43,67.5,59.62
S04742,90.8,14.4,66.6,70.2,7.59,,71.31
S04881,63.3,9.6,61.6,49.2,6.81,51.0,58.07
S09130,97.4,22.1,98.2,77.9,9.5,73.8,85.26
S04925,50.6,2.0,,42.3,4.85,43.5,21.49
S07690,79.1,18.8,74.4,65.9,5.81,45.0,65.38
S09771,78.4,14.3,61.6,65.9,6.89,44.1,52.22
S06333,84.6,23.4,81.8,78.7,6.92,63.1,67.68
S09902,100.0,21.4,75.3,75.3,8.81,84.7,94.26
S08443,57.2,8.5,35.1,31.0,4.0,55.7,24.62
S01504,63.8,12.2,46.1,40.8,6.28,50.9,42.98
S04989,95.8,30.6,87.8,89.3,8.83,66.6,95.19
S04249,85.4,20.0,71.0,52.9,6.34,63.5,63.07
S08040,65.8,15.3,81.1,71.4,7.94,71.8,85.88
S06105,66.7,8.7,75.9,62.1,8.47,57.3,72.79
S04939,81.2,19.0,75.5,93.6,8.43,49.5,77.55
S05629,83.9,22.1,92.6,79.8,6.99,65.0,80.65
S01805,85.6,11.8,61.4,74.4,7.31,66.6,77.17
S01033,63.5,15.6,79.2,64.0,8.14,64.6,79.29
S02065,85.5,27.4,88.9,77.4,6.48,75.6,75.65
S09358,96.9,21.9,75.1,89.2,8.19,87.7,83.36
S03224,76.7,17.2,68.2,67.0,6.53,66.0,66.3
S06541,80.7,20.1,77.9,71.0,6.96,65.8,87.6
S00721,63.5,2.0,70.7,63.5,7.81,50.6,73.51
S07657,82.9,15.0,58.4,31.9,,70.6,55.53
S07769,,18.6,63.0,66.1,6.96,60.6,79.74
S08387,67.1,12.3,53.8,47.4,,53.8,50.69
S03139,89.8,20.9,69.4,91.5,8.36,57.7,80.43
S09934,63.9,26.8,64.0,,7.31,63.4,73.79
S06934,75.5,13.5,43.6,,5.84,30.2,51.24
S06538,78.3,9.6,,54.0,5.43,60.7,69.25
S08714,73.3,19.0,84.4,67.9,8.74,75.3,85.86
S02107,61.8,9.5,61.4,61.0,7.4,55.5,64.82
S00826,100.0,22.3,97.6,89.5,10.0,,97.26
S04318,79.5,14.6,91.9,64.0,8.32,68.3,77.35
S08417,70.1,26.6,81.7,78.4,9.21,85.2,87.8
S01171,69.2,13.8,72.8,63.2,8.68,71.3,76.04
S01154,,18.4,83.7,82.8,9.16,72.9,99.33
S04026,72.8,14.4,60.9,62.9,7.39,73.5,86.89
S08960,74.0,3.2,53.3,52.9,5.74,57.2,52.2
S02121,84.9,15.4,91.7,82.1,8.39,75.5,83.13
S07594,80.9,23.3,84.4,77.8,7.69,85.9,97.96
S06500,100.0,21.7,72.1,57.9,8.35,74.8,75.85
S03390,72.1,8.1,70.8,75.1,8.7,74.3,61.4
S04293,86.1,13.6,,64.7,6.53,41.4,59.48
S07908,66.1,11.3,55.1,58.9,6.77,62.7,53.89
S01623,87.9,19.5,70.5,80.5,5.59,66.6,79.26
S03833,73.0,,55.8,56.6,6.9,48.7,59.99
S00442,84.6,3.5,82.5,82.4,4.58,25.4,59.66
S02815,70.7,28.3,72.3,79.8,7.01,50.1,86.06
S07452,97.6,24.5,89.2,83.2,6.8,,88.49
S06757,100.0,28.1,94.5,84.2,9.24,92.9,100.0
S07732,77.5,8.9,70.3,59.3,6.13,40.4,74.07
S01502,74.4,22.2,94.8,89.9,,95.1,97.2
S08182,84.3,17.6,74.1,60.1,6.61,60.7,70.58
S00491,75.5,,63.2,58.5,7.36,48.6,62.06
S04163,89.7,21.3,88.3,77.4,9.25,76.4,94.7
S04728,49.0,2.0,30.0,30.0,4.1,41.2,0.0
S05824,86.5,25.6,70.8,65.2,8.21,,68.29
S05460,56.6,15.2,56.2,74.2,6.67,40.6,54.02
S05333,48.1,4.6,91.2,41.6,9.19,44.7,50.59
S05949,66.2,4.9,36.1,32.9,5.38,44.9,35.26
S06440,77.4,23.6,74.6,85.0,8.06,79.2,64.11
S01978,71.5,21.6,,69.1,8.8,82.5,80.15
S01891,89.3,22.8,72.1,75.9,,39.2,81.92
S07645,66.6,18.1,63.8,54.4,6.28,44.4,55.07
S07906,81.2,2.2,62.1,60.6,5.66,35.4,61.33
S00617,59.0,13.4,59.5,30.9,5.62,40.7,42.95
S07232,77.8,15.4,75.8,65.4,7.43,67.6,77.36
S07123,77.9,18.6,97.8,79.6,8.96,93.1,93.84
S01039,73.4,14.4,65.5,64.2,6.15,56.1,58.04
S07848,,24.3,79.9,72.1,6.28,63.3,75.13
S07388,63.8,13.8,72.0,51.8,6.93,48.9,56.54
S05180,75.1,14.8,74.5,78.8,6.9,79.7,57.18
S08396,57.9,2.4,,43.5,5.23,50.4,37.92
S09585,79.9,16.9,76.8,59.7,6.78,67.1,65.67
S07383,73.8,3.9,61.6,63.7,7.56,40.1,67.88
S07073,73.6,19.0,77.4,73.7,7.97,56.6,82.75
S06876,68.2,5.4,59.4,63.5,8.15,65.2,61.86
S06227,78.5,19.9,64.6,81.7,7.37,77.5,73.3
S06015,85.9,22.7,66.5,82.6,7.64,72.0,82.0
S04212,,8.5,59.1,48.2,5.62,55.5,42.87
S05215,83.0,19.2,81.8,84.9,6.63,93.7,87.26
S05151,79.3,18.6,81.5,65.7,7.7,68.1,78.05
S02413,71.1,15.6,49.4,55.0,6.97,42.9,53.72
S02254,67.7,14.2,76.6,81.3,8.88,66.2,79.1
S04389,56.8,2.5,58.6,56.6,7.79,56.0,42.32
S01646,84.2,24.6,98.5,100.0,8.99,75.8,100.0
S02120,61.6,14.8,62.3,58.7,6.32,79.1,60.27
S09040,76.7,37.1,55.9,62.2,7.21,70.9,77.08
S09403,88.3,28.4,70.4,87.6,7.46,79.8,81.78
S00891,83.0,19.5,81.7,79.8,5.7,41.0,78.95
S07879,80.4,25.7,79.7,68.7,8.37,69.7,74.4
S03017,79.7,19.5,88.2,78.6,6.36,78.8,87.32
S09281,63.4,,36.0,36.8,5.95,,41.52
S04505,64.6,16.2,68.3,,6.75,62.6,63.94
S02152,90.8,24.9,99.1,87.1,9.98,76.1,97.48
S03082,66.6,7.9,64.7,57.2,6.31,46.7,48.6
S03498,62.2,13.1,51.2,51.2,6.64,47.8,50.36
S08202,76.3,,,86.6,8.68,63.7,75.89
S08206,57.6,16.3,71.1,68.4,5.29,54.5,56.93
S00892,68.8,14.7,89.2,66.7,8.85,74.9,78.47
S06111,84.9,22.3,88.6,77.6,,61.1,91.9
S09979,83.1,28.3,74.7,77.2,7.53,52.5,86.89
S03680,75.8,7.2,60.0,64.0,8.05,62.7,67.71
S07042,79.4,11.1,85.6,63.2,8.46,79.4,79.21
S06660,,18.5,59.5,52.1,7.15,49.5,59.63
S08735,70.5,9.6,62.8,58.8,8.03,59.9,65.67
S05818,73.4,19.8,68.6,73.4,8.15,,90.38
S09300,74.8,26.3,70.3,52.0,7.68,65.0,78.7
S02950,75.2,10.3,45.0,50.3,,24.0,42.74
S04122,79.8,10.6,68.6,57.9,6.17,38.5,59.76
S05643,70.9,14.0,41.1,42.0,4.0,43.1,53.51
S09215,73.6,9.0,60.2,41.5,6.05,39.5,38.74
S09346,69.2,16.1,53.1,62.0,6.62,66.0,68.72
S03585,58.2,7.4,60.9,52.7,5.78,,32.93
S05033,79.9,15.7,100.0,74.4,8.91,90.2,80.68
S07581,81.8,9.9,76.6,61.3,6.43,35.7,66.77
S07468,86.1,24.3,80.7,71.7,7.62,,69.42
S02451,40.0,2.0,49.1,30.5,4.06,43.0,32.99
S08888,65.2,16.4,60.2,79.7,6.23,61.6,74.12
S07434,74.4,20.8,63.4,46.4,8.0,60.4,71.97
S00430,75.4,12.9,74.8,55.8,8.53,,66.13
S06281,65.3,2.0,38.2,57.2,5.47,49.1,48.01
S00191,69.0,10.3,,61.9,6.0,40.2,55.23
S03315,78.0,13.4,80.2,48.5,7.68,44.9,71.72
S04548,57.0,9.8,54.2,58.0,6.01,43.6,55.23
S00568,70.2,22.5,72.6,78.8,7.02,63.3,75.41
S06048,67.6,11.9,52.5,40.0,6.62,48.9,46.26
S01396,79.1,14.9,79.0,54.8,,61.1,75.12
S01453,82.5,4.2,56.4,53.5,7.89,54.8,64.79
S04173,77.6,19.4,78.4,56.8,7.47,53.7,60.2
S02471,81.7,16.3,65.4,66.3,7.27,68.9,84.63
S06604,83.2,22.2,84.6,80.6,6.91,74.3,85.97
S08024,78.8,20.9,56.5,54.8,7.4,33.1,77.86
S02965,64.9,5.2,56.7,37.2,6.04,47.8,58.51
S07664,66.8,16.9,88.0,67.1,8.42,88.3,74.48
S03084,83.5,11.8,52.9,,8.26,64.6,71.55
S04894,65.1,3.8,53.7,37.1,6.0,48.6,44.7
S03511,75.1,22.1,66.7,65.8,8.68,47.4,79.42
S03667,65.6,8.6,74.1,74.5,,44.1,77.32
S08243,68.7,5.0,30.8,39.7,5.46,31.6,36.34
S05683,77.0,17.5,72.9,71.1,8.25,62.2,57.99
S03126,89.0,13.8,76.8,84.6,7.87,68.5,84.11
S01038,78.5,21.0,73.3,71.1,7.91,56.0,71.99
S00245,71.2,21.5,95.4,78.1,9.36,59.9,89.3
S02564,45.8,12.8,56.6,43.1,5.95,62.9,46.69
S01666,70.5,6.1,63.8,45.0,6.13,50.6,46.25
S07455,66.0,10.8,84.6,62.9,8.47,73.3,71.44
S08865,72.7,23.3,71.2,73.7,9.97,43.9,90.02
S07136,62.7,2.0,58.6,54.2,6.52,,43.36
S07787,56.8,6.3,63.9,36.6,4.88,35.7,30.34
S09862,60.1,,30.0,31.6,4.0,39.9,28.69
S01133,73.1,10.0,53.2,48.2,5.86,56.9,62.99
S00775,,11.9,68.9,69.6,,68.7,67.84
S07411,68.8,8.4,60.0,64.0,5.35,54.8,71.16
S06586,76.7,13.0,69.4,60.5,7.25,44.2,58.29
S00297,81.3,15.5,76.1,71.3,8.58,81.2,78.35
S07562,73.5,9.1,68.9,51.2,6.82,50.3,67.64
S06444,79.9,21.9,,71.6,8.18,47.7,84.81
S09673,54.9,12.3,70.1,63.0,6.75,30.3,50.8
S07403,53.6,6.2,31.7,30.6,4.46,42.6,25.71
S01599,49.1,2.0,31.8,,5.78,44.7,38.39
S08180,84.5,19.4,79.6,85.2,7.48,72.8,93.38
S06646,81.5,15.4,71.1,69.5,6.32,66.9,70.94
S08339,66.3,17.3,78.0,65.1,6.95,53.0,80.61
S08719,62.1,11.6,69.4,64.3,8.51,58.5,65.22
S01961,75.1,16.9,76.4,75.7,8.57,79.0,82.86
S02602,77.3,24.8,80.6,71.7,6.29,54.7,70.49
S07867,81.3,15.2,77.2,59.9,5.75,57.5,79.58
S07155,76.7,15.5,67.0,,6.29,53.8,71.0
S05199,85.2,27.1,64.7,75.2,8.59,73.5,68.78
S02831,93.5,16.0,92.7,63.2,8.14,75.1,81.36
S09978,68.2,6.0,72.9,43.1,6.58,64.0,53.41
S02880,60.0,23.4,53.5,52.1,6.03,53.6,55.9
S00674,93.4,14.9,90.6,77.3,8.12,50.6,95.27
S03297,84.0,10.3,56.1,73.9,6.12,67.2,60.43
S03869,85.9,2.0,67.7,60.9,6.81,63.4,62.39
S00207,67.5,12.2,82.5,65.1,7.73,44.7,73.29
S04996,81.6,9.7,62.8,65.6,5.57,60.7,53.45
S01153,77.8,16.0,74.0,80.7,,73.1,84.24
S03361,75.9,18.0,79.9,84.1,8.76,66.2,94.91
S09682,52.0,2.0,57.9,53.0,5.83,72.2,45.74
S07535,99.5,17.4,71.9,55.4,7.21,83.6,69.31
S00912,64.3,9.7,83.8,57.6,8.2,57.6,64.29
S00439,98.5,37.6,81.1,98.2,10.0,87.1,81.3
S02139,67.9,27.4,63.9,69.2,,55.2,74.39
S05228,79.8,17.9,74.4,79.3,5.81,45.9,83.84
S08752,91.4,19.2,82.7,88.6,10.0,74.2,82.0
S07967,80.6,22.1,83.4,78.1,7.45,,86.81
S02178,64.5,19.6,61.2,71.2,7.81,55.0,62.03
S01143,40.0,2.0,62.9,30.0,4.0,36.5,30.88
S07641,53.7,2.6,55.0,42.8,4.06,19.5,28.52
S07525,60.1,4.4,55.6,39.6,6.58,58.2,48.02
S04369,87.5,20.9,75.7,70.3,8.35,53.6,90.78
S05651,56.3,22.3,71.1,70.1,5.8,66.3,73.82
S08974,48.8,8.6,57.9,58.4,5.74,65.6,49.3
S06262,63.1,13.1,55.3,53.3,,78.7,58.02
S09098,45.4,2.0,37.1,30.0,4.0,32.3,0.0
S06964,71.4,26.6,69.2,66.9,7.6,61.8,67.17
S04882,81.0,26.2,87.6,100.0,8.58,90.2,89.13
S04158,77.9,9.0,57.4,50.3,6.37,61.9,54.63
S01361,66.0,5.8,51.0,47.6,7.15,69.8,37.6
S05917,81.5,14.9,63.6,52.1,7.43,47.7,65.38
S00540,80.2,12.6,62.4,65.7,6.9,52.8,76.84
S08858,92.7,19.1,97.9,81.8,7.98,79.6,87.57
S02311,71.0,,61.6,62.2,7.4,63.9,68.99
S00529,72.4,10.2,76.2,60.5,,,64.47
S01829,63.4,9.5,65.4,50.2,6.97,56.7,55.05
S02584,54.7,6.2,40.5,34.4,4.39,22.4,28.13
S05286,82.9,5.2,56.4,68.2,7.97,53.3,72.96
S07851,61.0,18.9,64.4,50.8,7.51,52.0,67.0
S07492,90.8,8.2,54.7,,6.43,55.6,66.9
S02661,79.2,10.7,61.1,46.5,7.05,33.3,64.91
S01942,69.0,33.3,78.1,97.6,8.55,87.8,76.74
S00295,67.3,7.2,55.7,47.0,4.94,44.2,43.63
S00399,97.1,26.1,90.2,73.6,9.2,94.2,96.0
S03200,53.1,2.0,52.9,51.7,6.84,39.3,46.94
S04838,73.4,12.2,52.6,59.8,7.25,79.2,73.17
S08975,87.8,20.3,72.4,76.1,8.36,76.8,94.32
S00158,79.0,8.8,45.1,58.9,6.27,59.9,40.83
S06805,72.5,12.3,67.5,59.9,6.56,88.7,59.65
S00646,100.0,30.1,86.9,74.0,8.73,,92.09
S05307,63.4,19.9,79.7,69.3,7.68,58.3,54.15
S04007,56.6,7.4,48.9,53.1,6.15,47.2,55.21
S05511,85.1,16.4,69.7,78.4,9.22,57.3,80.89
S05828,81.9,12.7,60.6,57.4,6.88,,61.17
S06333,84.6,23.4,81.8,78.74,6.92,63.1,67.68
S08577,80.0,23.1,91.3,76.8,8.11,51.7,92.94
S06664,90.7,30.0,76.4,85.8,7.87,57.4,81.21
S07987,63.5,24.8,70.8,57.2,5.44,62.2,69.77
S01921,88.0,19.1,100.0,96.6,10.0,63.7,100.0
S06599,74.7,6.0,64.2,51.6,6.92,46.6,51.51
S02259,71.4,7.6,57.8,54.8,6.48,66.4,69.79
S03678,82.0,16.5,84.5,75.6,6.28,54.8,78.33
S01007,74.9,9.3,73.4,62.0,6.89,64.1,72.66
S07395,72.7,8.2,67.7,67.1,6.89,75.3,73.87
S04494,86.0,18.2,74.6,75.2,6.37,72.8,72.24
S02512,70.8,22.4,66.4,73.3,7.17,,88.06
S06722,63.0,2.4,50.5,,4.72,29.1,31.61
S04015,64.4,22.6,80.4,67.1,7.21,63.7,87.24
S05599,75.9,23.8,85.0,,8.58,77.5,87.52
S06826,77.4,19.5,73.2,68.9,5.34,,58.71
S04829,68.9,17.8,71.1,71.2,5.39,48.8,62.48
S07569,91.2,31.0,100.0,100.0,9.89,73.9,100.0
S09922,79.5,19.3,77.3,84.9,9.49,71.0,95.81
S07397,74.1,31.6,65.1,70.9,6.26,65.5,74.22
S05451,65.2,14.0,66.9,55.4,5.62,46.1,61.14
S04808,92.0,10.2,,45.9,7.57,61.6,62.3
S00669,93.9,22.6,79.6,74.4,6.8,72.1,75.15
S03064,64.7,19.9,81.0,66.8,7.2,68.0,65.51
S00966,57.6,8.6,74.6,55.6,5.18,36.5,68.88
S09920,87.6,29.5,89.4,85.6,8.6,58.8,96.63
S01079,80.4,23.0,65.3,61.0,8.35,59.0,70.11
S06143,67.1,7.8,79.6,68.8,7.51,42.5,71.23
S00334,60.5,37.9,67.2,59.9,7.11,55.7,60.23
S06651,78.8,17.5,68.9,60.4,5.32,59.6,68.51
S08551,72.9,12.9,,57.8,6.19,36.2,51.39
S09357,,2.0,60.8,73.2,7.43,50.5,48.08
S05449,60.3,17.1,56.0,44.1,5.22,42.2,37.39
S03368,76.2,8.2,66.6,49.6,6.34,52.7,63.03
S07849,62.1,12.6,48.0,54.0,4.19,,42.49
S07095,75.8,18.7,71.8,71.6,5.78,60.7,69.92
S04956,76.6,,63.6,52.1,7.56,59.2,53.4
S00403,100.0,,76.5,97.5,9.71,74.3,100.0
S05902,73.1,14.2,57.2,64.9,6.5,64.6,73.36
S01252,85.1,27.9,81.8,73.8,8.07,54.5,75.6
S04790,69.3,14.3,66.2,65.8,,47.6,76.0
S08616,83.8,20.9,62.8,71.7,7.93,84.7,76.41
S04975,93.6,18.0,58.4,69.3,6.96,52.1,58.15
S00408,100.0,19.9,96.3,100.0,10.0,79.5,100.0
S01297,50.1,5.7,80.0,39.7,9.09,61.6,52.55
S07454,96.2,21.2,84.5,87.4,8.28,78.6,85.68
S06916,86.6,19.3,87.1,74.7,6.31,53.3,82.76
S07059,86.7,21.2,77.9,81.6,6.34,58.9,69.65
S02365,78.5,19.7,79.3,75.7,6.32,69.0,74.17
S09825,69.0,12.1,69.2,82.6,,53.8,71.18
S03380,58.6,5.3,50.5,48.6,4.76,55.8,35.96
S03881,76.8,13.9,67.5,76.1,6.67,53.4,65.65
S07744,50.2,17.7,52.0,40.1,5.19,43.2,31.94
S08506,91.7,15.0,71.2,71.7,7.41,78.3,81.82
S04632,,19.8,57.0,55.7,7.09,48.0,67.85
S06919,95.0,25.9,93.5,75.6,9.09,38.1,83.75
S00860,66.4,11.4,67.7,49.2,5.45,40.7,52.4
S05441,71.5,18.7,49.8,63.5,7.26,44.5,67.93
S00628,76.0,22.4,68.5,82.8,7.95,49.0,86.38
S03355,77.0,14.1,100.0,68.3,8.93,60.1,63.83
S08372,84.7,11.3,,75.7,7.67,61.2,72.09
S09821,70.5,10.0,63.5,75.8,6.05,57.0,62.99
S08339,66.3,17.3,78.0,65.1,6.95,53.0,80.61
S01164,78.7,19.8,82.7,63.3,6.79,57.0,52.72
S03336,54.4,2.0,35.0,30.0,5.55,42.2,15.14
S04693,92.3,25.1,79.7,83.3,6.78,74.0,88.44
S06451,71.9,4.3,91.5,92.2,8.23,81.8,90.42
S01498,76.5,20.9,,77.5,6.15,65.4,68.99
S09235,91.0,19.8,69.6,65.3,7.24,60.4,77.94
S05640,81.3,15.7,64.5,47.3,7.85,49.6,51.23
S00532,68.1,13.3,99.2,74.0,8.13,80.6,89.23
S05405,75.2,7.4,61.8,53.9,4.58,54.5,45.79
S02321,96.6,14.5,91.4,90.0,9.41,80.0,84.16
S02820,82.1,21.6,86.8,83.9,8.41,76.5,88.62
S01848,67.6,24.3,84.1,67.7,8.55,53.4,75.86
S00637,74.6,8.2,,55.6,7.04,48.6,59.97
S07665,63.5,7.6,66.4,55.2,5.6,79.4,45.96
S01411,89.3,27.3,75.2,,8.2,68.4,91.86
S03354,96.7,34.0,87.2,76.8,8.77,70.1,77.57
S07166,69.9,,84.7,76.3,8.26,56.3,72.21
S07620,70.2,2.0,51.5,38.3,5.82,50.4,48.42
S05699,80.1,24.8,69.2,89.2,9.01,83.5,91.04
S07386,66.9,11.2,63.3,61.3,8.26,72.0,72.35
S06948,89.2,29.6,99.2,94.2,9.68,55.9,97.81
S09782,82.1,17.1,69.6,,7.6,63.4,77.88
S09081,81.9,18.4,74.6,77.3,7.92,71.0,71.45
S03067,56.8,14.3,57.3,67.6,5.92,68.9,53.69
S01055,99.9,35.7,92.1,84.8,9.1,100.0,97.47
S01314,85.1,26.6,57.6,63.8,6.98,67.6,67.8
S04908,77.8,,71.3,54.0,5.9,66.0,55.4
S02401,59.3,12.9,66.5,61.4,5.92,,52.82
S05338,85.1,21.1,82.9,69.8,8.26,89.1,87.11
S02822,78.0,19.8,85.4,75.0,6.93,76.7,69.31
S00057,86.5,24.3,83.9,79.3,8.49,69.4,75.42
S03353,95.9,39.8,83.1,95.7,9.57,74.5,96.96
S02264,83.9,17.7,87.0,88.3,4.12,45.8,64.51
S01925,72.5,19.0,63.7,69.0,6.51,67.5,72.63
S03822,85.4,28.6,82.7,75.6,8.41,58.3,77.85
S07872,90.8,26.3,83.0,81.2,9.72,75.6,82.46
S07327,69.7,24.0,,59.7,6.72,74.3,63.64
S07611,74.4,14.6,54.5,63.8,,53.5,69.76
S07869,75.3,9.2,72.0,66.8,7.98,69.7,83.59
S03794,83.1,12.0,65.5,67.5,5.96,54.3,67.05
S02971,89.1,17.9,70.8,69.1,7.57,75.8,66.03
S00155,82.6,23.5,83.4,82.1,6.67,74.6,70.24
S07552,75.4,22.1,75.6,79.2,7.41,72.5,73.1
S05063,83.6,21.9,71.9,66.2,8.93,61.2,75.34
S05224,78.2,13.3,46.9,49.0,6.89,46.0,55.96
S04046,77.3,,84.3,82.1,8.84,58.3,92.95
S09523,77.6,17.8,80.7,73.8,8.36,84.8,83.3
S03375,95.7,13.7,83.4,81.0,8.69,65.5,82.06
S05381,74.5,38.2,85.6,85.6,7.74,89.0,88.22
S00359,74.9,16.9,44.8,42.6,5.43,41.5,48.64
S08991,69.8,7.9,64.9,58.0,7.6,62.9,62.94
S04538,74.1,13.6,60.3,60.2,5.05,40.2,55.39
S00673,53.0,15.0,60.4,55.2,6.63,47.1,67.71
S07068,62.3,2.0,44.7,31.7,4.8,39.7,23.62
S09566,100.0,35.8,100.0,,10.0,96.0,98.39
S03775,71.5,23.8,81.9,64.1,8.49,65.8,74.41
S04776,82.2,13.8,74.4,60.1,7.32,76.7,78.79
S05782,75.1,21.7,75.9,68.9,7.42,47.5,74.56
S00293,97.0,28.3,78.6,82.5,9.15,94.3,85.93
S08278,78.1,,53.3,53.4,5.91,55.8,61.77
S05055,78.2,14.7,73.7,64.9,6.91,28.8,69.18
S08323,64.4,2.0,51.1,33.5,5.44,32.3,40.05
S04387,96.1,21.6,67.0,38.5,7.45,66.4,70.11
S08348,50.5,14.4,56.3,63.2,5.63,39.9,65.38
S06939,95.4,38.9,100.0,100.0,10.0,99.2,100.0
S07222,83.4,28.4,93.5,79.1,9.41,99.7,99.57
S06912,64.3,16.7,53.2,58.9,5.92,55.7,60.32
S06968,53.6,3.8,53.0,43.5,4.0,53.1,32.29
S08410,57.6,16.2,51.0,60.3,,52.4,43.59
S02967,67.5,12.4,62.7,64.8,5.71,50.4,52.93
S05004,50.7,14.1,57.2,58.4,6.37,19.7,44.67
S08453,79.9,22.6,85.7,79.6,,58.5,84.97
S03725,81.6,20.5,75.2,69.4,7.81,68.5,79.28
S07379,92.5,22.2,92.2,100.0,8.48,71.6,99.29
S09039,62.4,5.4,54.9,44.6,5.29,29.0,41.04
S04432,81.2,23.1,84.4,73.6,6.51,71.1,78.79
S03716,61.5,5.3,56.3,42.9,6.45,29.8,49.68
S09648,56.5,2.2,49.8,39.4,4.78,49.7,29.25
S09031,74.7,27.2,71.7,79.0,7.2,67.0,87.49
S05251,65.4,18.2,72.3,47.7,6.24,38.2,69.83
S07268,74.9,2.0,44.0,53.0,5.63,51.8,40.61
S04609,46.4,10.7,61.3,59.4,4.82,31.7,47.19
S00468,82.6,15.6,76.3,79.7,8.83,70.6,81.2
S04674,79.4,16.8,55.6,44.8,5.45,66.3,52.23
S07391,78.2,12.3,,60.3,7.14,63.0,46.16
S00477,100.0,20.9,100.0,93.2,9.74,100.0,90.57
S03666,,10.8,80.7,68.0,8.73,72.8,86.67
S00500,89.7,28.9,76.0,87.6,8.27,64.1,87.43
S05271,95.4,24.6,88.8,88.5,8.91,83.7,97.78
S08691,67.1,10.8,62.9,57.3,7.91,78.8,63.27
S04183,74.2,6.4,60.8,55.4,7.53,50.3,59.79
S03871,60.0,18.1,,,7.83,63.9,55.59
S05318,77.0,21.7,65.1,60.1,6.22,57.6,71.31
S04911,83.1,19.2,72.3,71.0,6.66,,80.38
S03157,59.7,21.9,69.6,53.0,5.04,30.5,72.47
S03422,70.8,17.1,55.1,73.7,5.84,48.5,57.67
S06568,54.9,4.4,,35.0,4.03,47.0,35.96
S05551,85.2,36.1,85.6,74.2,8.48,87.8,90.08
S05840,87.1,25.7,75.7,78.7,,69.5,76.89
S05882,75.4,11.3,,52.8,8.21,48.6,65.88
S00180,75.0,12.5,77.7,60.6,7.94,62.4,59.66
S07716,57.7,2.0,47.3,30.0,5.41,42.2,40.13
S03494,75.5,19.2,58.2,60.5,,54.2,72.26
S07008,84.7,27.5,90.8,77.2,9.03,86.2,94.07
S09293,72.5,15.2,69.6,64.0,6.85,70.2,80.75
S04075,87.3,21.6,68.0,68.5,6.83,73.3,72.38
S06719,72.7,4.5,53.9,39.8,5.6,40.8,58.81
S02830,67.4,20.5,79.2,65.6,7.6,42.9,89.87
S01503,83.2,19.9,83.7,76.9,6.49,55.0,79.27
S07305,70.1,11.1,79.5,49.6,8.01,,65.44
S04359,63.1,11.2,,35.1,4.89,,43.55
S08509,83.9,9.1,72.4,59.1,8.12,50.8,61.82
S02264,83.9,17.7,87.0,88.3,4.12,45.8,64.51
S05132,78.5,9.3,67.5,70.3,6.88,44.6,59.98
S04663,62.3,9.7,64.8,40.5,6.21,62.9,52.09
S05988,86.6,23.1,75.7,79.1,7.94,60.1,75.43
S08993,84.4,16.5,63.0,56.7,,54.6,61.49
S03092,76.7,13.5,76.1,80.1,7.05,63.7,83.43
S04717,73.6,11.0,57.5,53.6,6.51,54.3,59.04
S08484,99.9,25.9,69.2,43.8,7.79,51.8,83.35
S05894,75.7,5.1,77.6,58.0,8.27,71.5,69.9
S06472,69.8,12.1,54.9,59.4,4.99,40.1,55.93
S03212,93.4,27.0,80.1,79.3,6.76,75.0,75.82
S02954,80.5,23.2,84.3,78.1,6.84,71.0,86.53
S09780,53.2,5.3,41.5,42.3,6.67,24.9,40.86
S00796,73.6,14.0,80.0,73.1,8.59,76.0,84.46
S02097,79.9,20.2,74.9,73.3,,83.9,79.15
S02968,77.0,12.0,66.0,68.7,6.39,55.9,78.58
S07761,86.0,21.2,74.6,69.7,8.31,47.0,75.71
S03732,88.2,19.8,76.6,77.6,8.69,,60.61
S00289,70.3,7.4,74.5,65.4,8.31,70.5,70.52
S03436,76.3,13.0,82.0,65.1,5.52,53.8,62.12
S09630,69.2,13.5,62.7,78.5,,46.5,66.17
S01855,67.8,22.6,82.8,62.4,8.97,72.2,76.14
S02230,68.4,19.6,87.8,62.4,6.39,43.1,69.47
S07603,78.8,18.4,82.3,89.4,8.15,86.8,84.09
S07346,87.3,,82.9,78.1,5.95,70.8,70.34
S03709,100.0,26.7,76.5,,8.41,73.5,87.69
S03189,90.7,16.6,74.3,77.1,9.32,70.8,82.02
S03335,87.4,22.8,73.4,68.7,7.67,61.1,86.61
S03022,83.5,20.6,81.5,76.8,8.2,,84.24
S01346,92.3,2.0,61.9,36.0,6.69,39.7,44.04
S05809,82.8,6.6,59.9,43.9,7.33,67.0,52.47
S00503,71.1,11.0,69.5,53.3,7.47,67.4,56.07
S05328,92.1,4.4,81.4,84.4,4.78,46.7,62.05
S08153,86.7,17.7,81.6,78.8,6.5,68.6,69.63
S01452,87.1,20.0,81.9,72.1,8.71,56.9,82.67
S00100,43.1,7.0,47.7,34.4,,34.2,36.17
S09005,87.9,31.0,78.8,78.5,8.11,71.4,94.06
S04718,,24.9,80.3,57.3,6.87,57.2,66.36
S08167,77.0,11.0,61.7,35.9,5.73,47.6,44.56
S03696,70.5,18.9,74.8,70.2,7.17,74.3,65.27
S08931,80.6,25.2,82.3,76.4,7.65,53.6,90.74
S07175,52.4,6.0,59.9,63.3,5.81,70.7,64.21
S06800,64.4,13.1,58.6,55.4,7.37,44.2,51.52
S05470,53.5,13.4,59.2,61.1,6.36,40.3,61.3
S05923,69.4,5.7,50.2,59.3,7.55,53.24,52.84
S01645,56.2,2.0,38.8,36.7,5.86,33.0,33.42
S08866,80.5,23.0,72.5,82.0,,70.7,94.65
S07891,82.2,20.1,78.2,89.0,7.85,64.0,84.56
S09397,71.1,20.2,63.5,51.4,6.69,30.2,60.45
S02573,74.6,9.0,56.4,68.8,5.23,48.5,47.41
S08771,40.0,4.2,44.5,42.1,4.0,,25.65
S09950,72.7,,59.1,60.0,7.13,37.9,61.05
S06365,63.2,16.8,76.2,54.8,8.04,72.9,68.49
S05177,52.8,9.2,69.2,30.0,5.74,32.6,51.54
S06740,69.3,14.3,,61.9,6.69,57.5,67.08
S00328,72.0,5.1,73.2,51.2,6.58,59.6,56.98
S04304,59.5,21.6,73.5,80.8,8.6,62.5,77.23
S05623,68.3,26.9,76.5,65.7,7.11,75.8,67.91
S05874,83.4,17.9,71.7,76.5,6.55,55.7,84.12
S06233,92.8,28.6,,84.0,10.0,83.7,100.0
S03452,69.5,2.0,54.8,55.3,5.13,,41.19
S07727,65.2,13.5,70.8,52.5,6.46,66.4,61.58
S00451,61.5,10.4,60.1,49.3,7.18,63.0,59.28
S06542,76.5,16.7,72.2,,6.74,53.7,64.94
S03937,77.4,18.6,90.1,78.3,6.58,65.1,90.82
S01502,74.4,22.2,92.9,89.9,,95.1,97.2
S00474,86.3,24.7,86.2,91.7,9.97,71.4,100.0
S05937,57.5,19.6,77.6,65.8,7.32,61.4,68.97
S03406,81.2,10.5,79.5,85.9,8.81,48.9,89.4
S06906,85.5,26.4,86.3,79.9,8.11,64.6,78.66
S05961,,18.6,79.7,78.1,6.59,51.0,73.63
S02350,78.8,18.0,57.0,65.9,7.17,46.8,80.15
S07542,69.1,14.7,87.2,50.3,7.03,56.4,66.6
S06197,88.2,26.4,80.2,82.5,7.95,74.9,84.7
S00741,73.7,12.3,,56.2,8.0,70.4,69.59
S06512,83.4,15.9,68.1,64.9,8.77,64.4,64.21
S04602,60.7,9.3,51.1,33.4,5.97,59.9,26.54
S05157,85.4,24.5,86.9,76.7,9.94,72.1,90.25
S03381,85.8,13.6,73.9,70.8,5.92,39.4,73.75
S02563,68.2,7.4,68.0,46.5,6.8,38.1,57.41
S09613,85.8,18.7,70.5,76.2,8.26,49.1,78.79
S03421,65.6,9.6,55.9,45.8,5.86,37.3,51.49
S04633,88.5,21.2,75.2,67.9,9.09,72.0,91.05
S00411,75.2,15.8,57.9,64.2,7.5,86.7,83.66
S00570,77.1,25.4,86.5,82.5,9.39,72.4,89.31
S07201,62.8,7.3,45.6,31.2,6.01,45.5,46.7
S02548,85.5,15.7,59.8,50.4,6.32,42.1,56.31
S00361,77.6,18.1,95.6,71.4,8.13,60.5,92.77
S05872,70.2,10.0,76.5,67.6,8.75,81.3,84.99
S03317,72.8,21.3,79.3,73.2,7.96,56.0,77.52
S05376,84.8,,64.2,34.7,5.68,33.6,47.25
S01955,68.6,10.2,,66.1,7.85,67.1,62.61
S00383,96.7,19.0,89.9,82.8,7.17,52.2,68.14
S02428,72.5,27.1,82.8,79.0,6.82,,67.6
S01210,66.5,14.2,80.1,80.1,7.51,85.3,74.53
S03684,98.0,25.5,83.6,95.2,8.06,72.9,82.9
S05044,67.4,5.7,70.0,39.1,6.47,43.7,41.22
S03369,63.4,21.4,76.1,83.4,8.57,55.8,100.0
S07959,76.4,8.9,55.9,46.7,6.25,32.7,62.75
S07412,67.7,15.6,61.8,61.4,6.78,32.8,56.93
S08964,73.9,19.9,67.6,59.4,8.25,72.8,80.82
S02841,84.3,17.2,55.9,46.4,5.79,47.0,66.61
S01983,72.6,2.8,89.1,92.1,8.7,73.0,74.08
S00620,71.0,4.6,51.0,35.2,5.02,38.6,32.02
S00427,91.1,11.0,42.8,49.0,4.7,42.5,50.23
S08474,86.1,17.0,83.2,77.4,5.94,77.8,81.95
S02721,81.5,27.9,99.0,80.3,10.0,67.3,91.37
S07564,52.8,19.4,,61.3,6.92,43.8,71.54
S06026,77.1,15.8,79.2,63.7,7.99,64.9,72.69
S03492,86.4,30.4,97.8,91.9,,74.4,100.0
S03998,67.8,6.8,52.1,58.4,,55.2,53.52
S03061,77.0,15.3,76.1,71.0,6.31,46.8,74.56
S02914,85.3,20.6,79.4,68.3,7.71,70.5,78.85
S00709,67.9,10.5,55.0,45.4,7.05,64.2,51.81
S07038,76.9,15.7,72.1,,7.33,56.9,88.41
S02977,85.5,22.2,93.5,91.1,8.37,73.2,82.52
S01638,85.4,21.2,76.1,75.6,6.44,53.8,78.56
S01792,53.7,7.5,61.2,38.1,5.31,32.4,29.63
S02309,45.2,2.0,39.6,30.0,4.83,34.9,16.67
S06562,66.5,9.0,59.3,59.7,5.99,59.0,47.27
S04410,79.5,11.9,64.3,39.2,4.61,51.6,47.03
S01423,88.3,20.5,76.7,84.1,8.7,66.2,81.76
S02396,55.5,2.2,35.2,30.0,4.39,16.5,19.03
S06445,81.0,17.3,78.2,74.0,5.86,33.1,70.18
S04442,63.6,24.4,62.7,60.9,7.67,53.1,76.01
S04889,71.2,35.6,94.0,80.7,8.08,79.8,90.4
S01220,71.8,7.6,39.4,38.0,6.86,59.7,49.96
S05089,96.1,40.0,82.5,100.0,10.0,93.5,100.0
S01204,91.5,19.2,71.0,85.0,8.57,59.2,92.42
S00572,51.9,2.2,62.2,33.1,4.47,21.6,34.99
S07471,76.3,13.5,86.9,68.3,8.87,,85.33
S05171,79.2,20.0,76.1,72.6,9.12,56.8,83.36
S04751,73.9,12.9,83.7,56.4,7.53,60.9,66.42
S01435,75.0,12.1,83.5,64.4,8.29,68.4,73.07
S00855,59.9,9.1,48.7,40.2,5.89,43.4,46.85
S00170,72.8,14.7,80.4,69.5,8.95,60.5,68.71
S00870,72.2,21.1,70.5,65.4,,49.1,76.4
S01142,68.4,7.8,70.6,48.6,6.01,44.0,53.11
S04449,80.4,17.7,70.0,84.6,8.31,,91.94
S03926,68.3,10.9,74.7,65.4,7.92,70.2,70.63
S09463,64.1,13.5,72.0,59.5,6.97,51.2,62.0
S06148,70.2,16.7,74.5,66.5,7.34,70.8,63.28
S04253,82.7,16.3,92.1,77.4,6.67,73.8,89.28
S06748,58.5,20.5,80.6,66.5,8.42,69.1,90.45
S08792,77.5,26.9,74.5,71.5,6.8,58.8,70.86
S09096,71.2,21.1,76.6,68.6,6.69,54.6,77.76
S01685,78.3,27.3,75.1,60.3,7.68,69.3,78.57
S06806,76.8,14.8,61.5,64.8,5.54,71.2,61.75
S04811,88.1,20.8,77.8,75.9,7.28,,79.31
S01590,57.2,24.3,,76.7,,68.4,94.6
S08762,81.3,,63.3,56.4,8.9,69.3,71.71
S09297,64.5,10.9,60.7,40.4,5.97,47.2,45.61
S00021,85.8,26.5,96.0,78.8,,44.3,97.24
S06289,87.4,16.0,86.6,,8.15,71.1,82.72
S09846,92.9,17.1,93.4,84.0,8.79,85.0,92.52
S09567,66.0,16.4,60.4,50.7,7.87,57.4,79.18
S05267,68.7,14.4,60.9,,7.07,40.7,57.9
S04855,89.7,19.5,79.3,77.9,8.06,,84.31
S05239,65.1,12.0,69.6,59.9,8.57,52.8,58.32
S03398,92.0,12.7,65.7,59.5,,44.2,74.6
S03029,84.2,19.4,85.2,66.6,8.02,75.0,86.83
S09086,88.5,26.7,98.2,80.8,9.03,76.3,87.4
S01156,65.4,19.2,59.4,56.3,6.39,27.0,71.0
S08292,85.8,23.0,83.4,77.6,,64.1,79.71
S08837,80.0,17.1,72.6,72.9,8.3,72.8,87.31
S01281,63.8,15.5,47.6,46.7,6.09,51.8,57.13
S06877,96.3,30.4,99.6,74.5,8.05,66.8,82.84
S03954,52.7,9.6,60.3,77.2,6.02,46.8,56.19
S06062,82.1,28.6,76.0,84.0,8.03,76.3,92.85
S00290,82.79,23.6,,80.2,6.13,84.5,82.08
S04050,75.4,14.7,81.0,66.8,8.63,69.0,82.41
S03899,100.0,17.4,89.0,85.6,8.4,57.7,82.35
S00431,81.3,6.0,46.7,47.3,7.07,42.4,45.55
S04858,40.0,5.6,41.6,46.9,5.3,51.0,36.91
S00849,81.8,22.1,73.6,73.0,5.91,79.9,83.72
S09190,75.2,23.1,64.3,78.9,6.66,49.9,74.7
S06141,81.8,13.6,76.8,68.8,6.49,59.0,63.49
S01890,100.0,29.5,86.6,76.9,8.12,65.1,88.26
S07419,100.0,20.8,99.7,87.1,8.58,76.9,94.52
S05895,76.7,21.4,75.7,65.2,6.3,63.2,56.44
S07608,74.3,19.3,67.7,68.9,6.47,67.0,78.2
S07435,93.4,22.2,100.0,98.8,9.61,61.3,90.55
S06310,95.0,2.0,83.4,81.1,4.14,44.2,59.38
S09361,,25.1,89.0,76.0,8.32,,100.0
S02099,70.8,19.3,68.0,85.1,7.92,73.7,80.01
S04255,80.7,23.2,87.7,83.0,8.28,83.2,77.35
S08754,54.7,3.7,59.9,56.5,7.66,39.7,49.52
S04987,57.5,14.5,62.3,55.9,6.96,43.1,58.27
S05029,97.3,9.8,84.6,75.7,7.18,65.5,64.22
S05865,53.8,6.6,46.2,42.7,4.83,23.8,30.24
S07940,73.4,22.0,78.7,62.2,9.0,49.6,69.46
S09239,72.7,13.8,61.9,57.7,7.09,47.0,64.54
S08917,75.1,7.0,50.7,54.3,6.67,34.8,62.79
S00574,74.2,23.3,70.4,67.4,8.52,78.8,69.65
S09796,66.8,15.3,69.6,66.4,5.49,48.1,45.45
S07831,60.6,5.6,66.5,,7.41,73.4,60.19
S03271,58.4,11.1,59.9,48.0,5.42,56.8,44.73
S06353,89.1,16.5,89.3,,8.37,68.8,76.98
S08910,63.9,15.0,60.2,74.4,5.5,41.5,58.11
S05801,84.4,24.3,79.3,75.8,7.29,52.3,94.38
S08541,63.9,3.1,82.9,90.5,5.39,,86.55
S02524,71.1,12.1,84.3,52.0,6.21,,65.83
S09582,75.9,21.3,66.1,52.6,6.74,65.8,59.24
S08260,81.6,21.0,85.2,71.8,6.98,65.6,72.96
S09287,100.0,27.8,86.8,80.9,9.72,68.4,94.02
S06513,66.4,10.4,61.0,57.9,7.05,39.4,46.09
S03991,58.1,9.3,59.7,47.9,7.85,53.9,57.49
S03477,69.8,22.8,60.7,72.5,7.38,57.9,75.12
S08143,80.4,21.3,73.2,80.1,7.53,55.2,84.92
S00437,68.5,9.6,51.8,62.0,8.54,50.2,50.35
S00032,66.1,13.6,64.0,65.2,7.5,49.8,50.5
S09229,65.3,12.1,64.2,,7.02,80.1,69.42
S08264,95.7,9.7,84.1,70.3,7.56,52.0,78.36
S00969,72.1,10.4,62.3,57.7,6.58,45.6,51.51
S03875,70.9,2.6,49.3,52.1,4.53,47.0,47.69
S08760,88.7,28.5,80.8,100.0,9.11,76.8,84.04
S06793,56.1,2.4,,48.7,5.57,37.2,20.05
S03929,98.9,25.8,86.0,82.2,8.11,70.6,100.0
S05005,69.4,13.0,71.5,67.4,8.45,47.1,79.28
S03566,74.8,14.0,60.8,62.9,7.25,59.1,65.15
S03866,65.3,9.1,83.5,62.8,,60.6,67.58
S09179,80.8,13.1,70.4,76.0,8.18,46.1,74.59
S06021,93.0,34.6,92.2,100.0,9.96,80.1,100.0
S09814,94.9,28.3,81.3,90.8,8.14,59.7,83.44
S09015,84.3,21.7,84.0,75.3,8.36,70.7,92.98
S03453,93.9,16.4,76.6,,6.98,60.8,76.74
S03525,66.8,10.7,49.5,47.3,6.68,51.6,47.19
S03078,50.6,4.0,55.6,35.7,5.38,50.2,42.33
S02061,56.4,4.0,52.5,42.6,5.49,35.4,50.47
S00781,76.7,13.1,71.2,67.4,7.58,66.0,66.74
S09761,85.6,18.3,84.6,82.1,8.55,67.7,80.21
S00311,59.0,10.0,69.0,56.2,6.42,48.1,63.24
S07456,74.4,6.4,42.7,50.0,5.88,39.8,41.15
S05504,68.7,4.7,39.2,59.0,8.42,42.7,66.12
S02887,92.2,25.1,82.8,86.1,6.89,90.3,77.1
S06735,68.1,20.0,64.7,58.5,6.52,54.5,58.58
S08309,77.2,7.9,71.0,66.6,8.48,71.8,70.24
S04604,74.4,8.7,70.3,58.8,7.16,54.5,60.19
S06453,68.0,31.5,,64.7,8.01,,82.94
S08405,53.4,15.4,72.0,54.8,7.12,66.6,63.47
S00759,71.2,20.8,57.4,42.2,6.28,45.9,76.53
S03757,,23.6,61.3,69.8,6.57,55.2,60.86
S02505,79.4,,74.8,67.7,8.92,51.6,74.44
S06941,57.2,7.4,52.3,41.0,4.49,22.1,40.31
S09774,48.5,3.6,53.5,43.1,4.05,39.3,28.88
S09690,82.2,29.7,79.3,75.1,8.06,73.2,78.34
S05815,55.2,3.2,61.7,,9.54,56.7,61.92
S09455,59.5,15.4,67.4,61.4,7.75,65.6,61.27
S07753,98.4,24.5,95.2,88.8,8.44,50.9,100.0
S09202,89.3,22.2,73.0,69.8,6.9,43.5,80.43
S05043,80.6,20.0,,81.4,8.4,66.0,82.48
S06282,52.9,5.1,39.8,58.5,6.4,41.3,44.27
S07823,63.1,8.6,69.9,53.3,6.01,48.6,40.9
S00770,46.5,9.6,60.1,47.1,5.82,54.3,41.76
S08299,80.9,11.1,72.9,66.3,7.45,72.9,78.75
S03723,65.8,2.0,34.9,,5.37,51.5,20.58
S06119,74.0,15.8,67.7,71.1,9.17,65.6,75.14
S09983,100.0,31.6,95.3,90.6,9.49,69.7,100.0
S05560,67.6,22.6,82.1,84.3,6.93,69.8,73.8
S08087,92.3,23.7,84.3,88.6,7.36,65.5,89.29
S02934,64.1,9.8,78.4,68.0,7.27,57.2,62.26
S01065,65.8,13.0,63.9,67.7,5.88,66.8,57.77
S05805,75.6,6.4,,62.5,7.4,53.7,65.35
S04436,64.3,12.6,67.7,67.2,8.1,62.4,78.78
S05096,71.1,17.7,81.4,54.0,7.6,44.0,80.36
S08965,62.7,18.8,65.3,54.3,7.67,54.2,64.0
S09504,90.2,19.0,71.2,69.4,7.6,57.6,84.33
S03858,85.6,18.5,79.5,79.1,4.1,57.9,73.48
S08312,74.1,25.4,,56.7,,,66.39
S06024,89.9,19.8,79.9,73.5,6.55,41.6,82.32
S06973,75.6,26.7,83.6,81.9,8.57,78.9,83.35
S03754,69.9,9.2,36.9,32.3,,30.8,29.37
S05820,65.7,12.2,64.8,65.6,6.06,42.9,62.29
S06796,83.3,13.3,63.5,48.2,6.01,40.9,68.87
S03313,88.9,24.9,75.2,82.8,9.81,84.1,93.73
S03466,66.4,12.5,60.1,42.5,7.97,39.0,74.03
S05536,81.1,15.6,,63.1,7.0,57.5,68.26
S05189,75.7,15.4,65.5,65.8,7.36,61.1,51.27
S06085,85.45,23.2,,92.3,8.59,,95.12
S02510,87.9,23.5,88.0,86.4,7.0,62.0,85.63
S01923,69.1,19.5,61.0,49.5,6.1,67.4,49.37
S04333,90.1,26.5,75.1,81.8,6.43,79.6,89.87
S04465,67.4,5.7,60.2,49.6,7.5,57.5,64.46
S09163,75.7,23.8,76.5,62.7,8.67,55.6,77.8
S04730,96.5,20.1,92.3,89.6,9.36,85.6,91.0
S07889,90.9,18.6,73.6,76.7,6.68,66.2,79.7
S00206,83.4,22.7,,98.3,8.07,,100.0
S07622,100.0,33.2,91.2,89.8,8.94,86.8,94.0
S00105,67.1,14.4,64.2,55.5,6.89,77.5,57.53
S05067,86.0,22.7,75.9,67.1,6.75,52.6,77.69
S04853,84.9,16.3,62.7,80.8,7.63,58.3,77.64
S05573,56.7,6.7,53.0,53.2,4.12,26.0,32.42
S05357,61.5,5.7,63.0,66.1,6.49,44.6,68.19
S07649,92.5,8.4,63.6,71.9,7.62,62.9,71.01
S00907,80.0,19.8,79.3,76.3,8.03,68.4,76.34
S00908,57.4,8.1,55.8,50.0,7.69,65.0,51.21
S04149,85.1,22.4,90.1,91.5,8.75,65.9,94.58
S00489,79.4,27.5,87.1,82.4,,71.8,97.41
S06400,77.4,14.8,74.9,51.9,6.82,57.2,62.52
S05244,54.3,2.0,55.9,36.7,6.09,27.7,38.86
S04979,55.6,4.5,41.9,,7.29,42.3,41.65
S06580,79.2,15.3,64.4,67.2,7.2,54.7,66.74
S03016,87.1,18.6,82.7,79.3,6.76,64.6,82.34
S04798,61.8,21.6,64.7,64.0,7.72,56.2,59.64
S04091,79.6,14.7,69.1,77.1,5.82,46.6,64.76
S05589,74.5,16.7,78.7,67.7,7.44,69.0,73.67
S03772,88.0,21.8,82.3,75.0,6.03,,74.86
S02359,100.0,33.8,98.95,99.5,9.93,74.6,91.01
S00575,90.0,12.4,73.8,69.1,8.53,70.1,79.7
S06008,87.7,25.3,82.5,83.5,8.45,98.4,68.88
S03063,90.4,28.7,82.1,84.8,10.0,77.3,99.99
S06807,83.0,24.1,81.2,68.8,7.87,,86.52
S07521,67.6,10.5,64.8,53.5,6.19,,53.57
S09340,62.5,11.8,66.4,51.8,6.36,53.6,57.23
S04291,81.6,17.4,79.1,75.9,6.46,42.8,72.0
S02659,81.1,23.7,84.6,65.9,7.13,54.8,73.89
S04990,51.1,10.2,53.3,30.7,4.0,34.5,30.68
S07918,68.9,12.0,73.7,64.2,9.0,74.7,91.29
S06090,69.2,19.8,74.2,64.5,6.37,54.9,59.71
S07773,73.0,16.1,50.7,57.4,7.22,72.2,62.85
S06308,79.8,13.8,92.7,65.1,9.08,74.1,89.12
S03069,94.4,33.6,85.7,100.0,10.0,68.9,98.58
S00226,72.5,9.9,59.9,57.7,8.35,58.0,56.69
S04350,61.2,2.0,73.0,68.3,6.77,58.7,56.66
S04899,82.3,18.3,84.6,62.2,7.55,63.6,73.0
S05907,66.3,24.5,70.8,72.6,8.68,72.2,83.41
S08254,66.8,14.7,57.8,57.3,5.92,38.7,52.19
S05544,89.5,24.8,99.8,,9.85,84.8,100.0
S02431,95.7,20.7,65.5,83.6,8.11,79.6,84.91
S05869,85.1,27.1,80.4,85.9,8.44,100.0,87.17
S00132,40.0,2.0,30.0,30.0,4.15,15.6,12.29
S05432,75.2,17.0,84.0,75.3,6.01,47.2,65.68
S03464,70.6,3.8,54.7,48.5,6.47,39.4,36.71
S07307,66.5,7.4,49.7,49.6,8.63,78.9,56.91
S04589,97.9,18.3,66.6,75.9,8.41,68.1,81.9
S03925,80.4,17.5,,85.7,10.0,56.2,82.94
S09861,79.1,18.6,65.2,61.1,7.99,62.3,80.84
S05546,90.6,23.3,85.0,87.7,8.23,73.4,92.47
S05223,83.0,17.8,66.1,66.0,7.76,61.3,68.9
S04809,51.6,2.0,50.3,47.8,4.69,28.4,41.73
S09160,83.1,22.0,85.9,92.3,6.22,90.3,79.22
S07264,84.7,26.6,85.2,70.6,8.21,71.7,69.66
S03777,80.2,22.1,87.9,73.3,5.98,67.9,67.49
S03589,99.1,14.7,76.3,,8.88,83.2,88.24
S04642,69.0,16.9,50.3,44.5,4.0,29.9,39.09
S09507,80.7,19.4,77.4,72.9,7.04,54.5,72.06
S01349,77.6,12.8,57.3,66.3,6.43,54.6,60.06
S04806,59.0,2.0,51.7,40.7,6.68,61.1,47.33
S00947,80.9,17.7,72.8,69.9,6.14,51.6,71.64
S01010,74.9,13.9,51.0,56.7,5.37,38.0,64.32
S08058,78.1,15.2,83.6,65.4,8.68,57.7,82.05
S07288,80.0,17.5,81.0,67.8,7.83,74.5,76.35
S02576,77.3,9.0,67.0,64.5,8.0,62.0,62.75
S07137,53.8,15.6,53.4,54.9,5.58,35.0,50.19
S02975,81.6,27.3,87.8,79.4,8.23,75.4,86.02
S01585,65.0,4.2,49.9,49.6,5.52,36.1,37.84
S02115,72.6,8.1,56.5,58.5,5.76,38.8,49.65
S09406,60.5,6.1,43.6,40.9,4.91,41.2,30.77
S05586,84.3,21.3,81.4,73.1,9.02,61.8,88.4
S07938,70.9,24.7,63.3,58.7,8.04,50.6,93.12
S04553,84.2,15.7,58.2,68.9,7.08,61.3,58.83
S02287,65.3,11.6,48.3,69.3,6.4,51.7,53.58
S09054,85.4,19.2,80.1,53.9,8.88,44.6,68.97
S02068,85.3,6.7,44.6,47.0,5.99,54.9,49.25
S02255,72.6,19.2,74.9,91.7,8.8,63.2,100.0
S04856,82.6,22.6,69.0,73.9,6.86,77.7,82.21
S08916,66.1,4.6,51.0,44.3,5.47,45.1,44.22
S07001,84.6,18.5,77.0,70.4,8.19,80.9,79.98
S06216,79.3,30.8,82.8,77.6,8.45,46.4,78.47
S03761,83.1,27.3,79.6,90.6,9.11,81.2,86.03
S04895,82.2,22.9,70.3,68.1,8.3,64.9,75.7
S01340,74.3,20.2,57.0,,6.49,35.7,49.64
S03512,51.1,5.6,37.3,30.0,5.33,62.5,30.99
S07272,72.6,6.2,74.4,54.4,8.22,56.0,58.85
S02806,72.2,16.2,57.4,57.9,7.02,62.2,67.47
S02081,49.2,8.3,64.0,49.5,7.08,35.9,44.98
S08163,76.2,7.7,63.6,59.7,7.72,52.5,59.67
S07134,66.9,2.0,58.0,62.9,6.3,59.0,43.21
S07638,66.8,10.7,58.4,60.1,6.42,38.4,62.01
S09756,77.4,19.8,68.1,55.7,6.84,49.1,72.66
S05424,89.6,15.4,85.5,79.0,8.95,65.6,86.72
S04242,92.1,24.7,83.5,71.1,6.52,73.1,87.31
S07233,52.5,14.5,57.7,57.8,6.99,42.8,62.73
S07019,70.5,11.5,56.1,55.5,5.96,46.1,45.31
S09628,71.6,13.7,86.6,59.8,8.41,63.3,70.16
S06852,67.2,8.2,66.0,38.7,5.51,53.4,52.35
S09424,82.3,17.4,94.0,71.0,6.2,59.9,71.5
S03963,74.3,9.3,78.9,70.9,8.72,76.0,81.23
S06815,90.6,23.4,,86.9,9.1,,89.08
S08313,80.0,26.8,87.2,84.4,9.39,32.0,90.95
S04655,93.8,24.3,81.8,77.4,9.06,70.3,82.28
S06518,54.8,2.6,42.5,32.3,4.0,33.2,27.48
S08731,69.0,10.8,71.1,65.6,8.21,60.2,63.14
S08063,60.1,2.0,43.4,34.8,5.31,31.6,41.93
S04613,49.5,11.8,58.0,55.8,5.7,43.7,40.55
S00943,74.8,13.0,75.8,60.7,8.89,54.7,81.77
S02251,60.9,11.6,58.6,62.6,7.84,52.1,54.81
S09434,68.4,7.2,67.4,42.1,5.29,40.1,40.37
S03856,64.6,,62.7,50.7,,48.0,48.62
S02724,41.5,4.2,46.2,36.6,4.48,56.3,27.19
S07298,55.9,10.3,65.5,60.5,6.73,51.9,46.23
S09836,83.6,20.0,79.3,73.8,5.84,47.1,73.22
S04192,84.0,8.6,48.2,45.1,5.91,51.1,57.35
S01681,78.4,5.0,75.8,65.6,7.27,64.6,68.49
S01406,53.9,2.0,62.7,56.6,4.19,54.7,58.36
S07651,65.0,12.8,68.7,42.0,4.86,72.4,52.46
S06956,75.1,,57.0,62.5,8.11,49.2,55.12
S07313,64.7,14.0,73.4,58.1,7.76,55.0,69.64
S02638,75.1,14.0,76.1,57.2,8.59,61.5,75.19
S06455,51.5,4.9,41.8,45.1,4.35,49.4,32.88
S09889,,15.3,76.8,66.6,7.66,61.2,71.67
S09196,80.4,21.6,78.0,74.1,5.66,32.2,71.69
S02484,63.5,8.8,65.7,57.6,6.07,46.6,49.04
S07212,63.5,6.2,61.0,50.6,6.64,58.1,64.2
S04010,,11.3,51.9,47.7,4.3,66.2,46.38
S04827,67.5,12.6,62.7,53.4,6.91,47.9,54.9
S04048,81.7,23.1,85.5,80.3,8.47,79.3,81.69
S04588,70.1,17.3,65.9,62.8,6.02,66.5,64.37
S00290,82.5,23.6,,80.2,6.13,84.5,82.08
S04507,72.0,11.7,65.2,53.8,8.76,78.2,74.09
S00694,74.5,20.3,71.7,59.8,5.97,54.9,78.1
S08779,75.7,10.5,72.1,55.3,6.78,53.6,48.51
S00626,76.4,19.2,72.0,60.6,8.31,67.8,68.4
S08500,79.7,16.0,76.2,82.3,7.43,58.1,73.42
S00352,67.0,12.5,45.8,57.3,5.61,62.2,52.56
S08897,59.4,14.5,38.3,37.3,6.81,56.1,56.65
S06009,51.0,2.0,50.6,30.0,4.86,39.5,17.85
S06704,69.4,13.2,62.9,64.8,7.57,83.4,53.43
S01412,66.4,17.0,,65.5,7.91,53.9,74.4
S05562,96.6,19.8,88.8,69.1,7.06,,74.25
S03301,58.2,9.3,68.3,60.0,4.73,48.2,47.08
S08778,95.0,26.2,88.6,42.0,7.89,67.3,83.46
S08945,59.6,8.8,70.5,54.2,5.06,42.4,50.9
S08904,61.6,18.1,78.9,67.8,7.82,80.4,80.31
S06777,54.9,13.3,41.8,,4.94,47.9,40.85
S09873,64.7,11.8,63.4,55.7,5.93,68.7,67.39
S01655,72.7,21.0,79.0,71.0,6.13,51.0,73.97
S01629,70.9,12.9,71.9,55.2,8.04,60.2,67.68
S01897,79.2,26.9,88.1,93.9,9.53,73.7,95.51
S04457,58.7,5.8,65.5,41.7,6.01,26.6,50.1
S03793,73.5,13.0,62.0,47.9,6.37,42.2,49.77
S00144,76.8,19.1,54.5,66.5,7.3,62.8,54.43
S08739,77.8,14.2,51.2,52.2,5.63,,58.56
S02948,84.6,29.5,100.0,100.0,9.32,85.6,100.0
S02240,85.9,25.7,80.1,69.1,6.17,41.2,63.56
S09687,78.0,13.6,77.5,62.1,8.09,40.5,74.91
S00592,,18.0,54.8,34.6,6.01,49.2,48.26
S08347,69.9,,,89.2,8.69,75.3,86.06
S06843,100.0,22.4,85.5,83.9,8.24,66.5,78.76
S09935,87.0,7.9,76.1,46.7,7.61,60.7,72.02
S05120,89.4,14.0,75.2,73.2,5.86,64.0,78.36
S01884,91.7,32.0,88.9,77.8,9.1,75.3,93.5
S02177,70.3,5.5,67.0,55.8,8.18,70.6,52.03
S04836,79.4,26.3,69.4,75.5,8.63,73.0,94.93
S09199,58.7,7.3,44.5,45.0,5.16,38.1,32.92
S06861,84.1,22.2,77.7,74.8,6.31,50.6,79.09
S08123,83.0,15.2,80.0,60.7,7.98,71.3,72.58
S07993,76.4,6.7,75.7,47.3,4.55,28.8,46.84
S05452,94.2,27.8,75.8,94.6,8.0,73.0,100.0
S07363,61.0,10.7,58.2,39.1,5.18,50.1,44.14
S01705,71.8,11.7,63.6,81.0,7.19,62.0,62.03
S05051,76.4,29.2,76.9,77.5,9.68,61.9,83.59
S07925,84.9,37.2,87.0,89.3,10.0,84.0,93.16
S03354,96.7,34.0,87.2,76.8,8.77,70.1,77.57
S02112,80.4,11.6,77.8,65.1,7.16,,81.74
S06873,57.6,9.8,62.3,49.0,5.67,36.8,38.12
S05909,68.7,15.2,64.6,74.0,7.55,46.9,62.98
S01436,67.1,5.8,80.9,63.9,7.84,74.0,66.96
S01594,93.4,25.2,93.1,79.4,8.94,67.6,82.43
S07439,52.8,2.0,53.3,31.8,4.66,21.6,38.66
S06044,,2.0,58.9,46.7,5.15,35.3,42.54
S02468,67.3,5.2,54.9,38.7,6.01,43.7,56.03
S08756,73.5,20.0,74.7,72.8,7.51,55.1,83.18
S03980,78.0,11.1,77.4,67.5,6.41,16.3,55.11
S07835,86.0,,84.1,81.4,8.88,71.8,98.17
S01083,55.6,17.0,49.0,63.0,8.11,48.2,68.66
S09242,56.2,5.1,62.7,39.0,,37.1,41.55
S01581,63.6,2.2,35.6,49.2,4.74,30.3,30.98
S06037,71.8,14.7,67.1,65.9,,59.4,71.73
S03823,52.3,21.4,68.1,48.6,5.14,46.8,50.79
S00203,91.4,32.4,100.0,83.5,7.79,90.6,86.26
S04521,70.7,13.6,59.1,63.4,7.38,56.7,73.62
S05404,74.7,,85.9,81.4,7.2,78.1,88.15
S05986,75.4,11.2,77.5,56.0,8.37,69.6,76.14
S07235,63.6,8.5,50.8,51.6,4.58,38.4,24.18
S04000,66.1,9.8,69.0,67.8,7.06,51.1,63.56
S02992,57.7,2.0,49.1,62.6,4.26,50.0,33.78
S04205,85.4,8.4,78.2,68.1,5.74,81.0,61.18
S01847,71.3,8.0,70.3,59.8,5.74,50.4,58.18
S08751,100.0,30.1,83.7,90.9,,76.9,100.0
S02477,79.7,20.5,78.1,72.2,5.89,44.3,79.64
S08230,69.4,8.0,57.2,59.2,7.11,48.9,49.53
S08618,70.9,17.6,73.9,73.4,8.69,53.8,76.62
S04013,,23.5,76.2,74.3,7.84,74.3,76.19
S02214,72.6,5.2,47.9,51.3,5.09,42.9,44.53
S02644,81.6,23.1,81.4,77.3,9.57,80.6,86.11
S08068,76.1,18.5,68.9,68.6,7.58,57.0,73.51
S03278,91.1,26.6,88.3,86.1,,66.2,90.01
S08301,81.1,17.7,97.1,86.4,8.42,55.3,96.09
S00498,93.3,21.2,,65.5,9.07,56.1,82.26
S03812,47.2,3.4,31.4,38.0,4.79,40.3,21.79
S09639,63.5,2.0,56.3,56.7,5.36,40.8,52.75
S02307,78.4,21.4,72.0,58.9,6.82,51.2,73.8
S09270,77.4,7.9,53.4,56.8,6.17,50.0,51.84
S01604,42.2,8.2,63.7,30.3,6.88,48.5,48.4
S03000,80.2,16.9,76.9,73.1,7.31,72.2,80.69
S05146,72.9,19.4,84.1,73.6,7.82,66.9,85.19
S02159,80.0,21.8,73.4,56.0,7.41,66.5,84.49
S01605,81.8,17.9,78.3,72.6,7.56,64.2,75.79
S03023,63.9,13.5,,51.1,6.93,46.1,72.67
S08438,56.6,2.1,86.9,51.4,9.01,55.9,62.79
S00734,65.5,10.7,61.8,53.1,8.0,62.1,61.36
S08956,65.2,11.2,53.9,38.6,6.22,40.0,39.06
S00281,73.5,20.2,78.3,72.0,6.6,37.2,69.61
S00254,98.5,22.7,99.1,77.5,9.61,52.5,96.8
S08742,90.7,30.1,100.0,97.8,9.95,78.4,100.0
S01250,91.1,22.9,84.2,72.6,7.03,67.3,93.15
S05558,78.7,14.8,93.6,72.5,7.43,77.9,82.34
S02897,57.4,4.9,41.2,30.0,4.27,46.3,40.16
S01223,96.9,25.5,70.1,69.5,8.95,70.2,88.69
S01642,77.5,10.4,75.8,57.9,7.01,,72.16
S08491,91.9,22.7,83.2,85.9,8.97,48.5,98.48
S08586,88.1,17.2,82.8,72.7,7.51,72.9,85.56
S09945,71.3,7.0,74.4,59.5,8.44,44.7,66.6
S08708,91.3,31.1,79.5,93.0,9.07,84.1,98.27
S04483,81.0,22.4,78.9,69.9,9.1,68.4,78.9
S00829,81.6,18.3,71.3,56.7,6.66,,70.04
S00182,68.4,16.8,,52.1,5.58,58.8,61.37
S05570,69.1,20.6,63.4,65.7,7.89,59.4,70.34
S00265,91.4,28.4,76.6,89.0,8.47,70.3,81.19
S04582,77.2,30.5,56.7,65.0,8.27,73.2,73.97
S07261,79.1,17.1,68.5,56.3,6.94,51.5,61.97
S08861,95.2,30.7,86.5,91.8,9.14,74.3,97.06
S01771,59.8,2.0,51.7,31.4,4.0,32.9,32.94
S01003,70.4,8.0,77.5,60.4,7.95,66.4,70.31
S04749,76.4,26.9,69.2,76.4,8.1,,91.31
S09691,80.1,15.1,71.3,62.5,7.05,64.5,76.15
S01319,77.8,12.4,71.9,48.1,6.81,68.6,65.88
S01548,85.5,6.3,57.0,60.2,7.29,50.4,57.16
S07130,77.8,11.4,53.4,57.5,5.37,47.6,54.75
S04669,65.7,10.2,43.5,53.1,5.34,57.2,52.7
S02714,78.4,14.7,66.3,71.1,7.17,65.3,72.03
S00278,69.0,29.7,89.2,81.4,9.56,43.2,95.23
S09390,68.7,19.4,84.8,67.7,8.02,59.9,76.83
S02599,52.3,6.3,44.0,30.0,4.0,38.3,24.38
S05783,85.3,5.4,85.9,90.7,9.95,76.7,81.48
S05628,62.0,6.8,63.4,65.1,6.98,45.4,60.07
S03654,87.8,17.1,79.5,81.6,6.39,48.3,71.81
S07372,82.1,17.1,84.6,,8.85,70.5,80.14
S06741,77.2,17.0,77.8,66.0,6.22,61.0,67.97
S01889,67.9,17.4,81.8,78.9,6.6,71.3,73.67
S08570,76.4,22.5,74.9,76.3,6.0,50.2,63.83
S09843,91.5,31.5,83.6,92.6,9.07,96.7,100.0
S00635,95.0,22.9,89.5,76.8,8.96,86.8,79.23
S07427,69.6,16.7,77.4,,7.8,63.0,69.27
S05673,76.8,16.8,87.8,74.5,7.98,79.3,90.85
S05981,74.1,12.2,69.2,66.0,6.62,61.8,70.23
S05718,46.7,7.3,46.5,30.2,4.48,47.9,24.73
S04755,64.1,,53.8,40.5,5.21,66.1,45.76
S00080,78.0,14.8,80.5,59.2,8.37,83.9,66.88
S09621,41.8,3.8,43.6,35.8,4.54,,35.93
S03911,84.5,22.9,79.1,76.6,6.5,45.5,80.25
S09222,52.6,2.0,44.4,32.1,4.57,26.9,38.26
S09859,65.5,10.6,69.5,62.3,6.51,34.0,58.49
S09108,56.8,18.1,72.9,59.2,7.38,42.9,65.04
S03489,57.4,21.0,49.1,,6.08,52.7,53.24
S03009,84.0,10.0,59.5,74.5,7.09,62.9,64.94
S07206,57.1,13.6,42.3,44.4,5.92,58.0,44.94
S04592,79.8,7.8,71.6,52.4,5.85,66.7,69.85
S05265,60.5,19.0,,49.3,4.81,29.5,44.29
S01180,83.4,2.7,70.3,64.0,7.55,59.3,85.31
S06234,87.9,26.0,79.1,70.0,6.29,43.5,84.51
S01553,96.8,23.7,,77.8,7.62,63.3,82.52
S03207,56.0,2.0,49.1,43.4,5.79,8.8,40.58
S07285,,10.9,78.8,68.5,8.83,78.4,75.83
S08515,82.6,2.6,44.7,58.3,6.4,50.9,48.55
S00784,73.4,18.3,73.2,64.2,7.0,59.8,69.08
S04424,76.1,28.6,76.7,78.6,6.95,46.0,93.44
S00767,76.4,20.3,61.1,71.5,6.39,58.5,78.07
S06060,74.5,35.5,90.7,87.3,9.61,77.2,95.54
S00046,68.2,24.0,65.2,67.9,6.54,66.3,67.86
S00940,76.9,17.9,82.0,78.8,7.61,61.9,88.29
S07583,59.3,9.8,60.1,53.6,5.82,81.0,48.65
S05148,89.9,17.3,87.5,74.5,7.58,79.6,70.79
S01545,71.4,16.8,71.5,66.6,6.62,61.1,64.55
S07450,76.7,9.6,73.3,64.7,8.4,65.1,76.09
S00789,86.5,21.1,80.5,70.6,7.43,50.1,59.35
S06596,67.0,14.2,66.0,63.8,8.37,48.5,75.35
S01991,87.4,10.5,54.8,58.5,7.87,51.3,72.75
S02912,71.0,10.4,73.6,57.7,7.89,53.0,67.7
S05340,92.4,34.6,,55.7,7.51,65.5,64.41
S03130,65.7,21.2,80.8,75.1,7.98,70.1,78.57
S07126,89.3,32.6,80.55,87.2,10.0,92.5,91.44
S04218,74.8,12.3,65.9,39.7,6.9,60.4,53.95
S02933,59.7,10.3,67.9,44.9,4.79,52.2,49.27
S02660,79.5,29.7,90.3,65.2,9.21,40.6,81.55
S05352,67.3,7.5,60.6,42.3,6.93,55.6,63.23
S09521,91.8,8.0,78.2,77.6,8.0,73.9,73.07
S07018,62.1,12.2,60.2,54.4,6.25,43.1,48.35
S07803,82.3,,73.2,70.1,8.05,93.2,80.32
S06967,88.2,29.0,83.1,78.1,9.84,80.8,97.77
S04948,85.5,14.9,83.5,70.4,6.03,59.2,63.75
S01247,89.6,,71.7,59.5,6.81,64.0,72.66
S02947,79.0,17.7,61.4,,7.45,34.8,71.97
S01322,93.4,27.4,81.1,83.4,8.72,,99.48
S07767,96.9,,,72.0,9.5,81.6,81.98
S02693,77.2,17.7,79.7,70.7,7.26,91.1,75.48
S00773,68.8,25.8,80.2,81.3,7.97,72.1,83.8
S08819,44.3,13.9,45.5,51.3,5.86,55.2,48.71
S05993,,31.9,97.4,78.0,9.46,77.6,94.91
S02596,77.0,21.8,83.9,81.5,7.36,69.6,83.62
S05611,,27.1,81.3,66.3,6.76,75.9,77.2
S01156,65.4,19.2,59.4,56.3,6.39,27.0,71.0
S06713,73.1,15.0,68.1,75.3,6.74,54.4,77.28
S00148,92.0,2.0,82.5,80.3,4.34,47.7,62.56
S08710,84.4,22.8,84.2,72.2,7.69,76.3,83.25
S05752,59.7,8.2,55.5,58.7,8.03,88.6,49.51
S04519,86.8,23.7,76.9,77.3,9.3,85.0,83.29
S03344,97.1,23.5,79.8,83.2,9.29,78.2,82.35
S00135,83.5,17.0,79.1,73.2,6.17,43.6,70.14
S05230,67.2,10.0,73.1,55.1,6.76,45.2,62.2
S04412,53.1,13.8,52.2,51.0,5.76,,36.33
S08630,71.0,9.5,71.6,67.0,8.18,58.3,86.52
S09440,87.1,20.6,,70.9,9.06,82.3,70.11
S02425,72.3,10.5,47.3,47.0,6.83,47.5,48.71
S00143,62.4,2.0,60.3,46.1,4.17,23.4,57.6
S00664,97.4,25.4,86.6,98.9,,60.0,91.24
S07546,88.2,35.0,92.9,88.0,9.09,84.6,89.77
S07164,95.2,2.8,86.5,80.4,7.82,75.6,80.58
S07066,91.2,,96.2,100.0,9.19,85.6,85.48
S04207,99.7,,91.0,92.3,9.49,69.1,89.68
S02982,79.5,14.5,76.7,66.6,,63.9,79.2
S04678,59.3,12.8,47.6,42.3,,35.3,48.3
S00706,86.8,24.1,82.2,77.5,6.9,53.9,76.73
S04033,73.5,19.1,67.2,59.1,6.76,40.0,65.72
S01231,90.9,,81.9,70.5,7.85,69.2,89.4
S06713,73.1,15.0,68.1,75.3,6.74,54.4,77.28
S05349,69.2,8.6,42.0,50.9,7.73,63.7,73.55
S05134,60.1,12.5,60.2,44.0,5.71,47.2,40.55
S04575,67.9,17.5,54.4,47.5,5.78,44.9,74.14
S02936,84.8,21.3,74.4,67.9,6.74,78.9,68.88
S05176,94.3,8.2,67.9,58.5,7.18,70.2,68.2
S02452,70.0,26.3,,99.5,9.04,78.4,95.19
S00225,66.4,7.4,56.0,47.0,6.86,54.7,49.12
S06185,94.9,22.3,83.3,81.0,7.54,51.9,98.89
S03688,93.9,24.4,81.4,80.1,9.4,81.2,84.86
S01500,100.0,25.3,,71.7,9.35,77.4,93.51
S05637,88.0,24.5,71.7,78.4,8.69,72.2,87.57
S00213,66.0,15.2,42.3,49.3,,41.4,45.33
S09370,86.4,18.5,80.7,62.3,,61.9,88.73
S00851,81.3,19.4,85.1,56.0,7.13,51.5,62.35
S04841,80.1,12.0,78.7,77.1,7.95,69.5,76.67
S01661,81.9,17.7,72.6,82.4,8.8,73.7,99.44
S08061,75.0,23.3,66.8,68.2,,52.8,60.47
S03983,71.5,19.9,83.2,51.1,6.48,56.4,61.26
S02532,,15.5,78.9,64.6,8.45,83.1,82.51
S07265,90.3,25.3,98.2,100.0,10.0,88.6,100.0
S03748,94.9,17.6,,82.8,7.04,71.9,78.16
S00563,88.8,14.8,87.9,55.5,8.38,62.0,92.21
S05396,94.4,20.3,91.7,87.0,7.98,79.4,85.34
S01048,72.6,,81.7,84.0,,88.7,76.85
S09314,67.1,6.2,35.3,43.9,,45.7,48.45
S04223,66.8,14.8,53.2,46.7,6.36,56.8,50.6
S02842,78.2,14.6,69.7,74.8,8.0,68.4,78.27
S08505,57.7,2.0,56.2,53.6,4.32,36.3,30.16
S09778,67.4,9.6,70.7,46.6,6.62,54.6,51.62
S09415,,15.2,83.0,63.8,8.64,74.8,84.91
S01819,74.8,23.5,56.9,58.2,7.85,58.9,79.04
S04887,86.0,18.9,71.8,,9.47,71.4,86.13
S06810,75.8,17.1,66.8,,6.94,57.6,71.54
S01100,82.1,13.8,79.9,64.7,7.85,,81.52
S01273,82.7,20.2,67.9,89.4,9.25,62.8,97.81
S08622,71.0,7.1,45.8,40.6,6.6,43.3,48.64
S05758,55.7,9.7,43.3,50.9,5.58,48.2,47.11
S06659,85.0,14.7,75.4,75.3,5.71,30.2,65.28
S01405,82.1,15.2,82.2,69.9,,47.9,75.44
S02125,79.8,21.3,90.2,60.6,9.2,80.3,97.78
S02258,58.4,2.0,47.3,34.1,6.12,50.7,50.38
S01557,75.2,10.3,,56.0,7.68,71.1,64.74
S06380,71.2,17.7,71.6,,6.69,61.3,72.65
S09583,61.9,25.9,65.6,72.4,6.17,54.5,60.41
S07308,83.0,,69.8,62.3,7.66,53.7,73.17
S09371,70.4,12.8,69.8,45.1,5.97,,59.25
S09866,64.2,9.5,50.1,39.6,5.0,56.1,37.44
S03307,81.3,20.9,81.9,,6.28,53.5,89.2
S03299,75.8,15.4,75.0,64.3,,34.9,69.81
S02225,53.7,2.7,49.9,38.9,5.92,33.2,43.18
S01621,59.5,2.0,40.6,30.0,4.45,26.4,30.67
S03721,76.6,15.1,67.5,55.2,9.61,75.0,76.98
S05790,81.2,24.2,64.5,69.6,8.52,39.2,86.91
S04711,81.9,24.4,79.2,79.1,6.54,79.3,76.81
S06466,81.6,21.1,85.9,68.7,6.17,56.1,58.41
S06819,70.3,11.3,76.0,57.1,8.03,,80.25
S02701,87.4,15.8,69.9,73.2,8.42,81.0,73.67
S02500,70.1,2.0,35.2,53.1,4.36,40.2,34.12
S02578,71.6,11.4,65.2,77.0,6.17,57.1,69.27
S09770,57.9,2.0,30.0,30.0,4.0,10.6,20.99
S05311,65.7,12.4,54.0,52.3,6.21,53.8,43.96
S04046,77.3,,84.3,82.1,8.84,58.3,92.95
S02486,52.6,13.3,55.9,46.2,5.16,33.7,49.02
S02707,50.4,9.8,39.0,33.4,4.0,32.5,11.74
S00955,85.8,33.2,84.4,85.5,9.5,41.8,94.68
S09245,,25.5,60.7,73.3,5.79,34.7,60.25
S05742,91.7,,78.1,74.8,9.49,68.1,100.0
S00889,75.4,17.6,50.8,59.0,5.69,,56.72
S04872,81.9,17.7,55.3,67.2,4.7,58.4,77.61
S04914,84.5,10.4,62.4,68.9,6.79,64.2,57.0
S00140,76.2,20.6,61.9,63.1,6.89,62.8,76.57
S00630,68.7,16.1,65.2,39.4,6.57,40.2,53.06
S08242,84.5,23.2,77.4,70.7,7.31,73.1,96.61
S06849,81.9,20.2,76.6,66.4,8.27,63.0,64.62
S01907,65.1,2.0,67.1,49.9,5.98,49.2,38.59
S03372,,20.9,80.9,72.7,6.63,47.6,71.01
S06959,75.9,13.7,84.3,59.4,8.53,38.4,64.42
S00470,66.6,3.9,55.3,34.7,6.12,31.4,47.8
S09084,86.8,16.9,79.3,61.1,8.2,39.3,70.95
S07031,73.1,19.7,79.5,88.0,9.22,78.5,82.85
S07451,83.3,22.9,87.2,79.2,8.71,51.5,78.75
S00653,78.8,25.2,69.3,75.8,8.33,78.9,86.26
S01203,49.5,7.4,31.1,41.4,4.0,52.4,22.67
S09657,81.6,22.4,75.3,79.7,6.65,63.1,76.93
S07348,71.8,10.3,77.3,71.4,8.26,60.4,62.52
S06693,59.5,4.2,58.0,47.7,5.77,42.9,40.79
S04169,96.1,10.2,77.6,62.9,7.71,55.7,77.99
S07316,68.1,12.5,49.3,45.3,4.65,56.4,49.82
S00188,72.4,18.7,65.9,59.6,6.09,55.3,60.87
S08935,83.5,29.0,92.1,71.0,7.48,63.8,95.28
S01914,57.7,11.7,56.8,72.0,6.77,67.9,72.27
S03449,63.0,22.6,68.4,59.4,7.97,70.7,66.52
S06151,69.6,9.3,72.7,52.9,4.84,64.4,59.09
S00794,79.5,11.0,42.3,62.9,6.94,52.2,69.39
S09127,75.4,2.0,60.1,31.5,5.07,36.9,42.34
S00911,57.7,11.2,77.6,65.9,6.63,47.3,54.54
S00055,59.5,2.4,82.5,40.5,9.02,57.5,50.25
S08946,88.5,25.6,88.8,93.6,9.64,74.9,100.0
S02783,94.5,20.9,100.0,87.8,7.41,74.1,88.5
S09580,64.9,8.2,,51.1,4.97,16.8,47.25
S07052,86.1,32.1,70.6,94.0,8.36,79.8,85.83
S01300,76.7,22.8,90.9,69.4,8.83,48.5,86.13
S03883,62.0,13.3,40.7,51.8,5.86,40.8,49.65
S08958,60.2,8.2,39.8,30.0,5.23,48.5,37.31
S00041,,16.8,61.5,58.2,6.78,63.2,71.35
S04088,61.4,8.2,62.6,58.3,5.9,52.7,57.27
S05156,69.7,15.8,72.6,69.8,7.41,63.2,67.95
S06978,73.1,11.0,62.0,48.7,7.09,41.9,72.35
S04699,78.7,13.8,95.8,69.8,8.79,79.3,81.25
S04886,68.9,25.1,93.1,68.8,,43.7,75.58
S04576,70.8,16.3,84.3,92.5,7.76,59.7,73.48
S07083,81.0,25.6,94.6,91.7,8.95,91.6,98.24
S00329,83.5,21.9,88.6,79.2,6.58,58.8,74.78
S07619,71.5,10.8,59.8,54.4,5.73,49.7,54.04
S08680,65.7,8.6,66.5,62.1,6.07,38.1,42.09
S04997,87.0,20.2,,80.5,8.46,60.4,80.34
S04198,72.5,9.5,63.1,59.0,6.72,53.9,76.98
S06125,,18.2,89.1,78.8,6.35,50.1,74.8
S07091,51.5,5.7,59.1,47.3,4.95,51.2,39.95
S03513,76.4,15.5,64.2,75.9,7.85,61.6,79.06
S03043,61.4,19.5,74.1,66.7,7.68,44.6,72.11
S09250,93.5,21.1,73.0,75.1,7.27,65.6,80.75
S09789,78.4,24.0,86.5,76.3,8.78,61.1,97.23
S02729,58.5,2.0,39.8,30.0,4.0,33.6,45.73
S07661,73.0,19.2,65.8,59.9,7.74,43.8,63.82
S09812,64.8,15.1,72.2,57.8,8.44,52.0,83.86
S04815,74.8,21.3,60.7,65.0,7.23,56.5,73.54
S06668,67.9,2.3,52.3,50.0,6.39,47.1,46.44
S04100,76.3,28.3,77.4,55.8,7.51,77.8,72.58
S05500,68.4,10.5,63.9,44.8,5.62,53.2,48.01
S02695,65.63,26.6,65.9,81.5,7.16,55.7,57.66
S07376,75.7,16.6,83.4,80.5,6.88,51.4,74.07
S05240,67.0,12.6,59.2,47.1,6.11,51.1,46.61
S07054,77.0,13.9,89.3,68.6,7.8,71.7,72.46
S06907,88.2,23.9,83.2,78.5,8.88,68.9,80.84
S04415,59.7,16.3,64.5,55.7,7.9,42.6,54.57
S00303,87.8,12.3,89.3,79.0,6.56,48.3,100.0
S02001,100.0,17.9,89.3,82.3,9.23,81.2,79.62
S02104,81.9,17.4,70.4,76.4,7.96,66.2,85.29
S09161,86.7,19.4,81.9,77.4,6.07,76.7,77.79
S08629,95.8,29.9,77.9,45.6,9.07,82.2,85.71
S07544,50.5,2.0,77.4,52.9,6.99,63.8,59.21
S00876,57.4,2.0,44.5,30.0,5.16,60.4,36.96
S09752,69.9,12.3,86.6,67.6,8.47,79.2,86.92
S02312,94.2,31.5,100.0,100.0,8.72,71.6,100.0
S00825,57.5,3.5,50.0,39.6,4.9,21.5,38.93
S07481,56.2,12.4,46.9,51.4,6.14,47.0,38.22
S09600,79.2,15.7,66.7,69.3,7.11,42.5,72.88
S09917,63.7,12.8,54.7,56.0,7.08,56.8,59.1
S02848,77.9,12.9,88.7,76.1,8.67,78.4,79.51
S08216,86.8,17.1,87.4,79.4,6.17,73.4,93.62
S06772,64.6,,60.1,46.7,6.74,75.7,62.17
S07392,46.9,2.0,53.6,37.5,5.38,37.6,49.72
S09767,89.1,31.4,76.1,80.3,9.4,71.0,92.0
S03758,84.7,12.2,76.6,77.1,8.02,51.9,74.09
S09815,85.6,20.2,88.7,85.1,7.92,63.6,98.53
S09766,70.3,15.8,56.0,51.4,6.5,56.6,63.56
S04955,71.5,16.0,90.7,69.4,7.97,69.2,68.62
S05208,64.6,5.7,65.0,58.6,7.94,61.9,69.63
S01446,,21.6,62.5,68.0,8.66,66.1,85.0
S02355,70.9,5.0,63.6,66.7,6.69,55.8,90.67
S06844,45.0,2.0,39.3,33.6,4.3,48.2,29.34
S03872,91.1,21.5,86.8,75.5,6.69,65.2,66.95
S04656,70.4,11.3,69.5,47.1,6.91,21.6,63.07
S06383,100.0,28.3,100.0,93.2,8.89,67.6,100.0
S03292,47.9,10.5,60.2,37.8,5.41,,41.53
S01074,57.6,17.4,61.2,68.7,,55.2,65.06
S01062,62.1,9.2,52.7,65.6,6.93,,60.1
S01784,73.1,8.1,77.5,62.5,8.11,57.0,67.14
S07540,66.4,6.5,59.7,51.6,5.55,53.0,51.28
S06853,76.2,17.5,73.7,69.1,6.35,54.7,59.75
S08879,94.2,18.5,86.4,80.5,6.89,53.8,68.37
S02858,94.3,22.3,84.6,76.2,6.09,52.9,73.92
S02694,90.8,25.0,75.8,78.4,8.17,75.6,94.67
S01192,77.0,12.9,71.7,87.1,9.06,86.5,97.68
S09330,78.3,11.8,74.3,56.6,7.87,41.4,63.57
S06690,70.9,9.2,72.6,67.2,7.08,49.0,77.34
S05721,72.7,11.8,69.9,66.5,8.02,64.1,68.71
S04434,67.0,8.7,55.1,40.2,5.58,48.3,41.43
S05512,92.5,25.8,76.1,84.0,7.73,62.8,79.29
S07099,77.6,10.0,59.2,61.1,6.11,65.3,73.02
S03232,74.9,12.0,72.8,44.9,5.71,52.9,56.66
S01433,88.6,30.3,90.1,92.1,9.34,75.3,100.0
S08027,93.0,27.7,82.9,83.3,8.35,78.5,97.52
S05462,88.5,25.0,75.1,77.7,8.74,67.7,100.0
S04228,76.4,13.6,86.0,63.6,8.76,59.5,78.86
S01793,51.9,16.0,84.1,50.8,5.97,,57.04
S01874,100.0,25.9,80.5,75.1,9.28,65.1,85.79
S02143,49.6,18.2,54.1,47.5,5.78,53.0,61.25
S02390,67.4,15.2,70.6,64.0,8.27,55.4,69.22
S07033,74.3,21.0,70.0,58.9,7.31,60.5,64.73
S09207,66.0,15.5,63.4,67.9,7.06,62.6,82.47
S02988,95.1,27.2,83.4,82.3,9.07,91.7,97.0
S00817,41.4,7.2,55.7,41.1,4.32,29.5,34.98
S01984,60.9,6.3,49.5,60.9,5.59,48.3,45.03
S02978,67.8,4.3,64.5,32.2,6.34,68.7,67.21
S06025,89.9,26.2,87.7,73.4,8.47,68.0,76.53
S01157,71.4,4.7,48.43,41.0,5.66,51.1,38.48
S05535,67.2,,53.7,63.7,4.96,82.1,39.89
S08679,74.6,15.1,80.2,69.1,7.31,72.0,70.6
S06223,85.3,16.6,72.4,58.5,8.06,62.1,74.12
S02046,70.7,18.0,64.8,62.7,6.33,46.7,55.28
S00005,97.3,13.1,81.0,60.4,7.03,71.5,76.87
S08255,83.9,19.8,83.2,86.7,7.06,59.9,84.37
S04684,67.6,14.3,63.7,58.3,5.92,43.9,58.46
S04910,85.9,24.0,78.1,79.3,10.0,94.7,85.68
S08036,90.4,21.0,93.0,70.7,9.56,65.2,86.9
S09705,,12.7,59.9,42.5,5.83,54.3,50.82
S04246,60.3,7.0,47.6,48.0,4.64,,34.11
S00838,,22.8,83.7,81.2,9.46,69.7,83.87
S02356,84.7,23.4,84.0,67.6,6.38,76.9,84.41
S04215,73.8,11.2,44.9,39.7,5.21,24.7,38.37
S05434,75.7,11.7,79.9,66.5,8.87,68.9,76.7
S03606,72.3,8.1,74.6,67.9,8.48,74.3,74.36
S08494,81.0,14.4,78.8,67.9,8.1,66.2,81.52
S07464,81.1,11.1,,46.3,6.15,45.5,47.46
S02556,89.6,30.1,77.6,83.4,8.41,,92.21
S05250,62.9,9.1,68.5,59.3,6.42,77.3,50.49
S06620,82.5,22.2,72.8,63.6,7.72,72.5,80.92
S03409,48.0,2.0,43.6,39.7,6.16,27.0,34.65
S08516,92.4,23.9,84.4,80.3,6.9,80.1,86.08
S04087,80.0,12.2,63.0,65.3,6.45,59.6,64.6
S01454,84.7,,86.5,82.5,7.38,43.8,75.53
S07326,86.6,19.4,80.4,54.8,7.74,45.8,77.52
S00932,66.8,23.7,77.1,70.4,8.13,66.7,49.98
S01096,85.6,16.5,78.1,78.5,5.94,63.2,76.24
S01425,57.4,2.0,39.9,36.3,5.43,52.7,45.97
S03769,81.5,24.0,73.1,68.4,8.07,70.2,75.04
S02050,74.4,13.2,73.5,64.7,8.45,47.2,72.55
S03334,80.5,22.1,76.0,62.3,,55.7,70.46
S05934,56.2,12.4,47.2,49.7,5.9,40.5,42.98
S01190,59.7,7.2,44.4,45.5,4.88,43.8,58.29
S03041,57.7,17.8,75.9,,,75.0,73.86
S08496,75.6,13.9,70.2,50.5,7.01,33.5,65.67
S00583,73.1,23.5,74.5,59.7,7.23,56.3,70.64
S05722,65.2,13.2,43.3,54.4,4.95,47.1,63.48
S09587,85.6,14.3,71.1,66.9,7.81,76.5,82.97
S08327,71.6,12.8,74.9,70.3,7.33,56.3,65.85
S05289,87.3,19.4,77.4,79.7,5.89,47.7,69.74
S09677,79.9,10.1,,74.3,7.48,66.0,71.42
S06878,67.8,5.3,65.8,42.4,6.56,53.4,55.74
S00952,72.0,13.6,50.6,38.5,5.81,,49.55
S02990,66.9,28.3,69.2,53.1,7.7,82.7,70.89
S05013,75.4,20.1,59.9,56.8,,45.7,76.62
S07224,81.3,18.1,60.0,49.5,7.32,,59.28
S08086,87.8,8.9,74.1,63.4,7.88,49.9,59.44
S07049,64.3,8.7,76.9,57.5,8.13,69.4,62.1
S01141,60.0,19.5,56.1,52.7,6.81,46.8,57.08
S03234,87.7,12.2,74.8,63.5,6.11,50.6,64.23
S02035,58.5,16.1,63.6,61.7,6.25,51.2,56.42
S00388,56.7,9.7,52.7,46.8,6.12,40.8,48.37
S01187,61.0,19.0,73.7,74.8,7.33,52.7,76.08
S05915,64.4,15.3,49.2,70.8,8.43,65.0,66.97
S08614,89.7,15.8,70.5,77.1,7.91,56.8,87.48
S03302,44.4,2.0,40.5,38.9,4.99,,30.14
S07508,50.9,2.1,44.4,39.4,4.58,44.1,26.42
S09553,90.3,14.0,61.7,67.2,5.75,43.6,66.48
S09112,85.2,22.7,66.5,68.4,8.13,78.3,82.06
S05155,57.0,9.0,53.7,41.4,5.49,36.7,35.43
S01742,75.8,12.3,70.1,66.1,6.99,56.8,70.96
S09549,57.2,7.0,45.3,34.1,5.53,36.4,46.58
S03085,,14.9,74.4,85.5,7.52,60.3,70.18
S06731,65.3,9.0,58.1,46.3,5.87,43.3,45.0
S05886,65.3,21.4,87.3,,8.14,64.4,73.42
S06360,75.5,11.7,72.2,48.6,6.33,,85.1
S03681,72.6,5.1,69.0,52.0,5.77,65.9,56.94
S05911,88.6,22.2,86.9,62.8,5.61,54.1,61.85
S04076,86.2,16.5,80.3,66.2,,40.9,78.65
S05757,84.7,19.0,75.3,78.4,7.74,47.7,87.89
S02086,91.5,25.2,78.9,87.9,6.8,85.2,86.41
S09562,57.5,,45.5,48.8,5.48,40.8,45.91
S07227,49.4,9.2,,30.0,4.29,42.9,36.48
S01123,86.3,,86.2,87.1,9.5,64.0,100.0
S02028,79.2,14.0,83.8,54.4,8.5,70.2,85.6
S01182,64.7,12.3,81.4,65.0,5.75,46.2,68.89
S09291,86.7,19.5,85.5,73.2,7.47,69.7,86.72
S09482,64.5,19.3,66.9,52.4,6.52,48.8,62.29
S00879,75.1,20.7,70.6,63.2,7.18,72.1,59.42
S06720,87.8,20.9,89.1,71.0,6.26,59.3,74.1
S04094,82.5,2.1,90.4,90.7,8.44,60.5,83.89
S06156,61.6,4.8,41.0,57.0,5.48,38.5,45.21
S03734,72.5,,66.3,69.5,8.06,56.6,74.71
S03742,91.6,36.3,88.1,96.2,8.35,79.0,100.0
S07193,100.0,33.2,99.0,100.0,8.07,80.4,90.74
S03637,73.9,16.4,84.8,75.2,6.31,54.2,73.22
S00936,60.8,14.0,71.9,63.6,6.4,75.4,59.42
S08896,89.0,22.5,87.6,78.6,7.26,72.2,91.84
S08498,63.6,6.0,56.2,62.7,6.67,,64.51
S02094,69.7,10.7,80.8,53.9,6.35,83.1,73.96
S05761,60.8,11.3,53.4,50.8,6.02,52.9,39.11
S06649,57.3,7.4,59.2,57.6,7.54,47.7,57.81
S00381,67.8,21.9,76.2,79.1,6.63,73.8,74.25
S01193,73.2,15.2,66.3,53.5,6.67,61.8,55.49
S07612,72.3,10.6,77.7,71.0,6.12,53.6,62.94
S00639,95.1,25.4,82.3,79.3,9.42,63.8,87.07
S09002,85.6,18.4,78.7,77.6,6.14,59.4,81.42
S04533,50.5,2.0,65.0,43.3,6.77,62.8,47.93
S08426,72.3,9.1,69.0,67.2,8.99,49.4,75.6
S03590,49.0,17.8,39.9,51.85,5.04,28.6,31.1
S09077,40.7,13.3,30.0,30.0,5.06,52.3,34.16
S04943,77.9,17.2,82.4,77.0,6.13,53.2,73.33
S03779,70.3,8.1,69.3,67.4,7.93,53.7,61.52
S06794,90.4,31.4,,92.2,9.36,82.4,100.0
S07565,70.2,,76.1,86.5,7.85,56.6,71.98
S03437,97.1,37.4,64.6,57.0,7.96,65.1,91.86
S03439,86.3,24.1,90.7,78.4,9.11,77.2,96.9
S00008,56.3,2.0,30.4,31.8,4.11,45.7,18.64
S02845,76.0,30.8,86.8,82.4,8.39,59.1,84.33
S07887,85.2,21.3,95.3,78.1,9.88,65.5,88.67
S00413,89.7,35.3,100.0,100.0,10.0,83.8,100.0
S03065,67.4,11.0,70.1,64.3,8.79,52.0,74.73
S01217,78.3,17.9,76.9,77.2,6.49,47.6,81.59
S03370,80.7,22.9,75.5,56.1,6.28,,75.38
S01359,66.1,12.5,76.1,70.2,7.25,57.4,64.43
S08492,83.5,20.1,82.4,84.3,5.34,66.5,69.79
S08874,54.4,2.0,33.0,36.6,4.63,21.2,27.49
S07998,65.5,11.2,62.3,49.6,6.67,60.2,51.86
S03583,67.7,19.5,66.5,68.5,7.17,76.1,68.18
S04835,58.6,7.1,59.5,48.0,6.81,45.4,51.85
S06544,74.8,20.8,90.9,75.0,7.75,65.7,86.13
S03613,66.6,12.3,56.7,46.0,4.82,59.5,56.63
S04489,91.8,15.4,61.0,55.5,7.36,47.4,51.24
S02594,83.3,23.9,,73.9,5.74,61.7,59.81
S09120,54.0,2.9,80.5,50.0,8.72,58.6,62.1
S04478,79.0,7.8,68.5,59.2,7.93,74.6,70.08
S08398,87.5,16.1,70.2,57.3,8.33,50.0,71.51
S05088,89.4,27.6,88.0,88.4,8.28,81.0,91.31
S01833,92.3,9.5,80.1,82.7,8.18,82.2,71.7
S02924,96.0,26.8,89.4,80.7,8.61,78.3,89.77
S00511,99.9,6.4,86.3,81.4,8.67,60.0,97.81
S03483,72.8,16.1,90.0,73.8,9.23,95.7,82.13
S05685,71.4,7.7,64.6,63.7,6.58,54.4,71.28
S03713,93.4,23.9,74.5,76.3,8.87,79.2,64.97
S07355,72.9,28.9,86.2,84.9,7.8,79.6,75.54
S04129,65.9,6.9,59.3,59.0,8.76,61.4,60.73
S02059,47.4,2.1,,30.0,4.61,40.6,34.76
S02570,73.6,12.0,72.4,66.1,8.19,55.9,76.81
S09551,100.0,25.6,100.0,90.5,8.2,83.9,92.4
S02539,46.8,8.1,,44.6,5.64,38.4,36.11
S01005,67.9,7.4,65.9,71.6,7.87,50.4,68.29
S05379,87.4,19.9,79.4,73.0,8.59,73.2,80.68
S06738,90.4,17.4,82.3,80.2,6.22,53.2,76.54
S09453,49.0,12.1,71.6,53.4,8.14,59.1,66.09
S03457,74.9,12.5,96.0,74.1,8.5,42.6,68.77
S07917,70.4,2.0,40.4,33.4,5.79,37.0,32.32
S05144,76.3,21.1,77.8,72.9,6.19,40.9,61.05
S06767,55.6,5.6,54.2,54.5,4.6,36.8,27.82
S08543,78.0,11.9,59.5,57.5,6.53,43.9,80.41
S09132,96.8,21.7,,76.2,7.92,58.3,92.05
S08738,75.3,10.4,69.3,64.0,8.97,57.4,73.74
S04556,71.0,21.1,76.5,77.9,,87.5,78.34
S03550,60.1,9.0,55.7,49.1,5.87,29.2,33.66
S09995,75.5,30.8,83.7,76.7,7.63,56.7,83.06
S09230,82.5,13.5,75.3,61.5,6.54,61.7,70.56
S04992,54.1,3.7,52.0,50.5,,72.2,40.96
S00154,64.1,2.0,55.4,43.3,5.01,51.8,52.88
S00123,69.1,12.8,77.1,81.6,,39.1,68.44
S07752,54.1,2.0,46.7,39.0,4.27,45.7,22.35
S06265,74.6,10.5,,75.2,7.53,,60.88
S05186,100.0,,100.0,91.2,9.71,73.7,91.94
S06991,65.8,2.0,43.9,36.6,5.5,32.5,33.53
S05703,84.8,26.9,55.5,58.2,7.54,50.1,68.26
S07975,73.1,,49.2,36.4,6.03,55.3,41.21
S06745,60.4,4.0,,41.9,9.06,53.6,57.37
S01263,71.3,19.4,71.8,67.4,,64.0,71.53
S00368,89.0,30.6,97.2,78.4,9.99,,100.0
S06610,61.9,15.8,62.0,64.8,7.63,76.1,78.25
S08022,97.0,23.3,73.3,79.9,,85.1,96.02
S01842,100.0,,71.3,71.9,7.68,61.4,84.8
S05263,57.2,8.3,50.3,36.4,6.93,49.5,49.06
S03825,66.5,12.4,69.1,55.4,7.69,28.9,62.62
S02889,75.4,19.4,79.0,68.9,5.35,,66.01
S09736,83.0,18.8,67.7,,6.61,68.0,63.6
S07798,68.9,10.3,65.3,62.1,8.13,67.9,83.08
S05355,79.8,6.6,52.7,57.4,5.57,31.6,48.01
S04683,50.4,2.7,47.7,34.4,4.22,57.3,26.81
S09466,48.8,6.9,48.7,30.0,4.0,38.6,37.76
S09139,71.2,17.5,47.7,50.3,5.67,46.1,58.77
S09275,79.6,12.7,72.7,64.9,8.03,49.1,67.79
S03430,60.5,5.4,42.3,36.6,5.83,42.0,48.29
S08390,72.3,12.9,74.0,62.0,5.23,79.4,60.05
S03279,53.3,3.0,39.3,40.0,5.83,44.5,32.04
S08343,88.9,32.7,100.0,99.3,8.5,66.9,100.0
S00181,68.5,9.8,61.8,49.0,5.62,59.5,50.69
S05662,72.8,12.3,72.7,72.8,6.22,57.0,65.89
S07343,67.0,7.1,72.9,60.7,7.03,67.4,65.5
S06306,83.2,17.9,79.3,75.4,6.3,43.5,81.93
S02699,59.6,4.6,57.7,66.6,5.94,43.4,53.27
S00258,,21.9,79.1,63.6,7.56,68.4,84.89
S08585,93.2,20.9,74.7,76.2,9.1,81.3,86.19
S05538,,38.8,67.9,57.8,6.81,70.5,69.7
S07281,81.2,26.6,68.7,83.4,8.35,,100.0
S09698,70.5,13.4,93.4,64.1,,50.8,84.94
S08667,77.5,9.0,55.8,39.2,6.95,60.1,58.57
S04275,71.7,,77.3,57.1,6.91,49.9,73.21
S07533,72.7,13.5,73.5,64.6,,39.0,62.32
S03410,64.9,4.4,67.8,69.0,6.54,52.8,68.14
S00687,63.9,7.2,68.0,62.4,5.86,,60.36
S01634,80.2,13.7,76.0,68.8,6.94,55.3,65.68
S02346,100.0,20.7,80.9,82.1,8.85,72.2,83.43
S01790,100.0,31.1,,99.5,9.58,71.4,100.0
S05795,84.7,20.8,79.6,80.8,7.18,64.3,78.44
S08954,52.1,12.4,42.0,33.8,5.87,49.6,34.82
S01967,96.6,20.1,78.0,45.5,7.49,73.0,76.15
S05534,83.7,14.4,67.6,73.1,6.77,65.2,64.53
S01664,54.2,2.0,37.2,44.0,4.08,36.7,24.04
S02591,77.6,24.0,83.0,87.7,9.37,75.0,82.46
S03792,75.5,11.1,44.7,47.4,7.3,71.2,57.78
S07743,83.7,29.7,95.5,85.4,8.04,72.8,98.74
S03378,71.9,10.1,72.9,61.2,7.74,69.4,69.48
S05032,53.3,3.0,44.5,41.0,5.43,44.7,43.51
S08842,82.1,17.4,65.7,58.8,5.54,35.1,46.97
S09850,78.7,20.0,82.6,78.5,6.38,69.9,72.07
S06857,57.0,6.1,62.8,44.8,6.51,50.0,51.39
S04484,54.6,7.5,48.7,39.6,4.0,55.2,31.01
S07189,79.3,12.2,70.2,63.6,6.99,68.8,65.26
S05481,91.1,26.2,77.5,66.5,8.3,67.2,77.05
S05339,71.0,14.9,58.9,45.5,5.55,37.7,53.47
S01035,83.9,,68.4,82.5,8.08,91.1,96.15
S08925,85.8,30.4,,58.7,6.84,58.9,67.51
S07062,64.8,24.5,64.9,80.9,8.21,71.2,83.1
S07270,67.8,8.0,71.4,54.3,8.23,51.9,50.2
S00685,82.6,17.4,74.0,66.5,7.92,34.0,91.16
S03845,79.9,,66.0,69.7,7.31,65.6,75.6
S04320,72.8,25.3,89.1,87.2,9.95,61.8,93.68
S02124,90.4,21.7,83.2,73.1,7.81,45.1,83.21
S01882,,2.0,44.3,34.3,5.09,60.2,29.52
S03625,75.9,8.3,,61.5,7.83,55.7,78.17
S05581,86.7,25.3,93.3,87.4,9.71,58.3,75.37
S07915,97.7,33.9,55.8,64.3,9.73,71.1,92.9
S04165,66.1,,60.2,62.7,8.42,56.2,66.52
S07374,58.6,2.0,57.6,46.1,4.86,46.2,41.58
S08145,93.4,18.5,82.4,,9.2,76.8,73.17
S00644,88.2,,78.9,75.8,8.14,50.6,87.9
S04685,75.7,17.7,54.4,58.3,7.59,66.6,64.85
S03110,78.4,16.1,,72.6,6.72,68.9,63.32
S03920,72.7,9.7,76.2,62.8,8.72,69.8,71.59
S03580,100.0,27.5,85.5,73.3,9.89,80.8,95.87
S07529,63.5,3.0,41.8,30.4,4.96,23.6,38.83
S09743,61.4,2.4,68.7,43.5,9.78,38.2,55.01
S09790,64.2,20.2,82.3,76.6,8.95,80.5,84.15
S03358,88.0,20.1,72.7,82.3,6.3,75.5,74.57
S01718,61.0,3.3,38.5,30.4,5.37,40.3,18.03
S03668,62.8,16.0,56.5,39.8,4.51,39.3,40.85
S07293,83.2,19.9,72.8,76.7,6.32,69.0,82.96
S06768,49.4,2.0,34.8,31.4,4.0,32.4,24.19
S09940,,26.5,76.8,74.8,7.22,73.6,81.83
S04896,56.5,2.0,30.0,,,22.8,11.66
S02444,100.0,34.8,86.6,100.0,10.0,57.9,85.17
S09032,79.5,20.9,90.2,86.5,6.81,,92.7
S09806,63.4,12.6,55.5,44.8,6.75,29.8,48.72
S05411,66.6,11.3,80.2,53.5,8.77,93.1,66.52
S06623,40.0,2.0,,30.0,4.33,26.3,15.46
S03870,87.3,22.0,85.5,81.0,10.0,69.1,98.93
S00011,66.4,7.7,60.0,50.2,5.53,29.7,56.81
S00166,77.2,15.5,68.2,67.0,8.31,55.8,67.7
S06069,100.0,23.8,,81.0,9.16,84.3,83.18
S04652,,22.6,74.0,71.3,8.69,60.2,91.9
S09985,77.3,5.6,74.9,70.7,7.25,60.5,62.25
S04407,86.9,24.6,87.3,80.1,6.89,58.5,69.9
S02370,68.7,14.8,70.7,66.6,6.82,51.3,78.72
S06565,50.2,9.5,44.8,44.6,5.42,50.3,42.43
S08097,91.6,28.1,69.8,,8.96,77.4,91.45
S03386,66.6,14.9,65.5,33.7,5.58,40.2,46.66
S04315,82.0,20.0,86.6,77.7,6.54,77.4,60.53
S00212,68.5,4.4,56.1,57.3,,49.0,56.43
S01667,79.1,17.8,74.2,61.6,7.34,47.7,70.58
S03979,58.7,7.9,57.0,48.0,6.1,23.1,63.63
S09941,69.5,13.0,60.0,54.5,5.62,61.2,59.6
S03127,64.1,2.6,68.4,46.4,6.28,51.2,30.34
S01556,47.8,2.9,74.3,47.8,9.71,47.4,56.04
S04537,72.4,12.8,72.9,72.1,6.7,54.2,79.99
S04745,68.8,10.9,77.5,69.1,8.87,71.3,77.0
S06116,61.3,16.3,64.6,48.3,5.36,68.4,39.15
S07182,93.9,,98.5,100.0,9.09,73.7,99.57
S01595,69.6,8.7,62.3,59.8,8.0,41.2,65.58
S05109,81.8,2.0,60.2,40.9,4.76,38.1,38.66
S03760,43.6,11.2,30.0,40.6,4.67,41.4,22.26
S03395,74.5,17.2,58.8,50.8,6.46,47.0,59.32
S01354,100.0,36.1,89.7,81.8,9.38,54.8,97.36
S01916,69.8,7.2,50.8,56.8,6.0,39.4,39.63
S01517,60.3,6.8,50.7,49.2,5.65,49.3,51.77
S06863,88.4,14.1,,58.0,5.68,34.5,62.19
S07734,76.0,6.1,75.0,60.1,8.15,84.8,50.0
S01934,44.5,18.9,55.5,59.9,6.46,56.7,58.31
S07394,55.5,17.8,57.1,58.5,6.69,67.4,64.76
S02196,61.5,2.0,46.1,30.0,6.22,21.6,37.14
S07960,69.8,18.3,78.0,62.7,6.53,47.9,74.55
S03002,52.4,4.3,82.1,88.0,5.5,28.6,64.06
S08758,80.8,33.7,100.0,86.9,8.39,63.5,100.0
S00521,54.8,2.3,54.3,48.4,6.08,61.3,53.54
S09500,61.0,10.6,64.4,59.1,7.28,36.1,61.92
S00231,58.5,12.0,34.6,39.4,5.55,43.8,34.06
S02195,80.6,17.8,61.7,58.3,5.91,52.5,57.99
S04145,100.0,18.8,91.9,94.5,8.57,,96.51
S09212,69.0,7.6,44.9,51.0,5.27,36.2,41.64
S06312,81.7,24.8,100.0,92.4,8.92,72.3,84.7
S01529,77.2,19.3,59.5,74.1,6.57,60.0,73.36
S05053,88.3,,79.0,79.5,7.4,79.6,90.25
S00053,73.9,18.4,82.0,66.6,6.77,57.0,80.34
S08791,,12.6,49.2,54.9,6.75,62.6,44.37
S01756,90.3,27.3,99.1,85.6,9.81,64.3,90.87
S04905,100.0,26.8,92.1,77.7,9.36,91.7,80.16
S07725,67.9,7.4,59.5,64.7,5.56,75.6,42.11
S03759,98.2,,76.7,100.0,9.0,68.1,80.83
S08592,82.2,,67.5,70.7,7.66,58.0,84.17
S07832,76.5,27.3,,86.7,7.33,47.3,87.29
S04748,77.3,2.8,55.3,57.1,4.41,58.1,51.57
S07331,65.1,21.4,70.2,60.6,7.51,62.8,64.76
S00469,77.0,12.7,66.6,69.9,7.59,,72.36
S09206,78.1,,,92.4,7.48,62.5,81.13
S03670,93.3,25.0,92.6,93.3,9.42,68.8,100.0
S04097,65.0,5.9,60.1,54.0,6.71,,48.84
S00348,67.8,12.5,57.2,60.7,7.24,59.6,69.29
S02329,70.2,13.7,47.0,56.2,6.34,57.7,50.84
S00991,69.5,17.1,57.4,69.3,6.56,61.1,64.54
S08086,87.8,8.9,74.1,63.4,7.88,49.9,59.44
S01484,59.6,6.9,44.2,48.5,,47.0,45.28
S08908,76.0,21.2,64.4,67.5,7.48,50.2,74.99
S00010,74.3,19.7,65.9,72.2,7.82,63.4,64.41
S02789,92.1,29.4,76.5,81.0,8.52,66.1,99.95
S01669,70.8,4.0,61.8,61.5,7.17,74.2,67.17
S08165,61.8,19.0,67.0,52.7,6.39,43.8,61.55
S06277,,2.0,49.0,31.6,4.0,0.0,10.18
S07844,83.4,21.3,80.3,69.8,6.47,74.8,67.72
S03943,80.4,19.2,71.8,49.6,7.93,48.8,50.37
S00286,71.4,19.3,65.2,80.3,8.19,59.8,84.47
S05749,74.5,26.6,63.6,62.9,7.3,73.3,74.56
S08637,54.8,2.0,69.7,41.9,6.81,29.1,65.09
S02392,81.0,16.7,66.9,68.2,7.05,54.2,75.61
S01876,55.7,19.0,57.0,48.2,5.4,52.5,52.68
S09023,72.1,16.8,79.2,76.2,5.49,45.5,92.78
S06528,72.0,13.6,65.0,62.7,,44.9,67.58
S04878,63.1,17.0,75.7,61.2,7.78,53.0,63.55
S04900,76.3,14.2,76.0,54.9,6.47,58.5,58.87
S02262,58.5,4.5,43.7,45.7,,60.6,51.57
S00496,54.4,18.2,63.5,50.5,6.26,67.3,68.8
S02191,68.4,9.2,58.8,44.4,,46.7,37.83
S09020,94.4,28.5,78.3,83.4,8.54,58.2,89.28
S07837,74.6,5.2,41.6,,5.32,31.0,39.39
S03656,94.1,27.2,82.6,73.7,8.33,44.7,89.62
S02210,87.0,28.7,91.8,93.6,10.0,91.3,95.65
S03715,89.4,20.8,63.6,70.1,6.75,51.1,76.17
S01867,85.1,13.2,74.3,68.6,7.37,62.0,75.89
S08001,57.7,5.7,45.7,37.3,4.56,37.3,29.03
S03089,93.3,14.9,64.6,57.7,7.96,66.5,70.76
S04104,79.1,8.4,74.9,63.4,5.77,68.1,55.13
S06318,88.7,17.8,89.6,95.3,,71.4,90.22
S02495,85.7,17.9,82.9,69.7,8.85,78.8,80.93
S09317,65.8,17.5,57.0,47.5,6.37,53.2,67.45
S03294,75.6,19.6,79.4,74.8,7.3,57.79,82.62
S02915,82.2,15.0,76.8,67.6,5.55,39.9,63.7
S03546,100.0,,69.2,78.2,7.51,86.4,76.81
S09061,78.8,22.1,85.1,75.8,8.74,64.9,90.94
S03955,72.4,11.1,51.5,52.3,5.15,56.3,65.33
S04999,73.9,17.8,57.7,59.6,5.96,47.2,56.77
S08773,79.4,21.9,72.7,73.6,6.52,43.6,65.73
S01181,95.6,31.9,77.6,79.4,8.34,71.9,88.53
S03185,,2.6,51.1,39.1,4.7,28.1,28.72
S06851,94.5,30.9,100.0,100.0,9.63,86.3,100.0
S08678,81.0,18.0,67.1,70.5,6.95,59.4,62.0
S03049,59.1,17.6,58.7,55.6,5.82,59.9,54.93
S03889,66.9,6.7,58.5,58.6,5.62,45.6,69.52
S00020,90.1,16.8,82.8,65.6,7.1,74.5,78.17
S02011,76.9,23.9,100.0,72.2,8.67,58.5,81.42
S02908,83.6,11.7,72.7,68.0,6.78,55.4,73.88
S03784,64.8,14.1,75.2,72.9,6.79,63.7,75.83
S09679,58.5,27.5,57.6,49.6,6.86,68.6,66.68
S06573,74.2,17.0,78.3,75.0,6.98,73.2,72.49
S02325,60.9,16.3,63.6,53.8,6.15,30.5,64.02
S08459,64.0,9.2,,64.4,8.24,49.8,47.82
S05587,77.8,19.3,57.4,44.4,5.58,59.4,45.81
S08942,66.7,21.7,57.6,50.1,6.26,63.5,46.33
S07398,100.0,17.4,82.5,87.3,7.99,64.8,83.12
S08684,49.7,2.0,36.2,30.0,4.0,30.7,4.15
S01894,74.9,23.1,68.6,60.5,7.31,,62.18
S06175,97.7,31.6,92.5,100.0,9.88,95.5,100.0
S06905,88.6,26.6,95.3,,8.83,72.1,98.33
S02422,81.4,14.3,87.9,79.2,9.42,73.6,100.0
S07863,55.0,7.1,73.5,62.5,6.77,84.5,62.09
S05343,82.4,,89.7,71.3,8.92,66.5,90.99
S01225,88.7,9.6,82.8,86.8,,52.6,67.93
S09870,76.8,8.2,60.2,60.1,7.06,55.2,53.38
S04535,100.0,28.0,76.1,89.0,8.8,66.4,97.48
S06487,76.2,15.6,62.5,37.3,6.39,55.8,55.66
S06656,77.0,18.2,69.0,56.5,7.44,53.5,67.77
S01656,67.2,9.8,65.1,68.7,,45.1,66.74
S04003,59.3,21.3,62.9,60.6,6.46,61.8,65.74
S09718,74.4,9.9,59.4,59.1,8.78,63.8,46.38
S06373,83.2,13.1,78.2,76.6,7.47,54.1,84.95
S04614,88.6,21.9,99.6,81.3,9.13,58.9,98.05
S08992,73.8,23.7,73.5,59.1,6.28,62.0,71.31
S02083,74.1,8.4,72.6,62.2,,56.8,80.13
S09461,,14.2,69.0,66.9,7.99,,81.45
S04105,,21.8,83.5,73.2,7.84,68.4,71.21
S08633,84.0,26.6,73.8,72.1,7.56,74.4,87.51
S08817,75.7,18.8,75.8,77.0,9.1,75.0,93.99
S05731,79.7,32.7,77.9,73.8,8.17,78.5,78.8
S07241,75.9,30.7,100.0,75.2,8.64,72.3,100.0
S04191,76.2,10.5,81.3,59.6,8.63,62.9,76.32
S04942,81.2,2.2,66.4,60.6,6.95,29.5,62.43
S07115,98.3,22.9,83.1,94.0,8.03,,100.0
S08608,75.2,26.0,61.7,57.0,,61.1,65.85
S00210,70.7,16.3,75.4,61.6,6.43,,58.06
S01200,57.5,25.7,73.8,63.1,6.81,59.5,74.76
S01505,71.0,15.0,77.0,60.4,8.51,72.5,72.85
S04006,71.0,10.3,64.4,50.8,5.78,57.8,58.84
S04378,54.7,9.8,63.2,48.3,6.33,39.1,57.31
S06039,92.7,28.5,100.0,100.0,10.0,90.6,100.0
S09323,48.5,4.6,,51.7,7.71,,52.15
S03852,76.2,10.7,66.5,53.9,7.77,44.7,55.88
S02438,66.1,16.9,59.5,75.9,6.95,50.0,66.13
S07093,72.0,12.1,90.7,75.8,6.71,,68.32
S02300,63.5,4.4,44.3,47.5,4.05,14.8,31.48
S01158,67.0,16.4,62.1,62.3,6.25,64.2,66.81
S07558,81.2,20.3,73.4,90.6,8.12,66.0,75.91
S04156,76.8,20.6,80.6,66.4,6.49,58.3,74.34
S08713,78.1,16.3,81.9,75.4,6.55,73.6,73.32
S01352,73.0,10.1,75.3,65.3,8.26,73.9,79.56
S05868,60.6,10.9,48.7,49.8,5.29,52.7,62.52
S01037,74.2,14.3,65.3,59.1,6.39,77.3,74.42
S06888,60.5,4.7,59.3,53.6,6.46,71.5,54.83
S04765,59.8,3.1,50.3,36.4,4.0,26.3,36.17
S04114,54.1,2.0,45.9,33.3,4.0,21.4,31.04
S02925,75.3,8.7,64.7,46.0,7.26,56.1,62.59
S05076,50.2,9.3,53.6,54.4,6.53,48.3,48.11
S03062,71.2,15.4,83.8,70.0,9.18,63.3,77.64
S02770,82.4,24.2,87.6,79.3,8.01,100.0,99.97
S05359,69.4,22.9,72.3,69.1,7.56,69.7,77.96
S06358,78.0,21.8,79.2,73.2,7.03,54.6,73.86
S03289,58.1,4.4,48.5,34.8,5.08,42.7,49.22
S09150,56.4,12.2,49.9,50.5,4.84,25.4,40.4
S05734,78.0,24.8,71.9,68.9,8.72,72.8,87.15
S07991,48.6,10.2,64.1,51.7,5.68,52.8,52.87
S03495,83.5,14.3,74.5,62.0,6.22,36.3,58.51
S09638,79.5,14.1,46.2,52.9,7.28,56.7,72.29
S07722,72.4,17.8,63.4,72.0,5.6,57.6,65.3
S02134,61.7,14.7,,38.9,6.44,58.1,36.51
S07415,73.7,13.4,96.6,64.2,8.59,71.2,65.16
S09105,83.7,2.0,57.8,48.0,7.43,63.1,57.46
S07024,85.2,21.3,75.7,72.6,6.7,72.4,71.68
S01964,70.5,13.1,45.4,65.7,4.98,48.3,62.34
S00418,53.0,4.2,46.4,53.8,5.0,39.4,50.04
S08605,88.3,18.2,73.1,80.7,8.38,60.6,84.64
S07815,59.6,2.0,41.1,30.0,4.01,55.4,22.51
S00197,80.2,17.7,69.4,52.8,5.88,60.1,61.28
S05346,84.2,18.2,78.1,80.3,5.95,50.5,77.95
S05849,74.2,18.8,60.1,70.4,7.88,66.4,72.75
S00285,70.1,10.6,64.2,57.4,7.36,,64.22
S08147,94.1,12.2,51.1,35.8,8.19,60.7,57.3
S05232,99.1,,72.8,77.5,7.41,55.8,97.57
S01569,56.5,12.6,51.8,34.0,,37.8,52.01
S06811,67.9,6.5,90.2,70.8,8.22,58.6,87.22
S07986,84.0,13.1,63.4,71.6,6.04,69.1,69.48
S03572,78.3,15.6,76.6,74.6,6.47,42.8,83.76
S07157,72.3,14.1,44.9,,4.72,27.4,56.01
S02001,100.0,17.9,89.3,82.3,9.23,81.2,79.62
S09996,72.0,8.6,59.6,61.5,5.95,45.6,51.72
S07557,70.9,19.7,54.2,50.2,7.27,37.6,55.53
S08552,85.5,13.5,,65.6,6.78,66.8,70.33
S07575,57.0,7.4,52.6,30.0,5.35,55.6,32.73
S06509,97.0,8.5,82.5,80.2,8.9,75.8,83.33
S04671,100.0,28.3,70.0,83.6,8.57,67.2,86.79
S06128,73.8,9.9,77.3,61.3,8.49,59.6,72.69
S08886,70.3,21.3,71.2,73.3,7.91,68.8,69.83
S02753,68.3,3.1,66.0,56.4,6.26,44.0,64.32
S03774,75.5,11.9,68.5,66.6,7.19,53.2,58.98
S00113,74.2,4.8,55.2,46.0,6.02,41.7,47.76
S07271,72.3,19.4,55.0,68.3,6.11,70.8,64.03
S00415,67.2,2.0,42.2,49.1,5.6,,57.91
S06734,62.7,14.4,50.8,44.9,5.91,13.2,45.9
S00339,69.1,18.6,55.9,51.0,6.14,58.0,56.93
S05173,86.6,10.9,74.2,65.3,7.25,58.8,69.68
S01090,100.0,24.1,97.2,75.4,8.51,54.7,76.07
S05366,61.3,9.6,67.9,60.8,8.54,59.6,62.68
S07939,71.2,19.1,80.2,61.2,8.21,53.9,66.41
S03394,94.2,12.3,56.8,39.2,5.79,59.1,58.07
S02892,69.5,5.8,,42.4,5.29,18.9,49.45
S07111,,15.0,79.2,69.7,6.82,62.3,87.24
S00928,41.2,2.0,30.0,30.0,4.0,40.1,21.95
S06023,90.7,34.0,98.9,100.0,10.0,98.3,98.8
S06203,74.8,8.3,50.2,49.1,7.11,,52.18
S04256,66.4,13.8,68.4,49.3,7.27,59.0,61.87
S01858,86.0,20.6,75.6,70.3,8.6,69.3,74.1
S02235,80.9,14.5,96.6,73.8,8.36,78.9,79.32
S03440,94.6,16.3,79.4,80.9,7.18,73.5,73.27
S02206,88.8,19.4,91.7,73.6,7.53,70.5,86.04
S03796,53.7,13.2,60.5,53.7,6.99,65.1,61.78
S06467,83.6,15.3,83.5,75.0,8.96,60.2,89.77
S03946,58.6,16.0,63.1,67.5,6.75,60.5,62.15
S01084,61.8,2.1,49.3,30.0,4.72,17.2,38.95
S07381,75.9,17.8,70.2,77.9,5.76,62.0,76.86
S02826,69.3,16.3,64.0,52.7,6.86,50.1,48.33
S09970,84.2,9.5,56.5,65.8,5.97,58.7,55.92
S04785,92.6,23.2,100.0,74.4,8.72,73.4,86.12
S05641,57.7,2.0,45.4,45.7,5.02,41.9,42.88
S04039,67.1,8.3,60.5,66.0,6.88,77.1,53.75
S05891,79.3,2.0,63.7,48.2,6.38,52.6,51.56
S09445,,24.1,60.5,61.4,6.97,57.2,85.03
S09966,75.6,12.3,64.3,55.2,6.7,54.0,49.27
S00274,75.3,11.9,86.9,62.9,8.76,91.1,74.91
S07020,64.7,10.6,71.2,56.1,6.95,65.1,52.78
S08375,76.9,12.8,65.0,61.2,8.32,56.3,68.44
S05172,75.7,19.9,80.3,72.6,8.01,95.5,80.96
S05914,70.6,12.0,54.4,45.2,6.36,55.7,47.12
S07838,72.5,11.5,52.8,34.1,5.64,47.8,58.05
S02138,72.1,11.6,62.8,62.8,8.2,69.2,64.87
S07655,81.6,17.8,60.2,69.3,8.17,68.3,81.74
S04147,73.7,10.3,69.5,55.8,7.61,63.9,53.33
S04950,98.2,,100.0,95.9,8.86,83.9,100.0
S06560,80.3,15.5,80.6,63.2,6.37,45.3,64.44
S00076,67.2,7.2,57.3,44.5,5.98,45.0,42.49
S09706,84.9,18.3,70.8,73.1,6.72,50.3,61.18
S00582,66.3,9.4,42.5,,4.18,41.8,31.9
S02450,91.3,18.2,78.0,71.0,7.79,63.3,80.65
S00699,89.9,22.0,79.8,88.4,8.93,79.3,86.06
S01762,98.0,,94.9,83.6,8.74,75.4,83.64
S08631,75.8,13.7,73.5,70.3,8.59,58.2,72.48
S08720,72.4,8.2,79.6,,8.32,49.7,76.11
S00718,77.2,27.7,70.1,79.8,8.11,81.8,70.92
S05984,84.0,15.7,60.9,55.9,7.27,35.9,72.82
S01464,64.3,6.9,44.1,50.7,5.26,49.0,42.83
S06061,72.0,3.3,69.3,64.4,7.2,58.4,53.12
S00239,68.7,16.2,64.4,64.6,6.81,51.4,59.11
S01360,81.5,19.1,87.2,68.5,5.73,60.8,80.78
S07942,84.2,15.4,81.1,76.9,5.98,54.0,76.96
S02372,79.4,20.4,66.4,61.0,6.4,76.5,72.66
S06773,80.3,16.4,83.1,67.5,7.44,37.1,63.59
S02809,87.1,29.3,88.5,94.5,9.08,75.5,100.0
S04866,65.5,5.0,60.2,53.6,,,57.96
S08420,72.0,18.0,80.3,70.9,,39.1,87.75
S09213,98.5,21.9,79.8,36.7,7.02,82.7,65.68
S09775,70.6,14.6,72.1,70.7,,67.7,72.61
S01772,70.1,14.4,56.7,63.1,7.95,55.7,74.4
S03739,83.6,11.1,45.7,65.7,5.72,39.2,53.6
S05529,58.8,11.8,62.7,58.5,6.23,,50.17
S02399,76.3,25.6,62.4,69.5,8.17,42.3,65.54
S05912,78.9,28.6,82.2,90.4,9.27,67.8,93.4
S00052,89.6,25.1,81.4,81.2,9.42,66.9,86.03
S08700,88.4,23.6,86.9,75.0,8.23,60.7,79.57
S03109,80.7,16.4,78.1,65.1,7.0,57.9,73.08
S03682,92.6,,77.9,70.2,8.93,89.1,78.54
S03086,59.6,2.0,41.7,30.0,5.04,31.2,41.01
S01700,82.8,15.9,62.2,64.3,7.72,65.2,73.63
S02624,63.4,12.0,38.4,51.2,6.85,59.2,50.28
S04330,61.7,7.3,50.8,41.3,6.43,63.0,56.31
S05297,74.0,19.3,45.4,68.3,5.28,60.9,50.36
S01286,69.5,11.2,85.2,61.8,7.96,70.4,62.62
S00479,51.4,,55.8,31.2,4.56,26.7,21.42
S08103,80.3,20.7,83.8,75.4,6.57,87.6,84.84
S01802,66.9,15.4,58.1,38.7,5.99,38.3,54.02
S09807,56.0,12.1,62.5,69.1,5.9,,57.06
S04980,65.8,11.5,69.6,67.9,8.4,52.5,72.97
S03705,61.4,9.8,61.8,59.5,7.42,51.8,52.69
S06616,66.9,15.8,61.4,47.7,6.29,45.5,65.08
S01066,95.5,20.9,91.3,76.7,9.13,68.4,91.64
S02943,77.2,14.8,74.2,80.7,7.57,68.7,75.73
S09777,83.0,29.4,88.7,90.5,8.58,59.3,88.69
S02540,78.1,11.7,66.4,54.6,7.22,62.0,59.45
S05922,67.6,,73.9,71.9,6.81,35.8,66.56
S05668,80.6,15.6,72.6,60.3,8.31,58.7,69.89
S08157,67.2,11.3,56.9,56.5,6.82,59.5,47.52
S03904,87.0,17.2,74.5,64.7,5.81,61.4,72.24
S06074,87.7,15.1,78.1,60.4,7.48,42.4,64.83
S02755,69.1,10.2,65.6,61.0,8.29,72.4,70.51
S03762,69.6,15.2,72.0,49.8,6.17,28.4,61.88
S04303,63.8,10.2,74.6,75.5,7.64,,76.9
S07345,66.7,17.3,57.4,54.4,6.62,52.4,50.78
S09480,73.8,17.1,57.8,59.7,,35.4,55.55
S00001,63.3,2.2,38.5,55.1,5.9,50.0,42.7
S02010,66.9,18.6,66.4,61.6,7.01,53.2,69.78
S01785,84.9,19.0,65.8,76.6,,51.0,70.09
S09082,65.7,29.4,60.2,55.9,7.5,67.0,65.71
S09172,73.0,7.5,46.0,62.6,6.64,41.9,56.82
S01764,82.8,10.3,63.5,64.1,6.41,50.1,61.63
S04144,96.3,25.9,100.0,95.0,9.89,86.0,100.0
S08560,56.4,2.0,35.3,50.4,5.12,42.6,33.46
S05407,92.3,21.3,75.2,67.3,8.53,74.6,73.22
S00386,80.4,29.5,95.4,88.7,8.99,74.7,100.0
S09171,86.0,18.3,76.2,62.0,7.09,87.9,69.39
S01266,50.7,16.1,72.2,47.5,7.67,57.4,55.28
S09942,92.1,26.7,87.5,81.0,8.95,100.0,95.61
S04727,82.0,15.7,73.4,91.0,7.34,57.0,77.99
S09042,72.3,8.6,56.2,55.0,6.31,49.7,56.12
S04480,80.3,25.6,72.8,73.0,8.08,61.0,91.48
S05052,63.7,10.5,80.5,61.9,8.94,61.4,61.1
S09402,62.7,14.6,67.6,55.3,7.22,52.6,84.34
S07159,67.2,23.3,63.9,77.0,7.27,60.1,72.35
S00115,100.0,23.6,100.0,90.8,9.94,68.6,100.0
S04590,79.4,4.4,68.2,62.6,,50.0,67.12
S06270,67.3,2.5,62.8,56.5,,53.8,38.86
S04608,70.1,5.2,55.4,63.8,,74.4,65.38
S06221,72.0,12.9,81.9,53.2,7.57,57.4,65.23
S02979,64.5,21.9,64.5,72.6,6.99,64.2,73.79
S00819,62.9,,48.0,30.0,,15.9,52.11
S00788,73.6,4.4,33.0,44.2,4.04,47.1,37.42
S09249,100.0,31.7,86.3,96.7,10.0,80.6,98.72
S04112,75.3,22.0,67.3,75.7,7.47,68.0,75.51
S04532,64.5,6.9,68.7,67.7,8.0,37.7,73.82
S03578,,16.5,82.1,74.6,8.24,59.9,85.08
S07857,74.0,12.6,94.2,69.0,8.66,68.2,76.37
S04051,70.6,15.9,78.6,62.9,8.28,73.5,73.94
S01428,100.0,30.6,90.5,87.2,,94.5,100.0
S03919,70.2,,84.8,83.0,6.2,57.5,64.69
S06180,94.6,17.4,95.8,91.9,8.04,64.8,87.89
S07092,88.4,23.2,86.3,79.5,,68.4,88.58
S05293,66.0,13.9,48.5,56.8,5.29,51.6,54.27
S03030,69.2,6.9,62.4,72.8,6.34,70.8,60.99
S00242,78.6,19.7,85.0,81.6,6.69,65.3,67.33
S08722,71.0,21.7,82.6,62.5,8.67,77.1,73.42
S09373,60.2,3.3,63.7,60.5,6.5,49.4,48.21
S09635,83.0,8.7,87.3,43.3,8.52,74.8,79.8
S01773,98.4,27.1,97.1,94.1,9.89,59.2,91.64
S03205,60.3,11.3,34.1,32.5,,36.0,28.89
S03619,76.0,20.0,85.8,72.7,7.78,67.0,67.65
S07031,73.1,19.7,79.5,88.0,9.22,78.5,82.85
S08699,75.3,13.0,66.5,51.1,6.29,39.6,60.87
S09772,73.1,13.5,58.1,43.6,7.6,46.2,51.71
S01752,95.1,32.6,85.7,76.7,6.34,65.5,79.53
S02006,68.1,20.9,70.1,58.2,7.46,48.9,75.1
S03710,86.5,19.1,,62.7,8.15,65.5,81.99
S03251,48.5,2.0,47.0,39.4,5.65,48.2,39.69
S02301,68.9,6.2,68.8,52.7,7.36,45.1,55.28
S01630,68.6,10.1,47.6,40.6,5.82,43.5,51.25
S08998,86.7,25.9,62.7,83.3,8.18,75.3,85.73
S07430,73.9,17.3,83.7,74.6,8.2,79.3,75.14
S01125,83.6,14.9,72.3,73.6,8.32,,89.09
S05288,59.8,2.8,57.9,,6.22,43.5,53.15
S00315,81.1,20.9,84.8,74.8,9.16,90.9,86.25
S01778,65.5,6.6,59.8,45.8,6.64,43.1,59.03
S03945,53.5,7.4,59.8,40.8,4.8,52.3,47.19
S09124,92.3,27.8,74.8,,8.71,77.8,93.57
S05060,71.6,22.2,50.7,74.6,7.76,48.4,66.03
S01686,73.0,14.2,71.8,64.6,7.78,54.4,70.15
S08104,84.9,24.3,86.4,81.0,6.28,70.3,83.11
S02891,96.5,16.6,59.3,77.0,8.31,68.1,76.29
S03519,77.1,17.0,66.0,61.8,6.96,78.7,69.43
S06290,76.8,13.0,,67.6,8.53,59.6,80.27
S00363,79.2,11.7,79.4,67.1,8.7,71.6,81.44
S03733,61.5,12.4,60.4,62.7,8.1,54.2,63.35
S00631,58.4,2.8,35.8,31.2,4.0,33.2,14.87
S01789,73.9,13.9,77.4,76.1,6.66,72.0,76.41
S05774,76.5,16.5,76.5,65.4,7.53,67.6,84.52
S05751,75.7,7.5,55.8,43.5,7.4,71.1,63.12
S02805,71.9,10.5,42.1,37.5,5.38,25.2,38.78
S03959,81.0,26.2,84.2,82.4,8.56,52.2,81.04
S00120,66.9,12.8,64.9,62.6,8.07,53.7,68.25
S07715,90.5,18.9,53.3,67.7,7.58,60.1,65.46
S01277,89.3,28.2,78.9,78.3,8.46,64.8,98.31
S01063,78.7,25.4,80.4,77.5,8.18,74.7,79.3
S09033,72.6,12.7,84.3,70.7,7.28,65.4,83.11
S00494,76.5,7.8,70.1,45.9,6.58,45.6,61.97
S00444,75.7,31.4,100.0,96.7,,61.1,98.27
S06483,70.1,,84.6,71.6,7.81,,70.64
S07136,62.7,2.0,58.6,54.2,6.52,,43.36
S08212,77.5,20.6,83.6,81.1,8.53,58.1,78.41
S00419,70.5,,50.9,53.5,7.51,56.9,46.08
S07244,66.1,2.7,53.7,47.4,6.39,29.3,36.38
S07549,65.3,2.6,44.5,40.6,5.23,41.8,42.46
S09184,55.3,20.0,59.2,65.2,6.54,62.4,52.39
S08578,40.0,2.0,30.0,30.0,,12.7,17.5
S00930,91.6,17.3,76.9,75.2,6.03,89.2,84.93
S06597,68.5,19.4,80.0,96.2,7.01,,79.81
S08457,88.1,20.8,67.7,63.5,8.04,64.0,82.16
S09645,53.0,6.2,83.3,48.4,9.38,74.3,51.53
S04257,70.0,,80.6,67.4,8.86,68.3,66.99
S04400,80.0,8.0,79.8,42.1,7.47,69.6,72.67
S06163,95.3,24.5,73.9,86.4,7.99,44.5,65.82
S05164,85.5,21.1,60.2,68.6,8.19,58.7,73.57
S05394,70.7,17.9,66.8,66.7,7.47,54.9,63.83
S05564,81.4,12.0,80.4,70.2,8.67,,88.93
S00935,100.0,23.3,77.7,74.6,,86.8,83.38
S07259,65.7,19.3,48.3,58.8,5.77,40.5,55.23
S01946,68.7,,78.0,75.4,6.52,58.5,85.69
S00276,85.6,12.6,65.1,54.8,7.51,45.4,64.64
S05967,,5.3,86.3,62.1,9.02,96.4,57.5
S06259,83.5,16.3,77.9,74.1,6.64,48.7,78.58
S07749,78.1,15.7,53.0,58.2,6.42,48.6,66.67
S06872,64.3,8.5,,38.8,6.04,38.1,29.44
S08073,60.6,20.2,66.1,51.5,6.3,56.4,71.24
S05252,75.6,16.5,53.6,51.4,7.15,53.2,60.35
S08177,81.1,22.4,81.0,78.5,6.41,64.8,76.43
S06146,,23.4,70.6,64.8,7.67,56.4,62.18
S01724,89.4,28.6,86.2,97.3,10.0,81.4,92.95
S04324,82.9,11.8,64.9,64.5,8.44,65.5,80.9
S07859,92.7,2.0,64.9,40.1,,62.8,59.26
S08326,62.8,15.5,66.8,56.5,6.13,61.6,48.98
S09952,57.5,11.1,52.9,44.6,5.3,38.3,42.33
S06393,90.2,38.4,100.0,100.0,10.0,,100.0
S01308,66.7,16.9,65.8,66.0,7.45,74.2,56.24
S08689,76.8,17.3,78.2,70.9,5.89,63.6,72.21
S08528,58.0,2.0,34.6,52.7,4.4,51.9,42.96
S06584,75.8,10.9,87.7,76.2,7.29,72.5,77.89
S03215,87.2,17.1,65.6,75.7,8.48,78.0,82.45
S04909,93.0,21.1,81.2,84.8,6.8,69.7,86.27
S08634,83.5,,77.9,67.0,7.74,46.1,80.17
S05259,65.0,25.1,65.7,86.1,8.34,79.9,73.34
S03162,78.8,20.3,77.3,61.0,9.47,74.1,100.0
S06983,100.0,20.7,83.6,91.2,,69.6,97.79
S03996,78.9,21.4,68.6,68.1,6.19,68.2,72.74
S03096,66.1,9.5,71.1,55.5,7.11,44.6,57.38
S01395,60.3,16.6,55.4,52.7,6.19,56.2,51.01
S01351,85.7,17.5,73.1,88.2,6.15,74.9,67.38
S04754,100.0,21.3,88.6,90.8,9.96,,100.0
S08601,71.1,22.4,64.9,57.3,6.31,53.1,58.93
S09308,81.9,10.4,69.9,73.6,,80.8,61.95
S03154,74.8,26.0,72.1,79.5,8.31,53.2,81.84
S07637,69.5,2.0,64.9,50.2,6.84,55.4,56.79
S01256,72.7,24.9,69.8,74.9,7.81,70.2,77.44
S06141,81.8,13.6,76.8,68.8,6.49,59.0,63.49
S08333,71.7,22.0,82.2,69.5,8.88,58.4,71.28
S06691,85.2,12.8,72.1,63.5,8.32,76.8,74.8
S03886,81.6,25.5,76.5,79.3,6.47,65.3,76.08
S07934,63.1,21.8,62.1,68.0,8.02,52.1,67.81
S08881,85.2,28.9,,91.4,8.03,,74.03
S05725,90.4,19.0,35.5,57.8,5.44,48.4,60.11
S06766,89.5,28.7,86.5,,9.81,82.2,98.6
S03865,59.9,14.3,48.8,65.1,7.1,60.1,63.01
S00584,83.8,12.0,85.5,76.1,6.18,76.6,72.93
S08525,94.3,,81.4,80.1,,64.1,89.06
S01294,78.2,16.0,76.0,76.2,6.67,42.7,77.07
S04024,65.5,4.6,61.6,54.0,8.11,63.1,56.18
S07260,85.7,,,56.2,7.81,67.3,72.3
S05201,78.4,13.0,63.4,42.9,6.15,,55.38
S03776,84.3,19.3,79.3,75.2,8.79,,100.0
S04771,86.5,25.6,82.7,71.1,10.0,74.8,94.33
